-4.4298560,0.3101055,3.7056522,-0.5199391
-4.4245649,0.3180813,3.7134807,-0.5106753
-4.4192177,0.3260566,3.7213092,-0.5015365
-4.4138148,0.3340314,3.7291377,-0.4925223
-4.4083567,0.3420060,3.7369662,-0.4836324
-4.4028438,0.3499804,3.7447947,-0.4748661
-4.3972764,0.3579546,3.7526231,-0.4662230
-4.3916549,0.3659289,3.7604516,-0.4577024
-4.3859799,0.3739032,3.7682801,-0.4493034
-4.3802516,0.3818778,3.7761086,-0.4410253
-4.3744705,0.3898526,3.7839371,-0.4328670
-4.3686369,0.3978279,3.7917656,-0.4248277
-4.3627514,0.4058036,3.7995941,-0.4169063
-4.3568143,0.4137800,3.8074226,-0.4091016
-4.3508260,0.4217571,3.8152510,-0.4014126
-4.3447869,0.4297350,3.8230795,-0.3938379
-4.3386974,0.4377138,3.8309080,-0.3863765
-4.3325580,0.4456936,3.8387365,-0.3790269
-4.3263690,0.4536746,3.8465650,-0.3717879
-4.3201308,0.4616567,3.8543935,-0.3646582
-4.3138439,0.4696402,3.8622220,-0.3576363
-4.3075087,0.4776251,3.8700505,-0.3507208
-4.3011255,0.4856115,3.8778790,-0.3439105
-4.2946948,0.4935996,3.8857074,-0.3372037
-4.2882169,0.5015894,3.8935359,-0.3305991
-4.2816924,0.5095810,3.9013644,-0.3240952
-4.2751215,0.5175745,3.9091929,-0.3176906
-4.2685047,0.5255701,3.9170214,-0.3113837
-4.2618425,0.5335678,3.9248499,-0.3051730
-4.2554379,0.5412077,3.9370568,-0.2967632
-4.2491596,0.5486526,3.9516578,-0.2872894
-4.2428441,0.5560993,3.9662588,-0.2780191
-4.2364925,0.5635475,3.9808599,-0.2689441
-4.2301057,0.5709969,3.9954609,-0.2600563
-4.2236848,0.5784476,4.0100619,-0.2513480
-4.2172309,0.5858992,4.0246629,-0.2428117
-4.2107449,0.5933517,4.0392639,-0.2344400
-4.2042280,0.6008047,4.0538649,-0.2262258
-4.1976811,0.6082583,4.0684659,-0.2181622
-4.1911052,0.6157121,4.0830669,-0.2102424
-4.1845016,0.6231660,4.0976679,-0.2024598
-4.1778710,0.6306199,4.1122689,-0.1948081
-4.1712147,0.6380736,4.1268699,-0.1872810
-4.1645336,0.6455268,4.1414709,-0.1798724
-4.1578287,0.6529794,4.1560719,-0.1725764
-4.1511012,0.6604313,4.1706729,-0.1653872
-4.1443520,0.6678823,4.1852739,-0.1582991
-4.1375821,0.6753322,4.1998749,-0.1513066
-4.1307927,0.6827807,4.2144760,-0.1444042
-4.1239847,0.6902279,4.2290770,-0.1375865
-4.1171592,0.6976734,4.2436780,-0.1308485
-4.1103172,0.7051171,4.2582790,-0.1241848
-4.1034597,0.7125588,4.2728800,-0.1175905
-4.0965879,0.7199983,4.2874810,-0.1110607
-4.0897026,0.7274356,4.3020820,-0.1045903
-4.0828050,0.7348703,4.3166830,-0.0981746
-4.0758961,0.7423024,4.3312840,-0.0918088
-4.0689770,0.7497317,4.3458850,-0.0854882
-4.0620486,0.7571579,4.3604860,-0.0792082
-4.0551197,0.7645727,4.3752911,-0.0730461
-4.0482207,0.7719445,4.3910784,-0.0673112
-4.0413157,0.7793127,4.4068657,-0.0616041
-4.0344057,0.7866771,4.4226530,-0.0559202
-4.0274916,0.7940374,4.4384403,-0.0502552
-4.0205746,0.8013934,4.4542276,-0.0446045
-4.0136557,0.8087448,4.4700149,-0.0389639
-4.0067359,0.8160914,4.4858022,-0.0333288
-3.9998162,0.8234329,4.5015895,-0.0276949
-3.9928976,0.8307690,4.5173768,-0.0220576
-3.9859812,0.8380996,4.5331641,-0.0164126
-3.9790681,0.8454244,4.5489514,-0.0107552
-3.9721591,0.8527432,4.5647387,-0.0050811
-3.9652554,0.8600556,4.5805260,0.0006144
-3.9583580,0.8673614,4.5963133,0.0063360
-3.9514679,0.8746604,4.6121006,0.0120883
-3.9445861,0.8819524,4.6278879,0.0178760
-3.9377137,0.8892370,4.6436752,0.0237039
-3.9308517,0.8965141,4.6594625,0.0295771
-3.9240011,0.9037834,4.6752498,0.0355004
-3.9171629,0.9110447,4.6910371,0.0414790
-3.9103382,0.9182976,4.7068244,0.0475181
-3.9035280,0.9255420,4.7226117,0.0536230
-3.8967334,0.9327776,4.7383990,0.0597991
-3.8899553,0.9400042,4.7541863,0.0660521
-3.8831948,0.9472214,4.7699736,0.0723877
-3.8764529,0.9544291,4.7857609,0.0788117
-3.8697306,0.9616271,4.8015482,0.0853303
-3.8630290,0.9688149,4.8173355,0.0919496
-3.8563491,0.9759925,4.8331228,0.0986762
-3.8496919,0.9831596,4.8489101,0.1055167
-3.8428005,0.9905945,4.8522267,0.1122293
-3.8356788,0.9982957,4.8430659,0.1188195
-3.8285868,1.0059839,4.8339051,0.1255420
-3.8215258,1.0136588,4.8247443,0.1324041
-3.8144966,1.0213201,4.8155835,0.1394131
-3.8075005,1.0289677,4.8064227,0.1465765
-3.8005385,1.0366013,4.7972619,0.1539024
-3.7936116,1.0442205,4.7881011,0.1613990
-3.7867209,1.0518252,4.7789404,0.1690747
-3.7798675,1.0594152,4.7697796,0.1769387
-3.7730525,1.0669901,4.7606188,0.1850002
-3.7662769,1.0745498,4.7514580,0.1932688
-3.7595418,1.0820939,4.7422972,0.2017549
-3.7528483,1.0896223,4.7331364,0.2104689
-3.7461975,1.0971347,4.7239756,0.2194219
-3.7395903,1.1046308,4.7148148,0.2286255
-3.7330280,1.1121104,4.7056540,0.2380917
-3.7265115,1.1195732,4.6964932,0.2478332
-3.7200419,1.1270191,4.6873324,0.2578632
-3.7136203,1.1344477,4.6781716,0.2681955
-3.7072478,1.1418588,4.6690108,0.2788447
-3.7009255,1.1492521,4.6598500,0.2898259
-3.6946543,1.1566275,4.6506892,0.3011550
-3.6884355,1.1639846,4.6415284,0.3128488
-3.6822700,1.1713232,4.6323676,0.3249247
-3.6761589,1.1786432,4.6232068,0.3374011
-3.6701033,1.1859441,4.6140461,0.3502973
-3.6641043,1.1932258,4.6048853,0.3636334
-3.6581269,1.2005323,4.5961618,0.3769182
-3.6514572,1.2087477,4.5966362,0.3795159
-3.6448614,1.2169390,4.5971107,0.3818442
-3.6383377,1.2251074,4.5975851,0.3838916
-3.6318846,1.2332541,4.5980596,0.3856469
-3.6255003,1.2413804,4.5985340,0.3870994
-3.6191833,1.2494874,4.5990084,0.3882389
-3.6129320,1.2575764,4.5994829,0.3890560
-3.6067446,1.2656486,4.5999573,0.3895416
-3.6006195,1.2737052,4.6004317,0.3896876
-3.5945552,1.2817474,4.6009062,0.3894864
-3.5885499,1.2897764,4.6013806,0.3889316
-3.5826021,1.2977935,4.6018550,0.3880172
-3.5767101,1.3057999,4.6023295,0.3867384
-3.5708723,1.3137967,4.6028039,0.3850912
-3.5650870,1.3217852,4.6032783,0.3830728
-3.5593526,1.3297666,4.6037528,0.3806812
-3.5536674,1.3377421,4.6042272,0.3779155
-3.5480299,1.3457130,4.6047017,0.3747759
-3.5424384,1.3536804,4.6051761,0.3712636
-3.5368913,1.3616455,4.6056505,0.3673812
-3.5313869,1.3696097,4.6061250,0.3631319
-3.5259236,1.3775740,4.6065994,0.3585205
-3.5204997,1.3855397,4.6070738,0.3535526
-3.5151137,1.3935081,4.6075483,0.3482348
-3.5097638,1.4014803,4.6080227,0.3425751
-3.5042430,1.4097672,4.6069508,0.3398933
-3.4987504,1.4180724,4.6058223,0.3370137
-3.4932923,1.4263861,4.6046938,0.3338195
-3.4878670,1.4347098,4.6035653,0.3303161
-3.4824730,1.4430450,4.6024368,0.3265094
-3.4771089,1.4513933,4.6013083,0.3224068
-3.4717732,1.4597561,4.6001798,0.3180162
-3.4664643,1.4681351,4.5990513,0.3133465
-3.4611808,1.4765316,4.5979228,0.3084073
-3.4559211,1.4849473,4.5967943,0.3032092
-3.4506838,1.4933836,4.5956658,0.2977634
-3.4454673,1.5018420,4.5945373,0.2920816
-3.4402701,1.5103241,4.5934088,0.2861763
-3.4350908,1.5188315,4.5922803,0.2800605
-3.4299278,1.5273655,4.5911517,0.2737477
-3.4247797,1.5359278,4.5900232,0.2672517
-3.4196448,1.5445198,4.5888947,0.2605868
-3.4145218,1.5531431,4.5877662,0.2537676
-3.4094091,1.5617992,4.5866377,0.2468086
-3.4043052,1.5704896,4.5855092,0.2397249
-3.3992086,1.5792158,4.5843807,0.2325314
-3.3941178,1.5879794,4.5832522,0.2252429
-3.3890314,1.5967818,4.5821237,0.2178746
-3.3839477,1.6056246,4.5809952,0.2104412
-3.3791387,1.6140304,4.5845649,0.2043370
-3.3743771,1.6223915,4.5889394,0.1985415
-3.3696158,1.6307893,4.5933140,0.1928271
-3.3648546,1.6392237,4.5976885,0.1871929
-3.3600929,1.6476947,4.6020630,0.1816381
-3.3553306,1.6562021,4.6064376,0.1761620
-3.3505673,1.6647458,4.6108121,0.1707638
-3.3458026,1.6733257,4.6151866,0.1654426
-3.3410361,1.6819416,4.6195612,0.1601975
-3.3362677,1.6905935,4.6239357,0.1550279
-3.3314968,1.6992812,4.6283102,0.1499328
-3.3267233,1.7080046,4.6326848,0.1449113
-3.3219466,1.7167635,4.6370593,0.1399627
-3.3171666,1.7255580,4.6414338,0.1350861
-3.3123829,1.7343878,4.6458084,0.1302805
-3.3075951,1.7432528,4.6501829,0.1255453
-3.3028028,1.7521529,4.6545574,0.1208794
-3.2980059,1.7610880,4.6589320,0.1162821
-3.2932038,1.7700580,4.6633065,0.1117525
-3.2883963,1.7790628,4.6676810,0.1072898
-3.2835831,1.7881022,4.6720556,0.1028930
-3.2787638,1.7971761,4.6764301,0.0985614
-3.2739380,1.8062844,4.6808046,0.0942941
-3.2691055,1.8154270,4.6851792,0.0900902
-3.2642658,1.8246038,4.6895537,0.0859490
-3.2594663,1.8337242,4.6913322,0.0812263
-3.2550004,1.8422271,4.6745043,0.0719949
-3.2505271,1.8507584,4.6576764,0.0628952
-3.2460457,1.8593178,4.6408485,0.0539258
-3.2415555,1.8679051,4.6240206,0.0450855
-3.2370557,1.8765198,4.6071927,0.0363727
-3.2325455,1.8851618,4.5903648,0.0277863
-3.2280243,1.8938307,4.5735369,0.0193247
-3.2234913,1.9025262,4.5567090,0.0109867
-3.2189458,1.9112481,4.5398811,0.0027708
-3.2143870,1.9199960,4.5230533,-0.0053242
-3.2098142,1.9287696,4.5062254,-0.0132997
-3.2052266,1.9375687,4.4893975,-0.0211570
-3.2006236,1.9463930,4.4725696,-0.0288975
-3.1960043,1.9552422,4.4557417,-0.0365224
-3.1913681,1.9641159,4.4389138,-0.0440330
-3.1867142,1.9730139,4.4220859,-0.0514306
-3.1820419,1.9819358,4.4052580,-0.0587164
-3.1773505,1.9908815,4.3884301,-0.0658917
-3.1726391,1.9998506,4.3716022,-0.0729575
-3.1679071,2.0088427,4.3547743,-0.0799151
-3.1631538,2.0178577,4.3379465,-0.0867656
-3.1583783,2.0268952,4.3211186,-0.0935101
-3.1535800,2.0359549,4.3042907,-0.1001497
-3.1487581,2.0450365,4.2874628,-0.1066855
-3.1439119,2.0541398,4.2706349,-0.1131184
-3.1390407,2.0632644,4.2538070,-0.1194495
-3.1341437,2.0724100,4.2369791,-0.1256798
-3.1292780,2.0814689,4.2213353,-0.1316947
-3.1247112,2.0899445,4.2123245,-0.1369809
-3.1201209,2.0984371,4.2033136,-0.1421991
-3.1155064,2.1069463,4.1943028,-0.1473506
-3.1108674,2.1154718,4.1852919,-0.1524369
-3.1062033,2.1240130,4.1762810,-0.1574591
-3.1015138,2.1325697,4.1672702,-0.1624187
-3.0967983,2.1411415,4.1582593,-0.1673169
-3.0920563,2.1497279,4.1492485,-0.1721547
-3.0872875,2.1583286,4.1402376,-0.1769333
-3.0824914,2.1669432,4.1312267,-0.1816539
-3.0776674,2.1755713,4.1222159,-0.1863173
-3.0728152,2.1842125,4.1132050,-0.1909247
-3.0679343,2.1928664,4.1041942,-0.1954770
-3.0630242,2.2015326,4.0951833,-0.1999750
-3.0580844,2.2102108,4.0861724,-0.2044196
-3.0531145,2.2189005,4.0771616,-0.2088117
-3.0481140,2.2276014,4.0681507,-0.2131519
-3.0430825,2.2363131,4.0591399,-0.2174411
-3.0380195,2.2450351,4.0501290,-0.2216799
-3.0329245,2.2537671,4.0411181,-0.2258690
-3.0277971,2.2625087,4.0321073,-0.2300090
-3.0226368,2.2712595,4.0230964,-0.2341004
-3.0174432,2.2800191,4.0140856,-0.2381439
-3.0122157,2.2887872,4.0050747,-0.2421399
-3.0069540,2.2975633,3.9960638,-0.2460889
-3.0016575,2.3063471,3.9870530,-0.2499914
-2.9963258,2.3151381,3.9780421,-0.2538477
-2.9909585,2.3239360,3.9690313,-0.2576582
-2.9855551,2.3327403,3.9600204,-0.2614233
-2.9801150,2.3415508,3.9510095,-0.2651433
-2.9748997,2.3499469,3.9430411,-0.2681233
-2.9697021,2.3582652,3.9352760,-0.2710143
-2.9644717,2.3665869,3.9275109,-0.2739615
-2.9592085,2.3749107,3.9197458,-0.2769662
-2.9539126,2.3832359,3.9119807,-0.2800299
-2.9485841,2.3915615,3.9042156,-0.2831540
-2.9432231,2.3998864,3.8964504,-0.2863401
-2.9378296,2.4082097,3.8886853,-0.2895896
-2.9324037,2.4165304,3.8809202,-0.2929041
-2.9269456,2.4248476,3.8731551,-0.2962852
-2.9214553,2.4331603,3.8653900,-0.2997345
-2.9159328,2.4414676,3.8576249,-0.3032537
-2.9103784,2.4497684,3.8498598,-0.3068443
-2.9047919,2.4580619,3.8420947,-0.3105081
-2.8991736,2.4663469,3.8343296,-0.3142469
-2.8935236,2.4746227,3.8265645,-0.3180625
-2.8878418,2.4828881,3.8187994,-0.3219565
-2.8821284,2.4911423,3.8110343,-0.3259310
-2.8763835,2.4993842,3.8032692,-0.3299878
-2.8706072,2.5076130,3.7955041,-0.3341288
-2.8647995,2.5158276,3.7877389,-0.3383560
-2.8589605,2.5240271,3.7799738,-0.3426715
-2.8530903,2.5322104,3.7722087,-0.3470772
-2.8471890,2.5403767,3.7644436,-0.3515752
-2.8412567,2.5485250,3.7566785,-0.3561678
-2.8352934,2.5566543,3.7489134,-0.3608570
-2.8292993,2.5647636,3.7411483,-0.3656452
-2.8232744,2.5728520,3.7333832,-0.3705346
-2.8172187,2.5809185,3.7256181,-0.3755275
-2.8111325,2.5889621,3.7178530,-0.3806262
-2.8050158,2.5969819,3.7100879,-0.3858333
-2.7988686,2.6049769,3.7023228,-0.3911511
-2.7926381,2.6130141,3.6940887,-0.3933900
-2.7863536,2.6210544,3.6856462,-0.3943752
-2.7800392,2.6290661,3.6772037,-0.3955353
-2.7736957,2.6370485,3.6687612,-0.3968716
-2.7673237,2.6450003,3.6603187,-0.3983858
-2.7609240,2.6529207,3.6518762,-0.4000797
-2.7544972,2.6608086,3.6434337,-0.4019553
-2.7480442,2.6686630,3.6349912,-0.4040151
-2.7415656,2.6764828,3.6265487,-0.4062615
-2.7350622,2.6842670,3.6181061,-0.4086976
-2.7285346,2.6920147,3.6096636,-0.4113263
-2.7219836,2.6997249,3.6012211,-0.4141512
-2.7154099,2.7073964,3.5927786,-0.4171759
-2.7088142,2.7150282,3.5843361,-0.4204045
-2.7021972,2.7226195,3.5758936,-0.4238413
-2.6955596,2.7301691,3.5674511,-0.4274909
-2.6889022,2.7376760,3.5590086,-0.4313583
-2.6822257,2.7451392,3.5505661,-0.4354487
-2.6755308,2.7525577,3.5421236,-0.4397679
-2.6688182,2.7599305,3.5336811,-0.4443218
-2.6620886,2.7672565,3.5252386,-0.4491169
-2.6553428,2.7745348,3.5167961,-0.4541600
-2.6485814,2.7817642,3.5083536,-0.4594583
-2.6418052,2.7889439,3.4999111,-0.4650194
-2.6350148,2.7960728,3.4914686,-0.4708514
-2.6282111,2.8031498,3.4830261,-0.4769630
-2.6213948,2.8101740,3.4745836,-0.4833632
-2.6145664,2.8171443,3.4661411,-0.4900615
-2.6077269,2.8240598,3.4576986,-0.4970682
-2.6008768,2.8309193,3.4492561,-0.5043939
-2.5940169,2.8377219,3.4408136,-0.5120499
-2.5871479,2.8444666,3.4323711,-0.5200481
-2.5793790,2.8520143,3.4221588,-0.5166429
-2.5715453,2.8595402,3.4118341,-0.5128106
-2.5637062,2.8669879,3.4015094,-0.5092989
-2.5558643,2.8743568,3.3911846,-0.5061099
-2.5480223,2.8816459,3.3808599,-0.5032465
-2.5401830,2.8888543,3.3705351,-0.5007126
-2.5323492,2.8959812,3.3602104,-0.4985128
-2.5245235,2.9030258,3.3498856,-0.4966528
-2.5167086,2.9099872,3.3395609,-0.4951393
-2.5089074,2.9168645,3.3292362,-0.4939801
-2.5011225,2.9236569,3.3189114,-0.4931842
-2.4933566,2.9303635,3.3085867,-0.4927620
-2.4856126,2.9369835,3.2982619,-0.4927253
-2.4778930,2.9435160,3.2879372,-0.4930875
-2.4702007,2.9499601,3.2776124,-0.4938637
-2.4625384,2.9563150,3.2672877,-0.4950710
-2.4549087,2.9625798,3.2569630,-0.4967283
-2.4473145,2.9687538,3.2466382,-0.4988573
-2.4397584,2.9748359,3.2363135,-0.5014818
-2.4322432,2.9808254,3.2259887,-0.5046287
-2.4247716,2.9867214,3.2156640,-0.5083281
-2.4173463,2.9925231,3.2053392,-0.5126135
-2.4099701,2.9982295,3.1950145,-0.5175224
-2.4026457,3.0038399,3.1846898,-0.5230970
-2.3953758,3.0093534,3.1743650,-0.5293843
-2.3881631,3.0147691,3.1640403,-0.5364371
-2.3810104,3.0200861,3.1537155,-0.5443145
-2.3738370,3.0253647,3.1432699,-0.5529574
-2.3643805,3.0322408,3.1293814,-0.5580313
-2.3550414,3.0389395,3.1154929,-0.5621835
-2.3458185,3.0454658,3.1016045,-0.5653167
-2.3367105,3.0518246,3.0877160,-0.5673291
-2.3277161,3.0580209,3.0738275,-0.5681140
-2.3188341,3.0640596,3.0599390,-0.5675600
-2.3100631,3.0699456,3.0460506,-0.5655519
-2.3014019,3.0756838,3.0321621,-0.5619698
-2.2928491,3.0812791,3.0182736,-0.5566905
-2.2844036,3.0867365,3.0043852,-0.5495871
-2.2760640,3.0920608,2.9904967,-0.5405299
-2.2678291,3.0972571,2.9766082,-0.5293866
-2.2596975,3.1023303,2.9627197,-0.5160230
-2.2516680,3.1072851,2.9488313,-0.5003037
-2.2437393,3.1121267,2.9349428,-0.4820928
-2.2359101,3.1168598,2.9210543,-0.4612548
-2.2281791,3.1214895,2.9071658,-0.4376554
-2.2205451,3.1260207,2.8932774,-0.4111626
-2.2130068,3.1304582,2.8793889,-0.3816479
-2.2055628,3.1348070,2.8655004,-0.3489877
-2.1976678,3.1393866,2.8532983,-0.3412876
-2.1888220,3.1444782,2.8443959,-0.3878263
-2.1800837,3.1494624,2.8354936,-0.4337726
-2.1714305,3.1543484,2.8265912,-0.4780937
-2.1628400,3.1591457,2.8176888,-0.5197268
-2.1542898,3.1638636,2.8087865,-0.5576299
-2.1457575,3.1685113,2.7998841,-0.5908357
-2.1372207,3.1730982,2.7909817,-0.6185033
-2.1286572,3.1776337,2.7820794,-0.6399654
-2.1200445,3.1821270,2.7731770,-0.6547632
-2.1113602,3.1865875,2.7642746,-0.6626691
-2.1025819,3.1910245,2.7553723,-0.6636928
-2.0936873,3.1954473,2.7464699,-0.6580722
-2.0846541,3.1998653,2.7375675,-0.6462490
-2.0754597,3.2042878,2.7286652,-0.6288346
-2.0660819,3.2087241,2.7197628,-0.6065669
-2.0564983,3.2131836,2.7108604,-0.5802648
-2.0475514,3.2172824,2.7110170,-0.5654288
-2.0398472,3.2207637,2.7260158,-0.5727214
-2.0319964,3.2242651,2.7410146,-0.5786235
-2.0239970,3.2277849,2.7560134,-0.5832467
-2.0158468,3.2313212,2.7710122,-0.5866934
-2.0075436,3.2348721,2.7860110,-0.5890586
-1.9990853,3.2384358,2.8010098,-0.5904298
-1.9904698,3.2420104,2.8160086,-0.5908882
-1.9816948,3.2455942,2.8310074,-0.5905087
-1.9727582,3.2491853,2.8460062,-0.5893610
-1.9636579,3.2527819,2.8610050,-0.5875094
-1.9543918,3.2563821,2.8760038,-0.5850139
-1.9449576,3.2599841,2.8910026,-0.5819301
-1.9353533,3.2635860,2.9060014,-0.5783094
-1.9255766,3.2671860,2.9210002,-0.5741998
-1.9156255,3.2707823,2.9359990,-0.5696461
-1.9054977,3.2743730,2.9509978,-0.5646896
-1.8951912,3.2779563,2.9659966,-0.5593691
-1.8847037,3.2815304,2.9809954,-0.5537205
-1.8740332,3.2850934,2.9959942,-0.5477772
-1.8631775,3.2886435,3.0109930,-0.5415704
-1.8521344,3.2921788,3.0259918,-0.5351292
-1.8419093,3.2953851,3.0392855,-0.5280632
-1.8333828,3.2980102,3.0494791,-0.5206799
-1.8247519,3.3006234,3.0596728,-0.5140001
-1.8160184,3.3032233,3.0698664,-0.5079770
-1.8071846,3.3058084,3.0800601,-0.5025688
-1.7982523,3.3083773,3.0902537,-0.4977374
-1.7892235,3.3109286,3.1004473,-0.4934489
-1.7801003,3.3134608,3.1106410,-0.4896725
-1.7708845,3.3159724,3.1208346,-0.4863804
-1.7615784,3.3184622,3.1310283,-0.4835475
-1.7521837,3.3209286,3.1412219,-0.4811514
-1.7427026,3.3233702,3.1514155,-0.4791715
-1.7331369,3.3257856,3.1616092,-0.4775896
-1.7234888,3.3281733,3.1718028,-0.4763891
-1.7137602,3.3305319,3.1819965,-0.4755550
-1.7039531,3.3328600,3.1921901,-0.4750739
-1.6940694,3.3351562,3.2023837,-0.4749340
-1.6841113,3.3374190,3.2125774,-0.4751243
-1.6740807,3.3396470,3.2227710,-0.4756355
-1.6639795,3.3418387,3.2329647,-0.4764589
-1.6538098,3.3439928,3.2431583,-0.4775871
-1.6435736,3.3461078,3.2533519,-0.4790134
-1.6332728,3.3481822,3.2635456,-0.4807323
-1.6229096,3.3502147,3.2737392,-0.4827387
-1.6124857,3.3522038,3.2839329,-0.4850284
-1.6020034,3.3541480,3.2941265,-0.4875979
-1.5914645,3.3560461,3.3043201,-0.4904445
-1.5808710,3.3578964,3.3145138,-0.4935657
-1.5702250,3.3596976,3.3247074,-0.4969601
-1.5595284,3.3614482,3.3349011,-0.5006264
-1.5499523,3.3629651,3.3422869,-0.4941687
-1.5403921,3.3644327,3.3495450,-0.4875011
-1.5307958,3.3658594,3.3568030,-0.4810887
-1.5211644,3.3672454,3.3640611,-0.4749238
-1.5114989,3.3685906,3.3713191,-0.4689990
-1.5018004,3.3698952,3.3785772,-0.4633072
-1.4920699,3.3711591,3.3858353,-0.4578419
-1.4823083,3.3723824,3.3930933,-0.4525966
-1.4725168,3.3735651,3.4003514,-0.4475654
-1.4626963,3.3747074,3.4076095,-0.4427423
-1.4528478,3.3758091,3.4148675,-0.4381220
-1.4429724,3.3768705,3.4221256,-0.4336992
-1.4330711,3.3778914,3.4293836,-0.4294690
-1.4231449,3.3788720,3.4366417,-0.4254267
-1.4131948,3.3798123,3.4438998,-0.4215677
-1.4032218,3.3807124,3.4511578,-0.4178879
-1.3932270,3.3815722,3.4584159,-0.4143832
-1.3832114,3.3823918,3.4656739,-0.4110500
-1.3731760,3.3831714,3.4729320,-0.4078845
-1.3631218,3.3839108,3.4801901,-0.4048834
-1.3530498,3.3846102,3.4874481,-0.4020436
-1.3429611,3.3852696,3.4947062,-0.3993620
-1.3328566,3.3858890,3.5019643,-0.3968360
-1.3227374,3.3864685,3.5092223,-0.3944628
-1.3126046,3.3870081,3.5164804,-0.3922400
-1.3024590,3.3875079,3.5237384,-0.3901655
-1.2923019,3.3879679,3.5309965,-0.3882370
-1.2821340,3.3883881,3.5382546,-0.3864527
-1.2719566,3.3887687,3.5455126,-0.3848109
-1.2617706,3.3891095,3.5527707,-0.3833098
-1.2515769,3.3894108,3.5600287,-0.3819481
-1.2413768,3.3896725,3.5672868,-0.3807246
-1.2311710,3.3898946,3.5745449,-0.3796379
-1.2211318,3.3900745,3.5803727,-0.3757648
-1.2111333,3.3902161,3.5858267,-0.3711891
-1.2011315,3.3903206,3.5912808,-0.3666654
-1.1911267,3.3903884,3.5967349,-0.3621930
-1.1811194,3.3904199,3.6021890,-0.3577712
-1.1711099,3.3904156,3.6076431,-0.3533994
-1.1610986,3.3903759,3.6130972,-0.3490768
-1.1510861,3.3903012,3.6185512,-0.3448027
-1.1410726,3.3901919,3.6240053,-0.3405765
-1.1310586,3.3900484,3.6294594,-0.3363973
-1.1210446,3.3898712,3.6349135,-0.3322645
-1.1110309,3.3896607,3.6403676,-0.3281773
-1.1010180,3.3894172,3.6458217,-0.3241349
-1.0910062,3.3891413,3.6512757,-0.3201366
-1.0809960,3.3888332,3.6567298,-0.3161817
-1.0709878,3.3884936,3.6621839,-0.3122693
-1.0609820,3.3881226,3.6676380,-0.3083987
-1.0509791,3.3877209,3.6730921,-0.3045691
-1.0409793,3.3872887,3.6785462,-0.3007798
-1.0309832,3.3868265,3.6840003,-0.2970298
-1.0209912,3.3863348,3.6894543,-0.2933184
-1.0110037,3.3858139,3.6949084,-0.2896448
-1.0010210,3.3852642,3.7003625,-0.2860083
-0.9910437,3.3846863,3.7058166,-0.2824079
-0.9810721,3.3840804,3.7112707,-0.2788429
-0.9711066,3.3834470,3.7167248,-0.2753124
-0.9611477,3.3827866,3.7221788,-0.2718157
-0.9511957,3.3820995,3.7276329,-0.2683518
-0.9412511,3.3813862,3.7330870,-0.2649201
-0.9313143,3.3806470,3.7385411,-0.2615196
-0.9213857,3.3798825,3.7439952,-0.2581494
-0.9114657,3.3790930,3.7494493,-0.2548088
-0.9015548,3.3782789,3.7549033,-0.2514970
-0.8916533,3.3774406,3.7603574,-0.2482129
-0.8816330,3.3765672,3.7654760,-0.2479855
-0.8716104,3.3756684,3.7705630,-0.2480179
-0.8615976,3.3747453,3.7756499,-0.2480214
-0.8515942,3.3737979,3.7807368,-0.2479959
-0.8416000,3.3728263,3.7858237,-0.2479414
-0.8316148,3.3718304,3.7909106,-0.2478579
-0.8216384,3.3708103,3.7959975,-0.2477452
-0.8116704,3.3697661,3.8010845,-0.2476035
-0.8017106,3.3686978,3.8061714,-0.2474326
-0.7917588,3.3676054,3.8112583,-0.2472326
-0.7818148,3.3664889,3.8163452,-0.2470035
-0.7718783,3.3653484,3.8214321,-0.2467452
-0.7619490,3.3641838,3.8265190,-0.2464580
-0.7520267,3.3629954,3.8316060,-0.2461417
-0.7421112,3.3617829,3.8366929,-0.2457966
-0.7322022,3.3605466,3.8417798,-0.2454225
-0.7222994,3.3592865,3.8468667,-0.2450197
-0.7124026,3.3580024,3.8519536,-0.2445883
-0.7025117,3.3566946,3.8570406,-0.2441282
-0.6926262,3.3553630,3.8621275,-0.2436398
-0.6827460,3.3540077,3.8672144,-0.2431231
-0.6728709,3.3526286,3.8723013,-0.2425782
-0.6630005,3.3512259,3.8773882,-0.2420054
-0.6531347,3.3497995,3.8824751,-0.2414047
-0.6432732,3.3483495,3.8875621,-0.2407764
-0.6334157,3.3468760,3.8926490,-0.2401207
-0.6235620,3.3453788,3.8977359,-0.2394378
-0.6137119,3.3438582,3.9028228,-0.2387278
-0.6038650,3.3423141,3.9079097,-0.2379911
-0.5940213,3.3407465,3.9129966,-0.2372278
-0.5841803,3.3391555,3.9180836,-0.2364383
-0.5743419,3.3375411,3.9231705,-0.2356227
-0.5645058,3.3359034,3.9282574,-0.2347813
-0.5546755,3.3342429,3.9363837,-0.2322786
-0.5448507,3.3325600,3.9474278,-0.2282029
-0.5350277,3.3308544,3.9584719,-0.2241323
-0.5252067,3.3291265,3.9695160,-0.2200670
-0.5153876,3.3273767,3.9805601,-0.2160071
-0.5055704,3.3256055,3.9916043,-0.2119528
-0.4957550,3.3238131,4.0026484,-0.2079042
-0.4859414,3.3220000,4.0136925,-0.2038614
-0.4761297,3.3201666,4.0247366,-0.1998245
-0.4663198,3.3183132,4.0357808,-0.1957935
-0.4565117,3.3164404,4.0468249,-0.1917687
-0.4467054,3.3145484,4.0578690,-0.1877499
-0.4369008,3.3126377,4.0689131,-0.1837372
-0.4270980,3.3107086,4.0799573,-0.1797307
-0.4172970,3.3087616,4.0910014,-0.1757304
-0.4074976,3.3067970,4.1020455,-0.1717363
-0.3976999,3.3048153,4.1130896,-0.1677483
-0.3879039,3.3028168,4.1241338,-0.1637664
-0.3781096,3.3008020,4.1351779,-0.1597907
-0.3683170,3.2987711,4.1462220,-0.1558210
-0.3585259,3.2967247,4.1572661,-0.1518573
-0.3487365,3.2946631,4.1683103,-0.1478996
-0.3389487,3.2925867,4.1793544,-0.1439477
-0.3291625,3.2904959,4.1903985,-0.1400015
-0.3193778,3.2883911,4.2014426,-0.1360610
-0.3095947,3.2862727,4.2124868,-0.1321261
-0.2998131,3.2841410,4.2235309,-0.1281966
-0.2900331,3.2819966,4.2345750,-0.1242725
-0.2802545,3.2798397,4.2456191,-0.1203535
-0.2704775,3.2776708,4.2566633,-0.1164396
-0.2607019,3.2754903,4.2677074,-0.1125306
-0.2509278,3.2732985,4.2787515,-0.1086263
-0.2411551,3.2710958,4.2897956,-0.1047266
-0.2313862,3.2688833,4.3011167,-0.1009078
-0.2216452,3.2666667,4.3155273,-0.0979463
-0.2119055,3.2644404,4.3299378,-0.0949876
-0.2021673,3.2622047,4.3443484,-0.0920317
-0.1924303,3.2599598,4.3587589,-0.0890784
-0.1826947,3.2577061,4.3731695,-0.0861277
-0.1729604,3.2554440,4.3875801,-0.0831795
-0.1632274,3.2531735,4.4019906,-0.0802336
-0.1534957,3.2508952,4.4164012,-0.0772901
-0.1437652,3.2486092,4.4308118,-0.0743487
-0.1340360,3.2463159,4.4452223,-0.0714094
-0.1243079,3.2440155,4.4596329,-0.0684720
-0.1145811,3.2417084,4.4740434,-0.0655365
-0.1048555,3.2393948,4.4884540,-0.0626028
-0.0951310,3.2370751,4.5028646,-0.0596707
-0.0854076,3.2347495,4.5172751,-0.0567402
-0.0756854,3.2324183,4.5316857,-0.0538110
-0.0659643,3.2300819,4.5460963,-0.0508831
-0.0562443,3.2277406,4.5605068,-0.0479564
-0.0465254,3.2253945,4.5749174,-0.0450307
-0.0368075,3.2230441,4.5893279,-0.0421060
-0.0270907,3.2206896,4.6037385,-0.0391820
-0.0173749,3.2183313,4.6181491,-0.0362587
-0.0076601,3.2159695,4.6325596,-0.0333359
0.0020538,3.2136045,4.6469702,-0.0304135
0.0117666,3.2112367,4.6613807,-0.0274914
0.0214785,3.2088662,4.6757913,-0.0245694
0.0311895,3.2064935,4.6902019,-0.0216474
0.0408996,3.2041187,4.7046124,-0.0187252
0.0506088,3.2017422,4.7190230,-0.0158028
0.0603171,3.1993643,4.7334336,-0.0128799
0.0700246,3.1969854,4.7478441,-0.0099565
0.0797312,3.1946055,4.7622547,-0.0070324
0.0894370,3.1922252,4.7766652,-0.0041075
0.0991543,3.1898416,4.7860489,-0.0027623
0.1088806,3.1874555,4.7914077,-0.0026825
0.1186061,3.1850693,4.7967665,-0.0026027
0.1283307,3.1826831,4.8021253,-0.0025229
0.1380544,3.1802969,4.8074841,-0.0024431
0.1477772,3.1779106,4.8128429,-0.0023634
0.1574989,3.1755243,4.8182017,-0.0022836
0.1672196,3.1731381,4.8235605,-0.0022038
0.1769392,3.1707519,4.8289193,-0.0021240
0.1866577,3.1683657,4.8342781,-0.0020442
0.1963750,3.1659796,4.8396368,-0.0019644
0.2060912,3.1635936,4.8449956,-0.0018846
0.2158062,3.1612077,4.8503544,-0.0018048
0.2255199,3.1588220,4.8557132,-0.0017249
0.2352323,3.1564363,4.8610720,-0.0016450
0.2449434,3.1540509,4.8664308,-0.0015651
0.2546531,3.1516656,4.8717896,-0.0014851
0.2643615,3.1492804,4.8771484,-0.0014052
0.2740684,3.1468955,4.8825072,-0.0013251
0.2837738,3.1445109,4.8878660,-0.0012451
0.2934777,3.1421264,4.8932248,-0.0011650
0.3031801,3.1397422,4.8985835,-0.0010849
0.3128809,3.1373583,4.9039423,-0.0010047
0.3225801,3.1349747,4.9093011,-0.0009244
0.3322776,3.1325914,4.9146599,-0.0008441
0.3419735,3.1302084,4.9200187,-0.0007638
0.3516676,3.1278258,4.9253775,-0.0006834
0.3613600,3.1254436,4.9307363,-0.0006029
0.3710505,3.1230617,4.9360951,-0.0005224
0.3807393,3.1206802,4.9414539,-0.0004418
0.3904262,3.1182991,4.9468127,-0.0003611
0.4001111,3.1159185,4.9521715,-0.0002804
0.4097942,3.1135383,4.9575303,-0.0001996
0.4194817,3.1111570,4.9607216,-0.0003225
0.4292224,3.1087625,4.9454268,-0.0021849
0.4389609,3.1063684,4.9301319,-0.0040493
0.4486974,3.1039743,4.9148371,-0.0059156
0.4584316,3.1015802,4.8995423,-0.0077839
0.4681636,3.0991858,4.8842474,-0.0096543
0.4778933,3.0967910,4.8689526,-0.0115267
0.4876206,3.0943956,4.8536577,-0.0134011
0.4973455,3.0919994,4.8383629,-0.0152776
0.5070680,3.0896022,4.8230681,-0.0171561
0.5167879,3.0872039,4.8077732,-0.0190368
0.5265053,3.0848043,4.7924784,-0.0209195
0.5362200,3.0824031,4.7771835,-0.0228044
0.5459321,3.0800002,4.7618887,-0.0246914
0.5556414,3.0775955,4.7465939,-0.0265806
0.5653479,3.0751887,4.7312990,-0.0284719
0.5750516,3.0727797,4.7160042,-0.0303654
0.5847524,3.0703683,4.7007093,-0.0322611
0.5944503,3.0679543,4.6854145,-0.0341590
0.6041451,3.0655376,4.6701197,-0.0360592
0.6138370,3.0631179,4.6548248,-0.0379616
0.6235257,3.0606950,4.6395300,-0.0398662
0.6332112,3.0582689,4.6242351,-0.0417731
0.6428936,3.0558392,4.6089403,-0.0436822
0.6525726,3.0534059,4.5936455,-0.0455937
0.6622484,3.0509688,4.5783506,-0.0475074
0.6719208,3.0485276,4.5630558,-0.0494234
0.6815898,3.0460822,4.5477609,-0.0513417
0.6912553,3.0436324,4.5324661,-0.0532623
0.7009172,3.0411781,4.5171713,-0.0551853
0.7105756,3.0387190,4.5018764,-0.0571106
0.7202304,3.0362550,4.4865816,-0.0590382
0.7298814,3.0337859,4.4712867,-0.0609681
0.7395287,3.0313115,4.4559919,-0.0629004
0.7492383,3.0288145,4.4431143,-0.0675326
0.7589542,3.0263090,4.4306099,-0.0725876
0.7686658,3.0237970,4.4181055,-0.0776494
0.7783732,3.0212780,4.4056011,-0.0827180
0.7880761,3.0187516,4.3930967,-0.0877936
0.7977744,3.0162173,4.3805924,-0.0928762
0.8074680,3.0136746,4.3680880,-0.0979658
0.8171566,3.0111230,4.3555836,-0.1030625
0.8268401,3.0085620,4.3430792,-0.1081664
0.8365184,3.0059913,4.3305748,-0.1132775
0.8461913,3.0034102,4.3180704,-0.1183958
0.8558587,3.0008182,4.3055660,-0.1235212
0.8655204,2.9982151,4.2930616,-0.1286539
0.8751763,2.9956001,4.2805572,-0.1337937
0.8848261,2.9929729,4.2680528,-0.1389406
0.8944698,2.9903330,4.2555484,-0.1440945
0.9041072,2.9876799,4.2430440,-0.1492555
0.9137381,2.9850131,4.2305396,-0.1544233
0.9233624,2.9823322,4.2180352,-0.1595979
0.9329799,2.9796366,4.2055308,-0.1647792
0.9425906,2.9769258,4.1930264,-0.1699670
0.9521941,2.9741995,4.1805221,-0.1751612
0.9617904,2.9714571,4.1680177,-0.1803615
0.9713793,2.9686981,4.1555133,-0.1855677
0.9809607,2.9659221,4.1430089,-0.1907797
0.9905343,2.9631285,4.1305045,-0.1959972
1.0001002,2.9603169,4.1180001,-0.2012198
1.0096580,2.9574869,4.1054957,-0.2064474
1.0192076,2.9546378,4.0929913,-0.2116795
1.0287490,2.9517694,4.0804869,-0.2169158
1.0382819,2.9488810,4.0679825,-0.2221560
1.0478061,2.9459721,4.0554781,-0.2273996
1.0573216,2.9430424,4.0429737,-0.2326463
1.0668972,2.9400699,4.0339385,-0.2361051
1.0764721,2.9370726,4.0253381,-0.2393478
1.0860377,2.9340530,4.0167377,-0.2425992
1.0955936,2.9310110,4.0081374,-0.2458591
1.1051396,2.9279460,3.9995370,-0.2491276
1.1146757,2.9248580,3.9909366,-0.2524045
1.1242017,2.9217467,3.9823363,-0.2556897
1.1337172,2.9186117,3.9737359,-0.2589833
1.1432223,2.9154529,3.9651356,-0.2622850
1.1527166,2.9122699,3.9565352,-0.2655948
1.1622000,2.9090624,3.9479348,-0.2689126
1.1716723,2.9058303,3.9393345,-0.2722380
1.1811333,2.9025732,3.9307341,-0.2755712
1.1905829,2.8992909,3.9221337,-0.2789117
1.2000209,2.8959831,3.9135334,-0.2822596
1.2094470,2.8926496,3.9049330,-0.2856145
1.2188611,2.8892900,3.8963327,-0.2889763
1.2282630,2.8859041,3.8877323,-0.2923447
1.2376525,2.8824917,3.8791319,-0.2957195
1.2470295,2.8790525,3.8705316,-0.2991005
1.2563937,2.8755861,3.8619312,-0.3024873
1.2657450,2.8720924,3.8533308,-0.3058798
1.2750832,2.8685710,3.8447305,-0.3092775
1.2844081,2.8650218,3.8361301,-0.3126802
1.2937196,2.8614444,3.8275298,-0.3160875
1.3030173,2.8578386,3.8189294,-0.3194991
1.3123013,2.8542040,3.8103290,-0.3229147
1.3215712,2.8505405,3.8017287,-0.3263338
1.3308269,2.8468478,3.7931283,-0.3297561
1.3400682,2.8431256,3.7845279,-0.3331811
1.3492949,2.8393736,3.7759276,-0.3366084
1.3585068,2.8355915,3.7673272,-0.3400376
1.3677163,2.8317740,3.7587988,-0.3432104
1.3769680,2.8279017,3.7506023,-0.3451997
1.3862041,2.8239984,3.7424058,-0.3471961
1.3954245,2.8200637,3.7342092,-0.3491995
1.4046290,2.8160978,3.7260127,-0.3512098
1.4138174,2.8121003,3.7178162,-0.3532266
1.4229894,2.8080713,3.7096196,-0.3552498
1.4321451,2.8040106,3.7014231,-0.3572793
1.4412841,2.7999181,3.6932266,-0.3593147
1.4504062,2.7957936,3.6850300,-0.3613559
1.4595113,2.7916371,3.6768335,-0.3634026
1.4685992,2.7874485,3.6686370,-0.3654547
1.4776697,2.7832276,3.6604404,-0.3675119
1.4867227,2.7789743,3.6522439,-0.3695738
1.4957578,2.7746886,3.6440474,-0.3716404
1.5047751,2.7703702,3.6358508,-0.3737113
1.5137741,2.7660191,3.6276543,-0.3757862
1.5227549,2.7616352,3.6194578,-0.3778649
1.5317172,2.7572183,3.6112612,-0.3799471
1.5406608,2.7527683,3.6030647,-0.3820324
1.5495855,2.7482852,3.5948682,-0.3841207
1.5584911,2.7437688,3.5866716,-0.3862115
1.5673775,2.7392190,3.5784751,-0.3883047
1.5762445,2.7346356,3.5702786,-0.3903997
1.5850919,2.7300187,3.5620820,-0.3924964
1.5939195,2.7253679,3.5538855,-0.3945944
1.6027271,2.7206834,3.5456889,-0.3966933
1.6115145,2.7159648,3.5374924,-0.3987928
1.6202816,2.7112121,3.5292959,-0.4008925
1.6290281,2.7064253,3.5210993,-0.4029920
1.6377539,2.7016041,3.5129028,-0.4050910
1.6464588,2.6967485,3.5047063,-0.4071891
1.6551426,2.6918583,3.4965097,-0.4092859
1.6638434,2.6869117,3.4876474,-0.4115731
1.6725375,2.6819212,3.4785196,-0.4139532
1.6812096,2.6768955,3.4693918,-0.4163525
1.6898592,2.6718345,3.4602640,-0.4187707
1.6984860,2.6667381,3.4511362,-0.4212077
1.7070898,2.6616062,3.4420084,-0.4236631
1.7156702,2.6564387,3.4328806,-0.4261368
1.7242269,2.6512357,3.4237528,-0.4286286
1.7327595,2.6459969,3.4146250,-0.4311381
1.7412679,2.6407224,3.4054972,-0.4336651
1.7497516,2.6354120,3.3963694,-0.4362093
1.7582104,2.6300657,3.3872416,-0.4387703
1.7666439,2.6246834,3.3781138,-0.4413480
1.7750518,2.6192650,3.3689860,-0.4439420
1.7834339,2.6138105,3.3598582,-0.4465518
1.7917897,2.6083198,3.3507304,-0.4491773
1.8001190,2.6027928,3.3416026,-0.4518179
1.8084215,2.5972294,3.3324747,-0.4544734
1.8166969,2.5916296,3.3233469,-0.4571433
1.8249448,2.5859933,3.3142191,-0.4598272
1.8331649,2.5803204,3.3050913,-0.4625247
1.8413569,2.5746108,3.2959635,-0.4652353
1.8495206,2.5688646,3.2868357,-0.4679586
1.8576555,2.5630814,3.2777079,-0.4706942
1.8657614,2.5572615,3.2685801,-0.4734414
1.8738380,2.5514045,3.2594523,-0.4761999
1.8818850,2.5455105,3.2503245,-0.4789690
1.8899019,2.5395795,3.2411967,-0.4817482
1.8978886,2.5336112,3.2320689,-0.4845370
1.9058447,2.5276057,3.2229411,-0.4873348
1.9137699,2.5215629,3.2138133,-0.4901410
1.9216639,2.5154826,3.2046855,-0.4929549
1.9295919,2.5093137,3.1946150,-0.4950439
1.9375669,2.5030440,3.1833960,-0.4963561
1.9455077,2.4967361,3.1721769,-0.4978249
1.9534136,2.4903906,3.1609579,-0.4994514
1.9612838,2.4840081,3.1497389,-0.5012366
1.9691173,2.4775890,3.1385198,-0.5031818
1.9769135,2.4711339,3.1273008,-0.5052882
1.9846714,2.4646434,3.1160818,-0.5075575
1.9923902,2.4581179,3.1048627,-0.5099911
2.0000692,2.4515580,3.0936437,-0.5125910
2.0077073,2.4449642,3.0824246,-0.5153590
2.0153040,2.4383370,3.0712056,-0.5182972
2.0228582,2.4316771,3.0599866,-0.5214077
2.0303691,2.4249849,3.0487675,-0.5246930
2.0378361,2.4182610,3.0375485,-0.5281555
2.0452581,2.4115059,3.0263295,-0.5317979
2.0526344,2.4047201,3.0151104,-0.5356230
2.0599641,2.3979041,3.0038914,-0.5396337
2.0672465,2.3910586,2.9926724,-0.5438331
2.0744806,2.3841840,2.9814533,-0.5482246
2.0816657,2.3772808,2.9702343,-0.5528116
2.0888009,2.3703497,2.9590152,-0.5575976
2.0958854,2.3633911,2.9477962,-0.5625865
2.1029183,2.3564056,2.9365772,-0.5677821
2.1098989,2.3493937,2.9253581,-0.5731887
2.1168263,2.3423559,2.9141391,-0.5788104
2.1236996,2.3352928,2.9029201,-0.5846519
2.1305181,2.3282049,2.8917010,-0.5907176
2.1372808,2.3210927,2.8804820,-0.5970124
2.1439871,2.3139568,2.8692630,-0.6035415
2.1506359,2.3067977,2.8580439,-0.6103099
2.1572266,2.2996160,2.8468249,-0.6173231
2.1641719,2.2919530,2.8316394,-0.6264041
2.1711688,2.2841310,2.8152937,-0.6363943
2.1780939,2.2762845,2.7989480,-0.6467889
2.1849459,2.2684144,2.7826023,-0.6576001
2.1917233,2.2605214,2.7662566,-0.6688406
2.1984247,2.2526062,2.7499110,-0.6805239
2.2050488,2.2446696,2.7335653,-0.6926636
2.2115941,2.2367124,2.7172196,-0.7052742
2.2180593,2.2287354,2.7008739,-0.7183704
2.2244431,2.2207392,2.6845282,-0.7319676
2.2307440,2.2127247,2.6681826,-0.7460817
2.2369606,2.2046926,2.6518369,-0.7607292
2.2430915,2.1966437,2.6354912,-0.7759270
2.2491355,2.1885787,2.6191455,-0.7916925
2.2550910,2.1804984,2.6027998,-0.8080438
2.2609567,2.1724036,2.5864541,-0.8249994
2.2667312,2.1642949,2.5701085,-0.8425780
2.2724132,2.1561732,2.5537628,-0.8607992
2.2780012,2.1480393,2.5374171,-0.8796826
2.2834939,2.1398938,2.5210714,-0.8992485
2.2888898,2.1317376,2.5047257,-0.9195172
2.2941877,2.1235714,2.4883800,-0.9405095
2.2993860,2.1153959,2.4720344,-0.9622464
2.3044835,2.1072120,2.4556887,-0.9847488
2.3094787,2.0990204,2.4393430,-1.0080380
2.3143703,2.0908218,2.4229973,-1.0321350
2.3191569,2.0826170,2.4066516,-1.0570605
2.3238370,2.0744068,2.3903059,-1.0828353
2.3284094,2.0661918,2.3739603,-1.1094794
2.3333156,2.0571460,2.3499507,-1.1187091
2.3385124,2.0472842,2.3183943,-1.1109071
2.3435527,2.0374264,2.2868378,-1.1041655
2.3484373,2.0275787,2.2552814,-1.0985313
2.3531674,2.0177472,2.2237249,-1.0940557
2.3577440,2.0079380,2.1921685,-1.0907954
2.3621680,1.9981571,2.1606121,-1.0888126
2.3664405,1.9884107,2.1290556,-1.0881770
2.3705625,1.9787049,2.0974992,-1.0889662
2.3745351,1.9690456,2.0659427,-1.0912677
2.3783591,1.9594389,2.0343863,-1.0951801
2.3820357,1.9498911,2.0028298,-1.1008149
2.3855659,1.9404080,1.9712734,-1.1082988
2.3889507,1.9309959,1.9397170,-1.1177758
2.3921911,1.9216608,1.9081605,-1.1294106
2.3952881,1.9124087,1.8766041,-1.1433912
2.3982428,1.9032458,1.8450476,-1.1599337
2.4010560,1.8941781,1.8134912,-1.1792865
2.4037290,1.8852117,1.7819347,-1.2017361
2.4062627,1.8763527,1.7503783,-1.2276144
2.4086580,1.8676071,1.7188219,-1.2573063
2.4109161,1.8589811,1.6872654,-1.2912604
2.4130379,1.8504808,1.6557090,-1.3300011
2.4150244,1.8421121,1.6241525,-1.3741435
2.4169688,1.8334600,1.5969118,-1.4206522
2.4194709,1.8214916,1.6060825,-1.4337783
2.4216993,1.8098312,1.6152533,-1.4376354
2.4236730,1.7984706,1.6244240,-1.4308789
2.4254111,1.7874020,1.6335948,-1.4120994
2.4269328,1.7766173,1.6427655,-1.3798270
2.4282571,1.7661085,1.6519363,-1.3325343
2.4294032,1.7558677,1.6611070,-1.2686388
2.4303901,1.7458867,1.6702778,-1.1865046
2.4312369,1.7361578,1.6794485,-1.0844438
2.4319628,1.7266727,1.6886193,-0.9607189
2.4325869,1.7174236,1.6977900,-0.8135480
2.4331282,1.7084024,1.7069608,-0.6411163
2.4336059,1.6996012,1.7161316,-0.4415962
2.4340390,1.6910118,1.7253023,-0.2131832
2.4344467,1.6826265,1.7344731,0.0458474
2.4348481,1.6744370,1.7436438,0.3370550
2.4353376,1.6650006,1.7443617,0.3817414
2.4358826,1.6551876,1.7414782,0.2955704
2.4364448,1.6455617,1.7385948,0.1925540
2.4370173,1.6360599,1.7357113,0.0774636
2.4375931,1.6266194,1.7328278,-0.0434391
2.4381651,1.6171773,1.7299444,-0.1631172
2.4387262,1.6076707,1.7270609,-0.2746446
2.4392695,1.5980368,1.7241775,-0.3720728
2.4397879,1.5882126,1.7212940,-0.4510950
2.4402744,1.5781353,1.7184105,-0.5093867
2.4407220,1.5677421,1.7155271,-0.5465960
2.4411235,1.5569701,1.7126436,-0.5640450
2.4414720,1.5457563,1.7097601,-0.5642570
2.4417018,1.5366845,1.7090380,-0.6113981
2.4418636,1.5286421,1.7093876,-0.6771903
2.4419843,1.5203675,1.7097373,-0.7331868
2.4420561,1.5118621,1.7100869,-0.7808803
2.4420711,1.5031274,1.7104365,-0.8214951
2.4420213,1.4941648,1.7107862,-0.8560403
2.4418989,1.4849758,1.7111358,-0.8853514
2.4416960,1.4755618,1.7114855,-0.9101230
2.4414046,1.4659243,1.7118351,-0.9309355
2.4410168,1.4560647,1.7121847,-0.9482755
2.4405249,1.4459844,1.7125344,-0.9625524
2.4399208,1.4356850,1.7128840,-0.9741126
2.4391966,1.4251679,1.7132337,-0.9832498
2.4383445,1.4144344,1.7135833,-0.9902145
2.4373566,1.4034862,1.7139329,-0.9952210
2.4362249,1.3923245,1.7142826,-0.9984534
2.4349416,1.3809509,1.7146322,-1.0000709
2.4334987,1.3693668,1.7149819,-1.0002119
2.4318884,1.3575737,1.7153315,-0.9989971
2.4301900,1.3461371,1.7156126,-0.9943665
2.4288009,1.3373945,1.7155488,-0.9795667
2.4273165,1.3285504,1.7154850,-0.9667583
2.4257354,1.3196092,1.7154212,-0.9557812
2.4240564,1.3105753,1.7153574,-0.9464951
2.4222784,1.3014532,1.7152936,-0.9387766
2.4203999,1.2922471,1.7152298,-0.9325174
2.4184200,1.2829615,1.7151660,-0.9276220
2.4163372,1.2736007,1.7151022,-0.9240063
2.4141503,1.2641691,1.7150384,-0.9215961
2.4118581,1.2546712,1.7149746,-0.9203256
2.4094594,1.2451113,1.7149108,-0.9201370
2.4069529,1.2354937,1.7148470,-0.9209789
2.4043373,1.2258230,1.7147831,-0.9228059
2.4016115,1.2161033,1.7147193,-0.9255779
2.3987742,1.2063392,1.7146555,-0.9292591
2.3958242,1.1965350,1.7145917,-0.9338181
2.3927602,1.1866952,1.7145279,-0.9392267
2.3895809,1.1768240,1.7144641,-0.9454600
2.3862852,1.1669258,1.7144003,-0.9524958
2.3828717,1.1570051,1.7143365,-0.9603141
2.3793394,1.1470663,1.7142727,-0.9688970
2.3756868,1.1371136,1.7142089,-0.9782283
2.3719128,1.1271516,1.7141451,-0.9882931
2.3680161,1.1171845,1.7140813,-0.9990777
2.3639956,1.1072168,1.7140175,-1.0105691
2.3598499,1.0972529,1.7139537,-1.0227550
2.3555896,1.0873243,1.7138918,-1.0348765
2.3516994,1.0785150,1.7139078,-1.0172268
2.3477102,1.0697164,1.7139238,-1.0001044
2.3436234,1.0609295,1.7139398,-0.9835019
2.3394401,1.0521552,1.7139558,-0.9674117
2.3351616,1.0433945,1.7139719,-0.9518260
2.3307890,1.0346483,1.7139879,-0.9367365
2.3263236,1.0259176,1.7140039,-0.9221350
2.3217665,1.0172033,1.7140199,-0.9080131
2.3171191,1.0085064,1.7140359,-0.8943623
2.3123825,0.9998279,1.7140519,-0.8811743
2.3075579,0.9911687,1.7140680,-0.8684405
2.3026465,0.9825297,1.7140840,-0.8561524
2.2976495,0.9739119,1.7141000,-0.8443019
2.2925682,0.9653162,1.7141160,-0.8328807
2.2874038,0.9567437,1.7141320,-0.8218807
2.2821574,0.9481953,1.7141480,-0.8112940
2.2768304,0.9396718,1.7141641,-0.8011129
2.2714238,0.9311743,1.7141801,-0.7913298
2.2659389,0.9227038,1.7141961,-0.7819373
2.2603770,0.9142611,1.7142121,-0.7729284
2.2547392,0.9058473,1.7142281,-0.7642961
2.2490267,0.8974632,1.7142441,-0.7560339
2.2432408,0.8891099,1.7142602,-0.7481352
2.2373826,0.8807883,1.7142762,-0.7405941
2.2314534,0.8724993,1.7142922,-0.7334045
2.2254544,0.8642439,1.7143082,-0.7265610
2.2193868,0.8560231,1.7143242,-0.7200582
2.2132519,0.8478378,1.7143402,-0.7138911
2.2070507,0.8396889,1.7143562,-0.7080549
2.2007846,0.8315774,1.7143723,-0.7025452
2.1945363,0.8236076,1.7225719,-0.6963162
2.1883588,0.8158404,1.7438819,-0.6885942
2.1821237,0.8081098,1.7651918,-0.6809841
2.1758318,0.8004160,1.7865017,-0.6734869
2.1694840,0.7927589,1.8078117,-0.6661034
2.1630811,0.7851389,1.8291216,-0.6588341
2.1566241,0.7775559,1.8504315,-0.6516797
2.1501139,0.7700102,1.8717415,-0.6446404
2.1435512,0.7625018,1.8930514,-0.6377167
2.1369370,0.7550310,1.9143613,-0.6309086
2.1302722,0.7475978,1.9356713,-0.6242162
2.1235576,0.7402024,1.9569812,-0.6176396
2.1167941,0.7328449,1.9782911,-0.6111787
2.1099826,0.7255254,1.9996011,-0.6048334
2.1031240,0.7182441,2.0209110,-0.5986034
2.0962191,0.7110011,2.0422210,-0.5924885
2.0892689,0.7037965,2.0635309,-0.5864883
2.0822741,0.6966305,2.0848408,-0.5806024
2.0752357,0.6895031,2.1061508,-0.5748305
2.0681546,0.6824146,2.1274607,-0.5691720
2.0610316,0.6753651,2.1487706,-0.5636265
2.0538676,0.6683547,2.1700806,-0.5581934
2.0466635,0.6613835,2.1913905,-0.5528722
2.0394201,0.6544516,2.2127004,-0.5476622
2.0321384,0.6475593,2.2340104,-0.5425629
2.0248192,0.6407065,2.2553203,-0.5375736
2.0174634,0.6338935,2.2766302,-0.5326937
2.0100719,0.6271204,2.2979402,-0.5279226
2.0026455,0.6203874,2.3192501,-0.5232596
1.9951851,0.6136944,2.3405600,-0.5187041
1.9876916,0.6070418,2.3618700,-0.5142555
1.9801660,0.6004296,2.3831799,-0.5099130
1.9726018,0.5938518,2.4011021,-0.5042851
1.9650036,0.5873115,2.4174814,-0.4980133
1.9573752,0.5808112,2.4338607,-0.4917117
1.9497169,0.5743503,2.4502401,-0.4853826
1.9420293,0.5679284,2.4666194,-0.4790284
1.9343130,0.5615451,2.4829987,-0.4726512
1.9265683,0.5551999,2.4993780,-0.4662531
1.9187959,0.5488924,2.5157574,-0.4598360
1.9109962,0.5426220,2.5321367,-0.4534020
1.9031697,0.5363883,2.5485160,-0.4469528
1.8953169,0.5301909,2.5648953,-0.4404902
1.8874384,0.5240293,2.5812747,-0.4340159
1.8795346,0.5179031,2.5976540,-0.4275314
1.8716061,0.5118117,2.6140333,-0.4210382
1.8636533,0.5057548,2.6304126,-0.4145379
1.8556767,0.4997318,2.6467920,-0.4080316
1.8476769,0.4937424,2.6631713,-0.4015207
1.8396544,0.4877860,2.6795506,-0.3950063
1.8316096,0.4818622,2.6959299,-0.3884896
1.8235431,0.4759705,2.7123092,-0.3819716
1.8154554,0.4701106,2.7286886,-0.3754532
1.8073469,0.4642818,2.7450679,-0.3689353
1.7992183,0.4584838,2.7614472,-0.3624187
1.7910699,0.4527161,2.7778265,-0.3559041
1.7829022,0.4469783,2.7942059,-0.3493923
1.7747159,0.4412699,2.8105852,-0.3428837
1.7665114,0.4355904,2.8269645,-0.3363790
1.7582892,0.4299393,2.8433438,-0.3298786
1.7500498,0.4243163,2.8597232,-0.3233828
1.7417937,0.4187208,2.8761025,-0.3168921
1.7335214,0.4131525,2.8924818,-0.3104066
1.7252316,0.4076096,2.9089006,-0.3039407
1.7168754,0.4020589,2.9264754,-0.2978909
1.7085042,0.3965343,2.9440502,-0.2918392
1.7001185,0.3910352,2.9616250,-0.2857858
1.6917187,0.3855613,2.9791998,-0.2797312
1.6833053,0.3801120,2.9967747,-0.2736758
1.6748786,0.3746870,3.0143495,-0.2676197
1.6664391,0.3692856,3.0319243,-0.2615632
1.6579872,0.3639075,3.0494991,-0.2555065
1.6495234,0.3585521,3.0670739,-0.2494498
1.6410480,0.3532191,3.0846487,-0.2433930
1.6325616,0.3479079,3.1022235,-0.2373363
1.6240645,0.3426181,3.1197983,-0.2312797
1.6155572,0.3373492,3.1373732,-0.2252231
1.6070400,0.3321007,3.1549480,-0.2191665
1.5985135,0.3268723,3.1725228,-0.2131098
1.5899781,0.3216633,3.1900976,-0.2070527
1.5814341,0.3164734,3.2076724,-0.2009952
1.5728820,0.3113021,3.2252472,-0.1949371
1.5643222,0.3061488,3.2428220,-0.1888779
1.5557553,0.3010132,3.2603969,-0.1828176
1.5471815,0.2958948,3.2779717,-0.1767557
1.5386013,0.2907931,3.2955465,-0.1706919
1.5300152,0.2857077,3.3131213,-0.1646258
1.5214236,0.2806380,3.3306961,-0.1585571
1.5128268,0.2755836,3.3482709,-0.1524852
1.5042254,0.2705440,3.3658457,-0.1464097
1.4956198,0.2655189,3.3834206,-0.1403301
1.4870104,0.2605076,3.4009954,-0.1342459
1.4783975,0.2555098,3.4185702,-0.1281566
1.4697818,0.2505249,3.4361450,-0.1220614
1.4611635,0.2455526,3.4537198,-0.1159600
1.4524779,0.2405548,3.4723643,-0.1099733
1.4437434,0.2355417,3.4917843,-0.1040655
1.4350076,0.2305400,3.5112043,-0.0981475
1.4262707,0.2255492,3.5306244,-0.0922190
1.4175332,0.2205687,3.5500444,-0.0862795
1.4087955,0.2155982,3.5694644,-0.0803288
1.4000579,0.2106370,3.5888844,-0.0743663
1.3913208,0.2056848,3.6083045,-0.0683918
1.3825845,0.2007410,3.6277245,-0.0624048
1.3738495,0.1958051,3.6471445,-0.0564048
1.3651162,0.1908766,3.6665645,-0.0503915
1.3563848,0.1859551,3.6859845,-0.0443643
1.3476558,0.1810400,3.7054046,-0.0383228
1.3389295,0.1761309,3.7248246,-0.0322665
1.3302064,0.1712273,3.7442446,-0.0261949
1.3214867,0.1663286,3.7636646,-0.0201076
1.3127709,0.1614344,3.7830846,-0.0140039
1.3040594,0.1565442,3.8025047,-0.0078834
1.2953524,0.1516574,3.8219247,-0.0017456
1.2866505,0.1467737,3.8413447,0.0044100
1.2779539,0.1418925,3.8607647,0.0105841
1.2692631,0.1370133,3.8801848,0.0167771
1.2605783,0.1321356,3.8996048,0.0229895
1.2519001,0.1272589,3.9190248,0.0292220
1.2432287,0.1223828,3.9384448,0.0354750
1.2345646,0.1175067,3.9578648,0.0417490
1.2259080,0.1126302,3.9772849,0.0480447
1.2172595,0.1077527,3.9967049,0.0543625
1.2086193,0.1028738,4.0161249,0.0607030
1.1999878,0.0979930,4.0355449,0.0670667
1.1913655,0.0931098,4.0549649,0.0734542
1.1826519,0.0881664,4.0615961,0.0794801
1.1738596,0.0831692,4.0569350,0.0851897
1.1650780,0.0781679,4.0522739,0.0909240
1.1563075,0.0731623,4.0476128,0.0966836
1.1475485,0.0681520,4.0429518,0.1024692
1.1388013,0.0631363,4.0382907,0.1082815
1.1300663,0.0581151,4.0336296,0.1141211
1.1213440,0.0530877,4.0289686,0.1199885
1.1126346,0.0480538,4.0243075,0.1258845
1.1039387,0.0430130,4.0196464,0.1318097
1.0952566,0.0379648,4.0149853,0.1377645
1.0865887,0.0329088,4.0103243,0.1437497
1.0779354,0.0278446,4.0056632,0.1497658
1.0692970,0.0227717,4.0010021,0.1558133
1.0606740,0.0176897,3.9963410,0.1618927
1.0520667,0.0125982,3.9916800,0.1680047
1.0434756,0.0074967,3.9870189,0.1741496
1.0349009,0.0023849,3.9823578,0.1803280
1.0263432,-0.0027377,3.9776967,0.1865404
1.0178028,-0.0078716,3.9730357,0.1927871
1.0092801,-0.0130172,3.9683746,0.1990685
1.0007755,-0.0181749,3.9637135,0.2053852
0.9922894,-0.0233450,3.9590524,0.2117373
0.9838221,-0.0285282,3.9543914,0.2181253
0.9753741,-0.0337247,3.9497303,0.2245495
0.9669457,-0.0389351,3.9450692,0.2310101
0.9585373,-0.0441596,3.9404081,0.2375073
0.9501494,-0.0493989,3.9357471,0.2440414
0.9417822,-0.0546533,3.9310860,0.2506125
0.9334363,-0.0599232,3.9264249,0.2572207
0.9250724,-0.0652342,3.9215716,0.2635317
0.9165100,-0.0707031,3.9156417,0.2680093
0.9079714,-0.0761896,3.9097118,0.2725273
0.8994570,-0.0816938,3.9037819,0.2770863
0.8909671,-0.0872161,3.8978520,0.2816867
0.8825022,-0.0927565,3.8919222,0.2863293
0.8740626,-0.0983153,3.8859923,0.2910143
0.8656488,-0.1038927,3.8800624,0.2957424
0.8572611,-0.1094888,3.8741325,0.3005141
0.8489000,-0.1151039,3.8682026,0.3053298
0.8405657,-0.1207382,3.8622728,0.3101899
0.8322588,-0.1263918,3.8563429,0.3150950
0.8239796,-0.1320650,3.8504130,0.3200454
0.8157285,-0.1377580,3.8444831,0.3250416
0.8075059,-0.1434708,3.8385532,0.3300839
0.7993122,-0.1492039,3.8326234,0.3351727
0.7911479,-0.1549572,3.8266935,0.3403083
0.7830132,-0.1607311,3.8207636,0.3454912
0.7749085,-0.1665257,3.8148337,0.3507214
0.7668344,-0.1723413,3.8089038,0.3559994
0.7587911,-0.1781779,3.8029740,0.3613253
0.7507791,-0.1840359,3.7970441,0.3666994
0.7427988,-0.1899154,3.7911142,0.3721218
0.7348505,-0.1958166,3.7851843,0.3775927
0.7269347,-0.2017397,3.7792544,0.3831122
0.7190517,-0.2076849,3.7733246,0.3886803
0.7112019,-0.2136524,3.7673947,0.3942972
0.7033858,-0.2196424,3.7614648,0.3999627
0.6956038,-0.2256551,3.7555349,0.4056769
0.6878561,-0.2316906,3.7496050,0.4114397
0.6799365,-0.2379123,3.7509188,0.4131225
0.6719639,-0.2442298,3.7553953,0.4130031
0.6640289,-0.2505718,3.7598719,0.4128759
0.6561315,-0.2569383,3.7643484,0.4127410
0.6482717,-0.2633289,3.7688250,0.4125986
0.6404493,-0.2697434,3.7733015,0.4124489
0.6326645,-0.2761817,3.7777781,0.4122921
0.6249171,-0.2826435,3.7822546,0.4121284
0.6172071,-0.2891286,3.7867312,0.4119581
0.6095345,-0.2956368,3.7912077,0.4117812
0.6018993,-0.3021679,3.7956843,0.4115981
0.5943013,-0.3087216,3.8001609,0.4114089
0.5867406,-0.3152978,3.8046374,0.4112138
0.5792171,-0.3218962,3.8091140,0.4110130
0.5717309,-0.3285166,3.8135905,0.4108068
0.5642818,-0.3351588,3.8180671,0.4105954
0.5568698,-0.3418226,3.8225436,0.4103789
0.5494949,-0.3485078,3.8270202,0.4101576
0.5421570,-0.3552141,3.8314967,0.4099317
0.5348562,-0.3619414,3.8359733,0.4097013
0.5275924,-0.3686894,3.8404498,0.4094668
0.5203655,-0.3754579,3.8449264,0.4092283
0.5131755,-0.3822467,3.8494029,0.4089860
0.5060224,-0.3890555,3.8538795,0.4087401
0.4989061,-0.3958843,3.8583561,0.4084909
0.4918266,-0.4027326,3.8628326,0.4082386
0.4847839,-0.4096005,3.8673092,0.4079833
0.4777779,-0.4164875,3.8717857,0.4077253
0.4707327,-0.4234690,3.8760900,0.4072340
0.4635752,-0.4306200,3.8800528,0.4062356
0.4564562,-0.4377911,3.8840156,0.4051646
0.4493755,-0.4449823,3.8879784,0.4040213
0.4423326,-0.4521937,3.8919411,0.4028062
0.4353272,-0.4594251,3.8959039,0.4015196
0.4283588,-0.4666767,3.8998667,0.4001620
0.4214271,-0.4739484,3.9038295,0.3987340
0.4145318,-0.4812403,3.9077923,0.3972362
0.4076724,-0.4885523,3.9117550,0.3956690
0.4008485,-0.4958844,3.9157178,0.3940332
0.3940598,-0.5032367,3.9196806,0.3923294
0.3873059,-0.5106091,3.9236434,0.3905584
0.3805865,-0.5180016,3.9276061,0.3887209
0.3739011,-0.5254144,3.9315689,0.3868177
0.3672493,-0.5328473,3.9355317,0.3848496
0.3606309,-0.5403003,3.9394945,0.3828174
0.3540453,-0.5477735,3.9434573,0.3807221
0.3474923,-0.5552669,3.9474200,0.3785646
0.3409714,-0.5627805,3.9513828,0.3763457
0.3344823,-0.5703142,3.9553456,0.3740666
0.3280246,-0.5778681,3.9593084,0.3717281
0.3215978,-0.5854422,3.9632711,0.3693314
0.3152018,-0.5930365,3.9672339,0.3668774
0.3088359,-0.6006510,3.9711967,0.3643673
0.3025000,-0.6082856,3.9751595,0.3618021
0.2961935,-0.6159405,3.9791223,0.3591830
0.2899162,-0.6236155,3.9830850,0.3565111
0.2837019,-0.6312685,3.9887089,0.3609698
0.2775208,-0.6389362,3.9945834,0.3663283
0.2713673,-0.6466262,4.0004579,0.3714869
0.2652411,-0.6543399,4.0063323,0.3764385
0.2591417,-0.6620786,4.0122068,0.3811765
0.2530688,-0.6698435,4.0180813,0.3856946
0.2470219,-0.6776359,4.0239557,0.3899869
0.2410008,-0.6854571,4.0298302,0.3940480
0.2350050,-0.6933084,4.0357047,0.3978729
0.2290342,-0.7011911,4.0415792,0.4014570
0.2230879,-0.7091066,4.0474536,0.4047962
0.2171658,-0.7170560,4.0533281,0.4078870
0.2112675,-0.7250407,4.0592026,0.4107263
0.2053926,-0.7330619,4.0650770,0.4133115
0.1995408,-0.7411210,4.0709515,0.4156405
0.1937117,-0.7492193,4.0768260,0.4177118
0.1879048,-0.7573580,4.0827005,0.4195242
0.1821198,-0.7655384,4.0885749,0.4210774
0.1763564,-0.7737619,4.0944494,0.4223713
0.1706140,-0.7820297,4.1003239,0.4234064
0.1648925,-0.7903431,4.1061983,0.4241837
0.1591913,-0.7987033,4.1120728,0.4247048
0.1535101,-0.8071118,4.1179473,0.4249715
0.1478486,-0.8155697,4.1238218,0.4249865
0.1422063,-0.8240785,4.1296962,0.4247526
0.1365828,-0.8326392,4.1355707,0.4242733
0.1309778,-0.8412534,4.1414452,0.4235523
0.1255012,-0.8497502,4.1484383,0.4208219
0.1204151,-0.8577129,4.1592298,0.4119936
0.1153430,-0.8657223,4.1700214,0.4031847
0.1102843,-0.8737786,4.1808129,0.3944010
0.1052383,-0.8818821,4.1916044,0.3856483
0.1002045,-0.8900330,4.2023960,0.3769318
0.0951820,-0.8982316,4.2131875,0.3682568
0.0901704,-0.9064780,4.2239790,0.3596281
0.0851690,-0.9147726,4.2347705,0.3510506
0.0801770,-0.9231156,4.2455621,0.3425286
0.0751939,-0.9315072,4.2563536,0.3340666
0.0702190,-0.9399477,4.2671451,0.3256684
0.0652517,-0.9484373,4.2779367,0.3173380
0.0602912,-0.9569762,4.2887282,0.3090791
0.0553371,-0.9655647,4.2995197,0.3008949
0.0503885,-0.9742031,4.3103113,0.2927888
0.0454449,-0.9828915,4.3211028,0.2847638
0.0405056,-0.9916303,4.3318943,0.2768226
0.0355700,-1.0004196,4.3426858,0.2689680
0.0306374,-1.0092597,4.3534774,0.2612023
0.0257072,-1.0181508,4.3642689,0.2535278
0.0207786,-1.0270933,4.3750604,0.2459465
0.0158512,-1.0360872,4.3858520,0.2384605
0.0109242,-1.0451330,4.3966435,0.2310714
0.0059969,-1.0542307,4.4074350,0.2237807
0.0010688,-1.0633807,4.4182266,0.2165900
-0.0038608,-1.0725833,4.4290181,0.2095005
-0.0087926,-1.0818385,4.4398096,0.2025133
-0.0137273,-1.0911467,4.4506011,0.1956294
-0.0186654,-1.1005082,4.4613927,0.1888496
-0.0236076,-1.1099231,4.4721842,0.1821747
-0.0280381,-1.1184008,4.4589802,0.1698631
-0.0324479,-1.1268726,4.4446252,0.1575773
-0.0368625,-1.1353847,4.4302702,0.1455816
-0.0412821,-1.1439358,4.4159152,0.1338607
-0.0457071,-1.1525246,4.4015602,0.1223999
-0.0501381,-1.1611500,4.3872051,0.1111851
-0.0545754,-1.1698108,4.3728501,0.1002028
-0.0590194,-1.1785056,4.3584951,0.0894400
-0.0634707,-1.1872333,4.3441401,0.0788842
-0.0679295,-1.1959927,4.3297851,0.0685233
-0.0723964,-1.2047825,4.3154300,0.0583458
-0.0768717,-1.2136015,4.3010750,0.0483405
-0.0813559,-1.2224484,4.2867200,0.0384967
-0.0858494,-1.2313222,4.2723650,0.0288039
-0.0903526,-1.2402215,4.2580100,0.0192521
-0.0948660,-1.2491451,4.2436549,0.0098318
-0.0993899,-1.2580918,4.2292999,0.0005333
-0.1039248,-1.2670603,4.2149449,-0.0086523
-0.1084712,-1.2760495,4.2005899,-0.0177338
-0.1130294,-1.2850582,4.1862349,-0.0267198
-0.1175998,-1.2940850,4.1718799,-0.0356186
-0.1221830,-1.3031288,4.1575248,-0.0444382
-0.1267793,-1.3121883,4.1431698,-0.0531866
-0.1313891,-1.3212624,4.1288148,-0.0618714
-0.1360129,-1.3303498,4.1144598,-0.0705001
-0.1406511,-1.3394493,4.1001048,-0.0790800
-0.1453041,-1.3485596,4.0857497,-0.0876181
-0.1499723,-1.3576795,4.0713947,-0.0961216
-0.1546562,-1.3668079,4.0570397,-0.1045972
-0.1593562,-1.3759434,4.0426847,-0.1130517
-0.1640727,-1.3850850,4.0283297,-0.1214916
-0.1688061,-1.3942312,4.0139746,-0.1299235
-0.1735569,-1.4033810,3.9996196,-0.1383537
-0.1783255,-1.4125330,3.9852646,-0.1467885
-0.1829736,-1.4214215,3.9762767,-0.1521805
-0.1876336,-1.4302998,3.9674937,-0.1574878
-0.1923110,-1.4391770,3.9587108,-0.1628311
-0.1970057,-1.4480520,3.9499278,-0.1682143
-0.2017180,-1.4569238,3.9411449,-0.1736416
-0.2064478,-1.4657913,3.9323619,-0.1791166
-0.2111953,-1.4746535,3.9235790,-0.1846436
-0.2159605,-1.4835092,3.9147960,-0.1902264
-0.2207436,-1.4923575,3.9060131,-0.1958691
-0.2255446,-1.5011973,3.8972301,-0.2015758
-0.2303636,-1.5100275,3.8884472,-0.2073505
-0.2352007,-1.5188471,3.8796642,-0.2131974
-0.2400560,-1.5276550,3.8708813,-0.2191207
-0.2449296,-1.5364501,3.8620983,-0.2251247
-0.2498215,-1.5452315,3.8533154,-0.2312136
-0.2547319,-1.5539979,3.8445325,-0.2373919
-0.2596609,-1.5627485,3.8357495,-0.2436641
-0.2646084,-1.5714821,3.8269666,-0.2500345
-0.2695747,-1.5801976,3.8181836,-0.2565079
-0.2745597,-1.5888941,3.8094007,-0.2630890
-0.2795637,-1.5975704,3.8006177,-0.2697825
-0.2845866,-1.6062254,3.7918348,-0.2765933
-0.2896285,-1.6148583,3.7830518,-0.2835264
-0.2946896,-1.6234678,3.7742689,-0.2905869
-0.2997700,-1.6320529,3.7654859,-0.2977801
-0.3048696,-1.6406126,3.7567030,-0.3051111
-0.3099887,-1.6491458,3.7479200,-0.3125855
-0.3151273,-1.6576514,3.7391371,-0.3202089
-0.3202854,-1.6661284,3.7303541,-0.3279869
-0.3254632,-1.6745758,3.7215712,-0.3359254
-0.3306607,-1.6829924,3.7127883,-0.3440303
-0.3358781,-1.6913772,3.7040053,-0.3523078
-0.3411155,-1.6997292,3.6952224,-0.3607641
-0.3463728,-1.7080473,3.6864394,-0.3694058
-0.3516502,-1.7163304,3.6776565,-0.3782393
-0.3574817,-1.7254051,3.6688009,-0.3785404
-0.3633822,-1.7345051,3.6599391,-0.3784968
-0.3693036,-1.7435559,3.6510772,-0.3788796
-0.3752439,-1.7525548,3.6422154,-0.3796958
-0.3812010,-1.7614995,3.6333535,-0.3809538
-0.3871728,-1.7703874,3.6244916,-0.3826643
-0.3931573,-1.7792159,3.6156298,-0.3848398
-0.3991525,-1.7879826,3.6067679,-0.3874947
-0.4051562,-1.7966850,3.5979061,-0.3906458
-0.4111664,-1.8053204,3.5890442,-0.3943123
-0.4171811,-1.8138864,3.5801824,-0.3985159
-0.4231983,-1.8223806,3.5713205,-0.4032811
-0.4292158,-1.8308002,3.5624587,-0.4086355
-0.4352316,-1.8391430,3.5535968,-0.4146100
-0.4412436,-1.8474062,3.5447350,-0.4212391
-0.4472498,-1.8555875,3.5358731,-0.4285614
-0.4532482,-1.8636842,3.5270113,-0.4366197
-0.4592367,-1.8716939,3.5181494,-0.4454620
-0.4652132,-1.8796141,3.5092876,-0.4551416
-0.4711757,-1.8874422,3.5004257,-0.4657178
-0.4771221,-1.8951758,3.4915639,-0.4772566
-0.4830503,-1.9028122,3.4827020,-0.4898318
-0.4889584,-1.9103490,3.4738402,-0.5035256
-0.4948443,-1.9177837,3.4649783,-0.5184296
-0.5007058,-1.9251137,3.4561165,-0.5346463
-0.5065410,-1.9323366,3.4472546,-0.5522906
-0.5123478,-1.9394498,3.4383928,-0.5714908
-0.5181241,-1.9464507,3.4295309,-0.5923913
-0.5238679,-1.9533370,3.4206690,-0.6151543
-0.5295771,-1.9601060,3.4118072,-0.6399626
-0.5352498,-1.9667552,3.4029453,-0.6670223
-0.5417504,-1.9742794,3.3931147,-0.6892782
-0.5499325,-1.9836036,3.3813245,-0.6973233
-0.5580242,-1.9926673,3.3695342,-0.7047870
-0.5660227,-2.0014751,3.3577439,-0.7115838
-0.5739248,-2.0100317,3.3459537,-0.7176171
-0.5817274,-2.0183416,3.3341634,-0.7227781
-0.5894276,-2.0264096,3.3223731,-0.7269438
-0.5970222,-2.0342404,3.3105829,-0.7299744
-0.6045082,-2.0418385,3.2987926,-0.7317109
-0.6118825,-2.0492087,3.2870024,-0.7319719
-0.6191420,-2.0563556,3.2752121,-0.7305496
-0.6262838,-2.0632838,3.2634218,-0.7272055
-0.6333048,-2.0699981,3.2516316,-0.7216648
-0.6402018,-2.0765030,3.2398413,-0.7136099
-0.6469719,-2.0828032,3.2280511,-0.7026724
-0.6536119,-2.0889034,3.2162608,-0.6884238
-0.6601189,-2.0948083,3.2044705,-0.6703638
-0.6664897,-2.1005225,3.1926803,-0.6479061
-0.6727214,-2.1060506,3.1808900,-0.6203611
-0.6788108,-2.1113973,3.1690998,-0.5869145
-0.6847548,-2.1165673,3.1573095,-0.5466014
-0.6905505,-2.1215652,3.1455192,-0.4982734
-0.6987702,-2.1285880,3.1295006,-0.4609378
-0.7073199,-2.1358185,3.1124021,-0.4076944
-0.7155588,-2.1427233,3.0953036,-0.3298473
-0.7235260,-2.1493535,3.0782051,-0.2264740
-0.7312607,-2.1557602,3.0611066,-0.0987619
-0.7388020,-2.1619944,3.0440081,0.0495884
-0.7461892,-2.1681072,3.0269096,0.2122970
-0.7534614,-2.1741496,3.0098111,0.3808869
-0.7606577,-2.1801727,2.9927126,0.5455287
-0.7678174,-2.1862276,2.9756141,0.6962313
-0.7749797,-2.1923653,2.9585156,0.8241454
-0.7821837,-2.1986370,2.9414171,0.9226939
-0.7894686,-2.2050936,2.9243186,0.9882829
-0.7965704,-2.2115095,2.9068223,0.9613241
-0.8025587,-2.2170108,2.8877094,0.6971952
-0.8086605,-2.2226813,2.8685965,0.4593502
-0.8148906,-2.2285163,2.8494836,0.2464895
-0.8212639,-2.2345111,2.8303707,0.0571370
-0.8277952,-2.2406608,2.8112578,-0.1102719
-0.8344995,-2.2469607,2.7921449,-0.2573263
-0.8413915,-2.2534061,2.7730319,-0.3855965
-0.8484862,-2.2599923,2.7539190,-0.4966045
-0.8557983,-2.2667145,2.7348061,-0.5918060
-0.8633429,-2.2735679,2.7156932,-0.6725806
-0.8711347,-2.2805478,2.6965803,-0.7402269
-0.8791885,-2.2876496,2.6774674,-0.7959620
-0.8875194,-2.2948683,2.6583545,-0.8409227
-0.8961420,-2.3021993,2.6392415,-0.8761688
-0.9050714,-2.3096379,2.6201286,-0.9026863
-0.9143223,-2.3171793,2.6010157,-0.9213918
-0.9236591,-2.3246214,2.5815145,-0.9317361
-0.9304410,-2.3299219,2.5576693,-0.9245341
-0.9373856,-2.3352603,2.5338241,-0.9191937
-0.9444904,-2.3406307,2.5099789,-0.9155585
-0.9517531,-2.3460272,2.4861336,-0.9134957
-0.9591713,-2.3514439,2.4622884,-0.9128927
-0.9667425,-2.3568749,2.4384432,-0.9136535
-0.9744645,-2.3623144,2.4145979,-0.9156965
-0.9823348,-2.3677565,2.3907527,-0.9189520
-0.9903510,-2.3731952,2.3669075,-0.9233606
-0.9985107,-2.3786248,2.3430623,-0.9288718
-1.0068116,-2.3840393,2.3192170,-0.9354422
-1.0152512,-2.3894328,2.2953718,-0.9430351
-1.0238272,-2.3947994,2.2715266,-0.9516193
-1.0325371,-2.4001334,2.2476813,-0.9611679
-1.0413786,-2.4054287,2.2238361,-0.9716582
-1.0503492,-2.4106795,2.1999909,-0.9830707
-1.0594467,-2.4158800,2.1761457,-0.9953887
-1.0686686,-2.4210242,2.1523004,-1.0085973
-1.0780124,-2.4261063,2.1284552,-1.0226838
-1.0874759,-2.4311203,2.1046100,-1.0376364
-1.0970566,-2.4360604,2.0807647,-1.0534440
-1.1067521,-2.4409208,2.0569195,-1.0700960
-1.1165601,-2.4456954,2.0330743,-1.0875815
-1.1264782,-2.4503786,2.0092291,-1.1058893
-1.1362568,-2.4548530,1.9932047,-1.1161880
-1.1449251,-2.4587021,2.0151469,-1.0844138
-1.1536692,-2.4624775,2.0370890,-1.0533386
-1.1624875,-2.4661801,2.0590311,-1.0229662
-1.1713784,-2.4698111,2.0809732,-0.9932974
-1.1803404,-2.4733716,2.1029153,-0.9643305
-1.1893720,-2.4768626,2.1248575,-0.9360616
-1.1984716,-2.4802852,2.1467996,-0.9084847
-1.2076377,-2.4836406,2.1687417,-0.8815919
-1.2168687,-2.4869298,2.1906838,-0.8553740
-1.2261632,-2.4901538,2.2126260,-0.8298202
-1.2355196,-2.4933138,2.2345681,-0.8049186
-1.2449363,-2.4964109,2.2565102,-0.7806565
-1.2544118,-2.4994461,2.2784523,-0.7570200
-1.2639446,-2.5024205,2.3003944,-0.7339947
-1.2735331,-2.5053352,2.3223366,-0.7115656
-1.2831758,-2.5081913,2.3442787,-0.6897173
-1.2928712,-2.5109899,2.3662208,-0.6684339
-1.3026177,-2.5137320,2.3881629,-0.6476993
-1.3124138,-2.5164188,2.4101050,-0.6274972
-1.3222579,-2.5190512,2.4320472,-0.6078112
-1.3321485,-2.5216305,2.4539893,-0.5886248
-1.3420841,-2.5241577,2.4759314,-0.5699215
-1.3520632,-2.5266338,2.4978735,-0.5516849
-1.3620841,-2.5290600,2.5198156,-0.5338986
-1.3721454,-2.5314373,2.5417578,-0.5165463
-1.3822455,-2.5337668,2.5636999,-0.4996119
-1.3923829,-2.5360496,2.5856420,-0.4830795
-1.4025560,-2.5382869,2.6075841,-0.4669333
-1.4127007,-2.5404663,2.6287623,-0.4523173
-1.4222023,-2.5424622,2.6417294,-0.4503484
-1.4317319,-2.5444205,2.6546966,-0.4484164
-1.4412893,-2.5463411,2.6676637,-0.4465207
-1.4508741,-2.5482237,2.6806308,-0.4446610
-1.4604862,-2.5500684,2.6935980,-0.4428365
-1.4701254,-2.5518749,2.7065651,-0.4410469
-1.4797913,-2.5536431,2.7195323,-0.4392916
-1.4894837,-2.5553730,2.7324994,-0.4375701
-1.4992025,-2.5570643,2.7454666,-0.4358819
-1.5089473,-2.5587170,2.7584337,-0.4342266
-1.5187179,-2.5603309,2.7714009,-0.4326036
-1.5285141,-2.5619059,2.7843680,-0.4310125
-1.5383356,-2.5634419,2.7973351,-0.4294529
-1.5481823,-2.5649388,2.8103023,-0.4279242
-1.5580537,-2.5663963,2.8232694,-0.4264260
-1.5679498,-2.5678145,2.8362366,-0.4249579
-1.5778703,-2.5691931,2.8492037,-0.4235195
-1.5878148,-2.5705320,2.8621709,-0.4221103
-1.5977833,-2.5718312,2.8751380,-0.4207298
-1.6077754,-2.5730905,2.8881052,-0.4193778
-1.6177909,-2.5743097,2.9010723,-0.4180537
-1.6278296,-2.5754887,2.9140394,-0.4167571
-1.6378912,-2.5766275,2.9270066,-0.4154877
-1.6479754,-2.5777258,2.9399737,-0.4142450
-1.6580821,-2.5787836,2.9529409,-0.4130287
-1.6682110,-2.5798007,2.9659080,-0.4118384
-1.6783619,-2.5807770,2.9788752,-0.4106736
-1.6885345,-2.5817124,2.9918423,-0.4095341
-1.6987285,-2.5826067,3.0048095,-0.4084195
-1.7089438,-2.5834599,3.0177766,-0.4073293
-1.7191800,-2.5842717,3.0307437,-0.4062633
-1.7290416,-2.5850132,3.0408490,-0.4047655
-1.7387847,-2.5857068,3.0499616,-0.4031365
-1.7485459,-2.5863631,3.0590741,-0.4015343
-1.7583252,-2.5869819,3.0681867,-0.3999587
-1.7681223,-2.5875634,3.0772993,-0.3984095
-1.7779370,-2.5881073,3.0864118,-0.3968863
-1.7877690,-2.5886137,3.0955244,-0.3953888
-1.7976182,-2.5890825,3.1046369,-0.3939167
-1.8074843,-2.5895137,3.1137495,-0.3924698
-1.8173671,-2.5899072,3.1228620,-0.3910478
-1.8272664,-2.5902630,3.1319746,-0.3896505
-1.8371821,-2.5905810,3.1410871,-0.3882775
-1.8471137,-2.5908613,3.1501997,-0.3869286
-1.8570613,-2.5911037,3.1593122,-0.3856035
-1.8670245,-2.5913082,3.1684248,-0.3843020
-1.8770031,-2.5914747,3.1775374,-0.3830237
-1.8869969,-2.5916033,3.1866499,-0.3817686
-1.8970058,-2.5916938,3.1957625,-0.3805362
-1.9070294,-2.5917463,3.2048750,-0.3793264
-1.9170676,-2.5917606,3.2139876,-0.3781389
-1.9271201,-2.5917368,3.2231001,-0.3769735
-1.9371868,-2.5916748,3.2322127,-0.3758299
-1.9472674,-2.5915745,3.2413252,-0.3747079
-1.9573617,-2.5914359,3.2504378,-0.3736073
-1.9674695,-2.5912590,3.2595503,-0.3725277
-1.9775906,-2.5910437,3.2686629,-0.3714691
-1.9877248,-2.5907899,3.2777755,-0.3704312
-1.9978718,-2.5904977,3.2868880,-0.3694136
-2.0080315,-2.5901669,3.2960006,-0.3684164
-2.0182035,-2.5897976,3.3051131,-0.3674391
-2.0283878,-2.5893896,3.3142257,-0.3664816
-2.0385841,-2.5889430,3.3233382,-0.3655437
-2.0487921,-2.5884577,3.3324508,-0.3646252
-2.0587281,-2.5879487,3.3403640,-0.3620897
-2.0685441,-2.5874107,3.3477250,-0.3588423
-2.0783702,-2.5868372,3.3550860,-0.3556402
-2.0882061,-2.5862286,3.3624470,-0.3524830
-2.0980517,-2.5855851,3.3698079,-0.3493700
-2.1079066,-2.5849068,3.3771689,-0.3463009
-2.1177706,-2.5841939,3.3845299,-0.3432751
-2.1276433,-2.5834467,3.3918909,-0.3402922
-2.1375246,-2.5826654,3.3992519,-0.3373517
-2.1474142,-2.5818500,3.4066129,-0.3344531
-2.1573117,-2.5810010,3.4139739,-0.3315959
-2.1672170,-2.5801183,3.4213348,-0.3287797
-2.1771298,-2.5792023,3.4286958,-0.3260040
-2.1870498,-2.5782532,3.4360568,-0.3232683
-2.1969767,-2.5772710,3.4434178,-0.3205723
-2.2069102,-2.5762561,3.4507788,-0.3179153
-2.2168502,-2.5752087,3.4581398,-0.3152971
-2.2267963,-2.5741289,3.4655008,-0.3127170
-2.2367483,-2.5730169,3.4728618,-0.3101748
-2.2467059,-2.5718729,3.4802227,-0.3076699
-2.2566688,-2.5706972,3.4875837,-0.3052020
-2.2666368,-2.5694899,3.4949447,-0.3027705
-2.2766096,-2.5682513,3.5023057,-0.3003751
-2.2865869,-2.5669815,3.5096667,-0.2980154
-2.2965685,-2.5656807,3.5170277,-0.2956909
-2.3065541,-2.5643491,3.5243887,-0.2934012
-2.3165434,-2.5629870,3.5317497,-0.2911459
-2.3265362,-2.5615945,3.5391106,-0.2889246
-2.3365322,-2.5601718,3.5464716,-0.2867370
-2.3465311,-2.5587191,3.5538326,-0.2845826
-2.3565327,-2.5572367,3.5611936,-0.2824611
-2.3665368,-2.5557247,3.5685546,-0.2803720
-2.3765429,-2.5541833,3.5759156,-0.2783151
-2.3865509,-2.5526127,3.5832766,-0.2762899
-2.3965145,-2.5510206,3.5915883,-0.2738017
-2.4063266,-2.5494251,3.6030579,-0.2697040
-2.4161397,-2.5478023,3.6145274,-0.2656390
-2.4259538,-2.5461528,3.6259970,-0.2616063
-2.4357686,-2.5444769,3.6374665,-0.2576051
-2.4455839,-2.5427749,3.6489361,-0.2536351
-2.4553996,-2.5410474,3.6604056,-0.2496957
-2.4652154,-2.5392946,3.6718752,-0.2457862
-2.4750311,-2.5375169,3.6833447,-0.2419063
-2.4848467,-2.5357148,3.6948142,-0.2380552
-2.4946618,-2.5338887,3.7062838,-0.2342324
-2.5044762,-2.5320390,3.7177533,-0.2304373
-2.5142899,-2.5301660,3.7292229,-0.2266694
-2.5241026,-2.5282701,3.7406924,-0.2229281
-2.5339141,-2.5263518,3.7521620,-0.2192127
-2.5437241,-2.5244114,3.7636315,-0.2155227
-2.5535326,-2.5224494,3.7751011,-0.2118574
-2.5633394,-2.5204660,3.7865706,-0.2082163
-2.5731441,-2.5184618,3.7980402,-0.2045987
-2.5829468,-2.5164372,3.8095097,-0.2010040
-2.5927470,-2.5143924,3.8209793,-0.1974316
-2.6025447,-2.5123280,3.8324488,-0.1938808
-2.6123397,-2.5102442,3.8439184,-0.1903511
-2.6221318,-2.5081416,3.8553879,-0.1868418
-2.6319208,-2.5060204,3.8668575,-0.1833522
-2.6417064,-2.5038812,3.8783270,-0.1798818
-2.6514886,-2.5017242,3.8897966,-0.1764298
-2.6612670,-2.4995500,3.9012661,-0.1729956
-2.6710416,-2.4973588,3.9127357,-0.1695786
-2.6808121,-2.4951510,3.9242052,-0.1661781
-2.6905783,-2.4929272,3.9356748,-0.1627934
-2.7003401,-2.4906876,3.9471443,-0.1594239
-2.7100972,-2.4884327,3.9586139,-0.1560690
-2.7198495,-2.4861628,3.9700834,-0.1527278
-2.7295967,-2.4838784,3.9815530,-0.1493998
-2.7393435,-2.4815788,3.9932339,-0.1461657
-2.7491395,-2.4792523,4.0073594,-0.1438817
-2.7589300,-2.4769121,4.0214849,-0.1416055
-2.7687146,-2.4745586,4.0356103,-0.1393367
-2.7784934,-2.4721919,4.0497358,-0.1370751
-2.7882662,-2.4698125,4.0638612,-0.1348203
-2.7980328,-2.4674205,4.0779867,-0.1325720
-2.8077931,-2.4650163,4.0921122,-0.1303298
-2.8175470,-2.4626001,4.1062376,-0.1280936
-2.8272943,-2.4601723,4.1203631,-0.1258628
-2.8370349,-2.4577330,4.1344885,-0.1236373
-2.8467686,-2.4552825,4.1486140,-0.1214167
-2.8564954,-2.4528213,4.1627395,-0.1192006
-2.8662151,-2.4503494,4.1768649,-0.1169887
-2.8759275,-2.4478673,4.1909904,-0.1147808
-2.8856325,-2.4453752,4.2051158,-0.1125764
-2.8953301,-2.4428733,4.2192413,-0.1103752
-2.9050199,-2.4403620,4.2333668,-0.1081768
-2.9147020,-2.4378415,4.2474922,-0.1059810
-2.9243761,-2.4353121,4.2616177,-0.1037874
-2.9340422,-2.4327741,4.2757431,-0.1015956
-2.9437000,-2.4302278,4.2898686,-0.0994052
-2.9533496,-2.4276734,4.3039941,-0.0972159
-2.9629906,-2.4251113,4.3181195,-0.0950274
-2.9726231,-2.4225417,4.3322450,-0.0928393
-2.9822468,-2.4199649,4.3463704,-0.0906511
-2.9918616,-2.4173811,4.3604959,-0.0884626
-3.0014674,-2.4147907,4.3746214,-0.0862733
-3.0110641,-2.4121939,4.3887468,-0.0840829
-3.0206514,-2.4095911,4.4028723,-0.0818910
-3.0302294,-2.4069824,4.4169977,-0.0796971
-3.0397977,-2.4043682,4.4311232,-0.0775010
-3.0493564,-2.4017488,4.4452487,-0.0753021
-3.0589052,-2.3991244,4.4593741,-0.0731002
-3.0684441,-2.3964953,4.4734996,-0.0708947
-3.0780120,-2.3938510,4.4846560,-0.0692351
-3.0878076,-2.3911364,4.4777455,-0.0709253
-3.0975922,-2.3884172,4.4708350,-0.0726258
-3.1073657,-2.3856934,4.4639245,-0.0743368
-3.1171279,-2.3829648,4.4570141,-0.0760586
-3.1268787,-2.3802312,4.4501036,-0.0777913
-3.1366179,-2.3774926,4.4431931,-0.0795351
-3.1463455,-2.3747489,4.4362826,-0.0812903
-3.1560612,-2.3719999,4.4293722,-0.0830569
-3.1657650,-2.3692454,4.4224617,-0.0848352
-3.1754567,-2.3664855,4.4155512,-0.0866254
-3.1851362,-2.3637199,4.4086408,-0.0884277
-3.1948033,-2.3609485,4.4017303,-0.0902424
-3.2044578,-2.3581712,4.3948198,-0.0920695
-3.2140998,-2.3553880,4.3879093,-0.0939093
-3.2237289,-2.3525986,4.3809989,-0.0957620
-3.2333451,-2.3498029,4.3740884,-0.0976279
-3.2429482,-2.3470008,4.3671779,-0.0995071
-3.2525381,-2.3441923,4.3602674,-0.1013998
-3.2621147,-2.3413771,4.3533570,-0.1033063
-3.2716777,-2.3385552,4.3464465,-0.1052268
-3.2812272,-2.3357264,4.3395360,-0.1071614
-3.2907628,-2.3328906,4.3326256,-0.1091105
-3.3002846,-2.3300477,4.3257151,-0.1110741
-3.3097923,-2.3271976,4.3188046,-0.1130527
-3.3192859,-2.3243401,4.3118941,-0.1150463
-3.3287651,-2.3214752,4.3049837,-0.1170552
-3.3382298,-2.3186026,4.2980732,-0.1190796
-3.3476800,-2.3157224,4.2911627,-0.1211198
-3.3571154,-2.3128342,4.2842522,-0.1231760
-3.3665359,-2.3099381,4.2773418,-0.1252483
-3.3759414,-2.3070340,4.2704313,-0.1273372
-3.3853318,-2.3041216,4.2635208,-0.1294427
-3.3947068,-2.3012009,4.2566104,-0.1315651
-3.4041436,-2.2982475,4.2486430,-0.1341526
-3.4138896,-2.2951829,4.2362143,-0.1386575
-3.4236184,-2.2921086,4.2237855,-0.1431966
-3.4333297,-2.2890242,4.2113567,-0.1477702
-3.4430234,-2.2859293,4.1989279,-0.1523790
-3.4526993,-2.2828235,4.1864991,-0.1570234
-3.4623571,-2.2797066,4.1740703,-0.1617038
-3.4719965,-2.2765782,4.1616416,-0.1664209
-3.4816174,-2.2734378,4.1492128,-0.1711750
-3.4912195,-2.2702852,4.1367840,-0.1759667
-3.5008026,-2.2671199,4.1243552,-0.1807963
-3.5103665,-2.2639416,4.1119264,-0.1856645
-3.5199109,-2.2607499,4.0994976,-0.1905715
-3.5294357,-2.2575446,4.0870689,-0.1955178
-3.5389405,-2.2543251,4.0746401,-0.2005039
-3.5484252,-2.2510912,4.0622113,-0.2055302
-3.5578895,-2.2478424,4.0497825,-0.2105970
-3.5673332,-2.2445785,4.0373537,-0.2157048
-3.5767561,-2.2412991,4.0249250,-0.2208540
-3.5861580,-2.2380037,4.0124962,-0.2260447
-3.5955386,-2.2346921,4.0000674,-0.2312776
-3.6048977,-2.2313639,3.9876386,-0.2365527
-3.6142350,-2.2280186,3.9752098,-0.2418705
-3.6235504,-2.2246560,3.9627810,-0.2472312
-3.6328437,-2.2212757,3.9503523,-0.2526351
-3.6421145,-2.2178773,3.9379235,-0.2580824
-3.6513627,-2.2144605,3.9254947,-0.2635733
-3.6605880,-2.2110249,3.9130659,-0.2691080
-3.6697902,-2.2075701,3.9006371,-0.2746868
-3.6789691,-2.2040958,3.8882084,-0.2803096
-3.6881245,-2.2006015,3.8757796,-0.2859767
-3.6972561,-2.1970871,3.8633508,-0.2916880
-3.7063637,-2.1935520,3.8509220,-0.2974437
-3.7157423,-2.1898798,3.8404713,-0.3011723
-3.7252579,-2.1861204,3.8311156,-0.3037801
-3.7347465,-2.1823376,3.8217600,-0.3064100
-3.7442078,-2.1785313,3.8124044,-0.3090621
-3.7536418,-2.1747014,3.8030487,-0.3117364
-3.7630484,-2.1708479,3.7936931,-0.3144331
-3.7724273,-2.1669707,3.7843374,-0.3171521
-3.7817785,-2.1630697,3.7749818,-0.3198935
-3.7911018,-2.1591448,3.7656262,-0.3226574
-3.8003971,-2.1551960,3.7562705,-0.3254437
-3.8096642,-2.1512231,3.7469149,-0.3282525
-3.8189030,-2.1472262,3.7375593,-0.3310839
-3.8281133,-2.1432052,3.7282036,-0.3339377
-3.8372951,-2.1391599,3.7188480,-0.3368141
-3.8464481,-2.1350903,3.7094924,-0.3397130
-3.8555723,-2.1309963,3.7001367,-0.3426344
-3.8646675,-2.1268779,3.6907811,-0.3455783
-3.8737335,-2.1227349,3.6814254,-0.3485447
-3.8827702,-2.1185673,3.6720698,-0.3515335
-3.8917776,-2.1143751,3.6627142,-0.3545447
-3.9007553,-2.1101581,3.6533585,-0.3575781
-3.9097034,-2.1059163,3.6440029,-0.3606339
-3.9186216,-2.1016496,3.6346473,-0.3637118
-3.9275098,-2.0973580,3.6252916,-0.3668118
-3.9363680,-2.0930413,3.6159360,-0.3699337
-3.9451958,-2.0886994,3.6065804,-0.3730776
-3.9539933,-2.0843324,3.5972247,-0.3762432
-3.9627602,-2.0799401,3.5878691,-0.3794304
-3.9714965,-2.0755225,3.5785135,-0.3826392
-3.9802019,-2.0710795,3.5691578,-0.3858692
-3.9888764,-2.0666110,3.5598022,-0.3891204
-3.9977923,-2.0619746,3.5501914,-0.3934129
-4.0068132,-2.0572378,3.5404506,-0.3982303
-4.0158000,-2.0524724,3.5307099,-0.4030480
-4.0247524,-2.0476781,3.5209691,-0.4078644
-4.0336705,-2.0428546,3.5112284,-0.4126778
-4.0425542,-2.0380015,3.5014876,-0.4174865
-4.0514035,-2.0331186,3.4917468,-0.4222888
-4.0602184,-2.0282056,3.4820061,-0.4270829
-4.0689988,-2.0232622,3.4722653,-0.4318669
-4.0777446,-2.0182879,3.4625245,-0.4366391
-4.0864558,-2.0132826,3.4527838,-0.4413974
-4.0951324,-2.0082459,3.4430430,-0.4461400
-4.1037744,-2.0031775,3.4333023,-0.4508648
-4.1123817,-1.9980772,3.4235615,-0.4555697
-4.1209542,-1.9929445,3.4138207,-0.4602528
-4.1294919,-1.9877792,3.4040800,-0.4649119
-4.1379948,-1.9825809,3.3943392,-0.4695449
-4.1464628,-1.9773494,3.3845984,-0.4741496
-4.1548959,-1.9720844,3.3748577,-0.4787238
-4.1632940,-1.9667855,3.3651169,-0.4832652
-4.1716572,-1.9614525,3.3553761,-0.4877716
-4.1799853,-1.9560849,3.3456354,-0.4922406
-4.1882783,-1.9506826,3.3358946,-0.4966700
-4.1965362,-1.9452452,3.3261539,-0.5010575
-4.2047589,-1.9397724,3.3164131,-0.5054005
-4.2129465,-1.9342638,3.3066723,-0.5096969
-4.2210988,-1.9287193,3.2969316,-0.5139440
-4.2292158,-1.9231383,3.2871908,-0.5181397
-4.2372974,-1.9175208,3.2774500,-0.5222813
-4.2453598,-1.9118549,3.2675323,-0.5262585
-4.2535467,-1.9060374,3.2558457,-0.5290964
-4.2616965,-1.9001807,3.2441591,-0.5318712
-4.2698094,-1.8942846,3.2324725,-0.5345811
-4.2778854,-1.8883490,3.2207858,-0.5372246
-4.2859244,-1.8823737,3.2090992,-0.5397999
-4.2939264,-1.8763584,3.1974126,-0.5423054
-4.3018916,-1.8703029,3.1857260,-0.5447395
-4.3098198,-1.8642070,3.1740394,-0.5471007
-4.3177112,-1.8580705,3.1623528,-0.5493874
-4.3255656,-1.8518932,3.1506661,-0.5515981
-4.3333832,-1.8456748,3.1389795,-0.5537313
-4.3411639,-1.8394153,3.1272929,-0.5557856
-4.3489077,-1.8331142,3.1156063,-0.5577596
-4.3566147,-1.8267715,3.1039197,-0.5596520
-4.3642848,-1.8203870,3.0922330,-0.5614614
-4.3719182,-1.8139603,3.0805464,-0.5631867
-4.3795147,-1.8074913,3.0688598,-0.5648266
-4.3870744,-1.8009799,3.0571732,-0.5663799
-4.3945973,-1.7944257,3.0454866,-0.5678456
-4.4020834,-1.7878286,3.0337999,-0.5692227
-4.4095327,-1.7811883,3.0221133,-0.5705101
-4.4169453,-1.7745047,3.0104267,-0.5717069
-4.4243211,-1.7677775,2.9987401,-0.5728123
-4.4316602,-1.7610066,2.9870535,-0.5738255
-4.4389626,-1.7541916,2.9753669,-0.5747457
-4.4462282,-1.7473325,2.9636802,-0.5755723
-4.4534571,-1.7404289,2.9519936,-0.5763046
-4.4606493,-1.7334807,2.9403070,-0.5769421
-4.4677994,-1.7264930,2.9279835,-0.5792713
-4.4748835,-1.7194892,2.9122294,-0.5912408
-4.4819295,-1.7124404,2.8964753,-0.6033053
-4.4889361,-1.7053462,2.8807212,-0.6154651
-4.4959017,-1.6982064,2.8649671,-0.6277204
-4.5028250,-1.6910205,2.8492129,-0.6400707
-4.5097044,-1.6837882,2.8334588,-0.6525152
-4.5165385,-1.6765092,2.8177047,-0.6650527
-4.5233259,-1.6691830,2.8019506,-0.6776814
-4.5300651,-1.6618094,2.7861965,-0.6903991
-4.5367546,-1.6543880,2.7704423,-0.7032033
-4.5433931,-1.6469183,2.7546882,-0.7160906
-4.5499789,-1.6394002,2.7389341,-0.7290575
-4.5565107,-1.6318332,2.7231800,-0.7420996
-4.5629871,-1.6242169,2.7074259,-0.7552121
-4.5694065,-1.6165511,2.6916718,-0.7683897
-4.5757675,-1.6088353,2.6759176,-0.7816261
-4.5820687,-1.6010692,2.6601635,-0.7949148
-4.5883086,-1.5932525,2.6444094,-0.8082485
-4.5944857,-1.5853848,2.6286553,-0.8216192
-4.6005986,-1.5774657,2.6129012,-0.8350181
-4.6066458,-1.5694949,2.5971471,-0.8484360
-4.6126259,-1.5614720,2.5813929,-0.8618627
-4.6185374,-1.5533967,2.5656388,-0.8752875
-4.6243789,-1.5452687,2.5498847,-0.8886987
-4.6301489,-1.5370875,2.5341306,-0.9020842
-4.6358459,-1.5288529,2.5183765,-0.9154309
-4.6414685,-1.5205644,2.5026224,-0.9287250
-4.6470153,-1.5122217,2.4868682,-0.9419520
-4.6524836,-1.5038263,2.4701433,-0.9543602
-4.6578602,-1.4953969,2.4424214,-0.9585253
-4.6631572,-1.4869139,2.4146995,-0.9629487
-4.6683736,-1.4783783,2.3869775,-0.9676279
-4.6735082,-1.4697907,2.3592556,-0.9725599
-4.6785597,-1.4611523,2.3315337,-0.9777420
-4.6835271,-1.4524638,2.3038118,-0.9831712
-4.6884091,-1.4437262,2.2760899,-0.9888444
-4.6932045,-1.4349403,2.2483680,-0.9947582
-4.6979123,-1.4261071,2.2206461,-1.0009094
-4.7025312,-1.4172274,2.1929242,-1.0072943
-4.7070601,-1.4083021,2.1652023,-1.0139090
-4.7114978,-1.3993321,2.1374804,-1.0207496
-4.7158431,-1.3903184,2.1097584,-1.0278117
-4.7200948,-1.3812618,2.0820365,-1.0350909
-4.7242518,-1.3721631,2.0543146,-1.0425821
-4.7283130,-1.3630234,2.0265927,-1.0502803
-4.7322771,-1.3538434,1.9988708,-1.0581799
-4.7361429,-1.3446242,1.9711489,-1.0662750
-4.7399094,-1.3353665,1.9434270,-1.0745594
-4.7435753,-1.3260713,1.9157051,-1.0830263
-4.7471394,-1.3167394,1.8879832,-1.0916685
-4.7506007,-1.3073718,1.8602613,-1.1004785
-4.7539579,-1.2979693,1.8325393,-1.1094482
-4.7572098,-1.2885329,1.8048174,-1.1185688
-4.7603553,-1.2790634,1.7770955,-1.1278313
-4.7633932,-1.2695617,1.7493736,-1.1372260
-4.7663223,-1.2600287,1.7216517,-1.1467424
-4.7691416,-1.2504654,1.6939298,-1.1563698
-4.7718497,-1.2408726,1.6662079,-1.1660966
-4.7744589,-1.2312023,1.6775547,-1.1454546
-4.7769574,-1.2215007,1.6919144,-1.1223694
-4.7793465,-1.2117729,1.7062740,-1.0992190
-4.7816280,-1.2020204,1.7206337,-1.0760376
-4.7838042,-1.1922445,1.7349933,-1.0528565
-4.7858771,-1.1824465,1.7493529,-1.0297046
-4.7878488,-1.1726280,1.7637126,-1.0066080
-4.7897213,-1.1627903,1.7780722,-0.9835901
-4.7914969,-1.1529347,1.7924319,-0.9606720
-4.7931775,-1.1430627,1.8067915,-0.9378722
-4.7947653,-1.1331757,1.8211512,-0.9152070
-4.7962624,-1.1232750,1.8355108,-0.8926904
-4.7976708,-1.1133621,1.8498705,-0.8703342
-4.7989926,-1.1034383,1.8642301,-0.8481482
-4.8002299,-1.0935051,1.8785898,-0.8261403
-4.8013848,-1.0835637,1.8929494,-0.8043163
-4.8024595,-1.0736157,1.9073091,-0.7826806
-4.8034559,-1.0636623,1.9216687,-0.7612355
-4.8043762,-1.0537051,1.9360283,-0.7399820
-4.8052225,-1.0437453,1.9503880,-0.7189196
-4.8059968,-1.0337845,1.9647476,-0.6980461
-4.8067013,-1.0238238,1.9791073,-0.6773581
-4.8073380,-1.0138649,1.9934669,-0.6568511
-4.8079091,-1.0039090,2.0078266,-0.6365190
-4.8084165,-0.9939575,2.0221862,-0.6163548
-4.8088625,-0.9840118,2.0365459,-0.5963503
-4.8092490,-0.9740734,2.0509055,-0.5764961
-4.8095783,-0.9641436,2.0652652,-0.5567820
-4.8098523,-0.9542238,2.0796248,-0.5371967
-4.8100776,-0.9440738,2.0986043,-0.5353016
-4.8102479,-0.9339192,2.1179092,-0.5346362
-4.8103628,-0.9237770,2.1372141,-0.5339590
-4.8104229,-0.9136475,2.1565191,-0.5332707
-4.8104282,-0.9035309,2.1758240,-0.5325717
-4.8103791,-0.8934274,2.1951289,-0.5318629
-4.8102759,-0.8833373,2.2144338,-0.5311446
-4.8101188,-0.8732606,2.2337388,-0.5304177
-4.8099082,-0.8631977,2.2530437,-0.5296826
-4.8096443,-0.8531487,2.2723486,-0.5289400
-4.8093274,-0.8431139,2.2916535,-0.5281906
-4.8089578,-0.8330934,2.3109585,-0.5274348
-4.8085357,-0.8230875,2.3302634,-0.5266733
-4.8080615,-0.8130963,2.3495683,-0.5259067
-4.8075355,-0.8031201,2.3688732,-0.5251357
-4.8069578,-0.7931591,2.3881782,-0.5243607
-4.8063289,-0.7832134,2.4074831,-0.5235824
-4.8056489,-0.7732833,2.4267880,-0.5228014
-4.8049182,-0.7633690,2.4460929,-0.5220183
-4.8041370,-0.7534707,2.4653979,-0.5212336
-4.8033057,-0.7435886,2.4847028,-0.5204480
-4.8024245,-0.7337229,2.5040077,-0.5196620
-4.8014936,-0.7238738,2.5233127,-0.5188761
-4.8005135,-0.7140416,2.5426176,-0.5180910
-4.7994843,-0.7042263,2.5619225,-0.5173073
-4.7984063,-0.6944283,2.5812274,-0.5165254
-4.7972798,-0.6846477,2.6005324,-0.5157460
-4.7961052,-0.6748848,2.6198373,-0.5149696
-4.7948527,-0.6649062,2.6356778,-0.5128477
-4.7935356,-0.6548354,2.6498672,-0.5100753
-4.7921681,-0.6447842,2.6640565,-0.5072940
-4.7907507,-0.6347527,2.6782459,-0.5045048
-4.7892839,-0.6247410,2.6924353,-0.5017087
-4.7877683,-0.6147495,2.7066247,-0.4989067
-4.7862043,-0.6047783,2.7208141,-0.4960996
-4.7845924,-0.5948276,2.7350034,-0.4932883
-4.7829332,-0.5848975,2.7491928,-0.4904739
-4.7812272,-0.5749884,2.7633822,-0.4876570
-4.7794749,-0.5651002,2.7775716,-0.4848385
-4.7776768,-0.5552334,2.7917610,-0.4820193
-4.7758334,-0.5453880,2.8059503,-0.4792001
-4.7739452,-0.5355642,2.8201397,-0.4763816
-4.7720128,-0.5257622,2.8343291,-0.4735647
-4.7700366,-0.5159823,2.8485185,-0.4707499
-4.7680172,-0.5062246,2.8627079,-0.4679380
-4.7659551,-0.4964893,2.8768972,-0.4651297
-4.7638508,-0.4867766,2.8910866,-0.4623256
-4.7617048,-0.4770867,2.9052760,-0.4595262
-4.7595177,-0.4674198,2.9194654,-0.4567322
-4.7572898,-0.4577760,2.9336548,-0.4539442
-4.7550219,-0.4481556,2.9478442,-0.4511627
-4.7527142,-0.4385588,2.9620335,-0.4483881
-4.7503675,-0.4289857,2.9762229,-0.4456211
-4.7479821,-0.4194366,2.9904123,-0.4428621
-4.7455587,-0.4099116,3.0046017,-0.4401115
-4.7430629,-0.4002780,3.0175202,-0.4379895
-4.7404729,-0.3904592,3.0284243,-0.4368174
-4.7378434,-0.3806664,3.0393283,-0.4355950
-4.7351745,-0.3708995,3.0502324,-0.4343225
-4.7324666,-0.3611583,3.0611364,-0.4330005
-4.7297199,-0.3514427,3.0720405,-0.4316295
-4.7269348,-0.3417525,3.0829445,-0.4302099
-4.7241116,-0.3320876,3.0938486,-0.4287422
-4.7212504,-0.3224477,3.1047526,-0.4272271
-4.7183518,-0.3128328,3.1156566,-0.4256649
-4.7154158,-0.3032427,3.1265607,-0.4240562
-4.7124428,-0.2936772,3.1374647,-0.4224016
-4.7094332,-0.2841362,3.1483688,-0.4207017
-4.7063872,-0.2746195,3.1592728,-0.4189570
-4.7033050,-0.2651269,3.1701769,-0.4171682
-4.7001870,-0.2556584,3.1810809,-0.4153358
-4.6970335,-0.2462137,3.1919850,-0.4134603
-4.6938448,-0.2367927,3.2028890,-0.4115426
-4.6906211,-0.2273952,3.2137931,-0.4095831
-4.6873628,-0.2180212,3.2246971,-0.4075825
-4.6840701,-0.2086703,3.2356011,-0.4055414
-4.6807434,-0.1993425,3.2465052,-0.4034605
-4.6773829,-0.1900377,3.2574092,-0.4013404
-4.6739889,-0.1807556,3.2683133,-0.3991818
-4.6705617,-0.1714961,3.2792173,-0.3969853
-4.6671016,-0.1622590,3.2901214,-0.3947516
-4.6636052,-0.1530344,3.3009118,-0.3925948
-4.6600050,-0.1436472,3.3095666,-0.3925115
-4.6563712,-0.1342827,3.3182213,-0.3923471
-4.6527035,-0.1249404,3.3268761,-0.3921015
-4.6490020,-0.1156200,3.3355308,-0.3917746
-4.6452667,-0.1063210,3.3441856,-0.3913665
-4.6414976,-0.0970430,3.3528403,-0.3908773
-4.6376945,-0.0877856,3.3614951,-0.3903071
-4.6338576,-0.0785485,3.3701498,-0.3896562
-4.6299866,-0.0693312,3.3788046,-0.3889248
-4.6260817,-0.0601332,3.3874593,-0.3881132
-4.6221428,-0.0509542,3.3961140,-0.3872220
-4.6181698,-0.0417938,3.4047688,-0.3862514
-4.6141627,-0.0326516,3.4134235,-0.3852021
-4.6101216,-0.0235271,3.4220783,-0.3840747
-4.6060463,-0.0144200,3.4307330,-0.3828697
-4.6019368,-0.0053298,3.4393878,-0.3815879
-4.5977931,0.0037439,3.4480425,-0.3802300
-4.5936152,0.0128014,3.4566973,-0.3787969
-4.5894031,0.0218432,3.4653520,-0.3772894
-4.5851567,0.0308698,3.4740068,-0.3757084
-4.5808759,0.0398814,3.4826615,-0.3740550
-4.5765608,0.0488786,3.4913163,-0.3723300
-4.5722113,0.0578616,3.4999710,-0.3705346
-4.5678274,0.0668311,3.5086258,-0.3686698
-4.5634091,0.0757872,3.5172805,-0.3667370
-4.5589772,0.0846888,3.5236795,-0.3676222
-4.5545704,0.0934597,3.5236795,-0.3765550
-4.5501288,0.1022191,3.5236795,-0.3853028
-4.5456511,0.1109673,3.5236795,-0.3938560
-4.5411361,0.1197049,3.5236795,-0.4022057
-4.5365825,0.1284322,3.5236795,-0.4103429
-4.5319892,0.1371497,3.5236795,-0.4182589
-4.5273548,0.1458579,3.5236795,-0.4259453
-4.5226782,0.1545570,3.5236795,-0.4333942
-4.5179580,0.1632477,3.5236795,-0.4405977
-4.5131931,0.1719302,3.5236795,-0.4475483
-4.5083822,0.1806052,3.5236795,-0.4542391
-4.5035241,0.1892729,3.5236795,-0.4606634
-4.4986175,0.1979338,3.5236795,-0.4668148
-4.4936611,0.2065883,3.5236795,-0.4726876
-4.4886539,0.2152370,3.5236795,-0.4782763
-4.4835944,0.2238801,3.5236795,-0.4835760
-4.4784815,0.2325182,3.5236795,-0.4885822
-4.4733139,0.2411517,3.5236795,-0.4932909
-4.4680904,0.2497810,3.5236795,-0.4976986
-4.4628097,0.2584066,3.5236795,-0.5018024
-4.4574707,0.2670288,3.5236795,-0.5055997
-4.4520720,0.2756482,3.5236795,-0.5090885
-4.4466124,0.2842651,3.5236795,-0.5122675
-4.4410907,0.2928800,3.5236795,-0.5151358
-4.4355056,0.3014933,3.5236795,-0.5176929
-4.4298560,0.3101055,3.7056522,-0.5199391
