-1.3545093,2.3520843,4.0084562,0.0327792
-1.3532334,2.3421007,3.9978996,0.0351894
-1.3519544,2.3321204,3.9873431,0.0376045
-1.3506719,2.3221434,3.9767866,0.0400250
-1.3493858,2.3121699,3.9662301,0.0424509
-1.3480959,2.3022001,3.9556735,0.0448827
-1.3468019,2.2922341,3.9451170,0.0473205
-1.3455035,2.2822720,3.9345605,0.0497646
-1.3442007,2.2723140,3.9240040,0.0522153
-1.3428931,2.2623603,3.9134474,0.0546728
-1.3415805,2.2524110,3.9028909,0.0571374
-1.3402627,2.2424663,3.8923344,0.0596094
-1.3389395,2.2325262,3.8817779,0.0620891
-1.3376106,2.2225910,3.8712213,0.0645766
-1.3362759,2.2126609,3.8606648,0.0670724
-1.3349351,2.2027359,3.8501083,0.0695765
-1.3335879,2.1928162,3.8395518,0.0720894
-1.3322342,2.1829019,3.8289952,0.0746112
-1.3308738,2.1729933,3.8184387,0.0771423
-1.3295063,2.1630905,3.8078822,0.0796829
-1.3281317,2.1531935,3.7973257,0.0822333
-1.3267496,2.1433027,3.7867692,0.0847937
-1.3253598,2.1334180,3.7762126,0.0873644
-1.3239621,2.1235397,3.7656561,0.0899457
-1.3225564,2.1136679,3.7550996,0.0925378
-1.3211423,2.1038028,3.7445431,0.0951411
-1.3197196,2.0939446,3.7339865,0.0977557
-1.3182881,2.0840932,3.7234300,0.1003820
-1.3168477,2.0742491,3.7128735,0.1030202
-1.3153980,2.0644121,3.7023170,0.1056706
-1.3139388,2.0545826,3.6917604,0.1083334
-1.3124700,2.0447607,3.6812039,0.1110089
-1.3109913,2.0349465,3.6706474,0.1136974
-1.3095024,2.0251402,3.6600909,0.1163992
-1.3079927,2.0152733,3.6492329,0.1195431
-1.3064475,2.0052558,3.6376755,0.1237011
-1.3048909,1.9952472,3.6261181,0.1278825
-1.3033224,1.9852477,3.6145607,0.1320881
-1.3017417,1.9752575,3.6030033,0.1363185
-1.3001485,1.9652770,3.5914460,0.1405745
-1.2985423,1.9553063,3.5798886,0.1448567
-1.2969228,1.9453459,3.5683312,0.1491659
-1.2952896,1.9353958,3.5567738,0.1535028
-1.2936423,1.9254564,3.5452164,0.1578681
-1.2919807,1.9155279,3.5336591,0.1622624
-1.2903043,1.9056106,3.5221017,0.1666866
-1.2886127,1.8957048,3.5105443,0.1711412
-1.2869056,1.8858107,3.4989869,0.1756269
-1.2851826,1.8759286,3.4874295,0.1801446
-1.2834434,1.8660586,3.4758722,0.1846947
-1.2816876,1.8562012,3.4643148,0.1892781
-1.2799148,1.8463566,3.4527574,0.1938953
-1.2781247,1.8365249,3.4412000,0.1985472
-1.2763169,1.8267065,3.4296426,0.2032342
-1.2744910,1.8169017,3.4180853,0.2079571
-1.2726466,1.8071106,3.4065279,0.2127166
-1.2707835,1.7973336,3.3949705,0.2175132
-1.2689011,1.7875709,3.3834131,0.2223476
-1.2669993,1.7778228,3.3718558,0.2272205
-1.2650775,1.7680895,3.3602984,0.2321325
-1.2631354,1.7583713,3.3487410,0.2370841
-1.2611727,1.7486684,3.3371836,0.2420759
-1.2591891,1.7389812,3.3256262,0.2471086
-1.2571840,1.7293098,3.3140689,0.2521827
-1.2551572,1.7196546,3.3025115,0.2572988
-1.2531083,1.7100158,3.2909541,0.2624574
-1.2510369,1.7003936,3.2793967,0.2676590
-1.2489111,1.6906444,3.2683474,0.2730098
-1.2467066,1.6806662,3.2581710,0.2785958
-1.2444765,1.6707071,3.2479945,0.2842412
-1.2422205,1.6607674,3.2378180,0.2899470
-1.2399381,1.6508474,3.2276416,0.2957141
-1.2376290,1.6409477,3.2174651,0.3015438
-1.2352928,1.6310685,3.2072886,0.3074369
-1.2329290,1.6212103,3.1971122,0.3133945
-1.2305373,1.6113734,3.1869357,0.3194175
-1.2281173,1.6015582,3.1767592,0.3255069
-1.2256685,1.5917652,3.1665828,0.3316637
-1.2231906,1.5819946,3.1564063,0.3378887
-1.2206832,1.5722470,3.1462298,0.3441829
-1.2181458,1.5625226,3.1360534,0.3505470
-1.2155781,1.5528218,3.1258769,0.3569820
-1.2129796,1.5431451,3.1157004,0.3634887
-1.2103500,1.5334929,3.1055240,0.3700677
-1.2076889,1.5238654,3.0953475,0.3767199
-1.2049959,1.5142632,3.0851710,0.3834458
-1.2022705,1.5046865,3.0749946,0.3902463
-1.1995123,1.4951359,3.0648181,0.3971218
-1.1967211,1.4856115,3.0546416,0.4040730
-1.1938962,1.4761140,3.0444652,0.4111003
-1.1910375,1.4666435,3.0342887,0.4182041
-1.1881444,1.4572006,3.0241122,0.4253849
-1.1852166,1.4477856,3.0139358,0.4326430
-1.1822536,1.4383988,3.0037593,0.4399787
-1.1792551,1.4290408,2.9935828,0.4473921
-1.1762207,1.4197118,2.9834064,0.4548834
-1.1731499,1.4104123,2.9732299,0.4624526
-1.1700424,1.4011425,2.9630534,0.4700997
-1.1668978,1.3919031,2.9528769,0.4778245
-1.1635806,1.3823066,2.9428522,0.4831949
-1.1601705,1.3725968,2.9328853,0.4877340
-1.1567182,1.3629224,2.9229183,0.4923723
-1.1532237,1.3532839,2.9129514,0.4971109
-1.1496870,1.3436818,2.9029844,0.5019515
-1.1461081,1.3341167,2.8930175,0.5068954
-1.1424870,1.3245892,2.8830505,0.5119440
-1.1388236,1.3150998,2.8730836,0.5170988
-1.1351179,1.3056491,2.8631166,0.5223613
-1.1313700,1.2962375,2.8531497,0.5277330
-1.1275799,1.2868657,2.8431827,0.5332153
-1.1237474,1.2775343,2.8332158,0.5388097
-1.1198726,1.2682437,2.8232488,0.5445178
-1.1159555,1.2589945,2.8132819,0.5503410
-1.1119961,1.2497873,2.8033150,0.5562807
-1.1079944,1.2406227,2.7933480,0.5623386
-1.1039503,1.2315011,2.7833811,0.5685160
-1.0998638,1.2224231,2.7734141,0.5748145
-1.0957350,1.2133893,2.7634472,0.5812354
-1.0915638,1.2044003,2.7534802,0.5877803
-1.0873502,1.1954566,2.7435133,0.5944505
-1.0830942,1.1865586,2.7335463,0.6012475
-1.0787957,1.1777071,2.7235794,0.6081727
-1.0744549,1.1689025,2.7136124,0.6152273
-1.0700716,1.1601454,2.7036455,0.6224127
-1.0656458,1.1514364,2.6936785,0.6297302
-1.0611776,1.1427760,2.6837116,0.6371809
-1.0566668,1.1341647,2.6737446,0.6447661
-1.0521136,1.1256031,2.6637777,0.6524869
-1.0475179,1.1170918,2.6538107,0.6603443
-1.0425714,1.1080735,2.6416957,0.6686203
-1.0375090,1.0989933,2.6291136,0.6771862
-1.0323972,1.0899743,2.6165314,0.6859941
-1.0272362,1.0810173,2.6039492,0.6950484
-1.0220262,1.0721235,2.5913670,0.7043536
-1.0167674,1.0632936,2.5787848,0.7139144
-1.0114598,1.0545287,2.5662026,0.7237352
-1.0061038,1.0458297,2.5536204,0.7338206
-1.0006994,1.0371976,2.5410382,0.7441753
-0.9952468,1.0286332,2.5284560,0.7548037
-0.9897461,1.0201376,2.5158739,0.7657103
-0.9841976,1.0117117,2.5032917,0.7768997
-0.9786014,1.0033565,2.4907095,0.7883762
-0.9729576,0.9950728,2.4781273,0.8001441
-0.9672664,0.9868616,2.4655451,0.8122077
-0.9615281,0.9787240,2.4529629,0.8245711
-0.9557427,0.9706607,2.4403807,0.8372381
-0.9499104,0.9626729,2.4277985,0.8502127
-0.9440313,0.9547614,2.4152163,0.8634982
-0.9381058,0.9469271,2.4026342,0.8770982
-0.9321338,0.9391711,2.3900520,0.8910156
-0.9261156,0.9314942,2.3774698,0.9052533
-0.9200513,0.9238975,2.3648876,0.9198137
-0.9139411,0.9163818,2.3523054,0.9346989
-0.9077851,0.9089481,2.3397232,0.9499107
-0.9015836,0.9015974,2.3271410,0.9654501
-0.8953367,0.8943306,2.3145588,0.9813180
-0.8889367,0.8870268,2.3009066,0.9964278
-0.8818611,0.8791149,2.2810551,1.0057740
-0.8747313,0.8713115,2.2612036,1.0158203
-0.8675493,0.8636180,2.2413521,1.0265910
-0.8603168,0.8560360,2.2215006,1.0381117
-0.8530357,0.8485670,2.2016491,1.0504095
-0.8457077,0.8412126,2.1817976,1.0635128
-0.8383347,0.8339743,2.1619461,1.0774517
-0.8309186,0.8268535,2.1420946,1.0922579
-0.8234610,0.8198519,2.1222431,1.1079646
-0.8159639,0.8129709,2.1023916,1.1246068
-0.8084290,0.8062121,2.0825401,1.1422214
-0.8008583,0.7995770,2.0626886,1.1608470
-0.7932533,0.7930671,2.0428371,1.1805240
-0.7856162,0.7866840,2.0229856,1.2012949
-0.7779485,0.7804291,2.0031341,1.2232040
-0.7702521,0.7743041,1.9832826,1.2462978
-0.7625289,0.7683104,1.9634311,1.2706244
-0.7547807,0.7624496,1.9435796,1.2962343
-0.7470093,0.7567231,1.9237281,1.3231798
-0.7392165,0.7511326,1.9038766,1.3515152
-0.7314041,0.7456795,1.8840251,1.3812964
-0.7235739,0.7403654,1.8641736,1.4125815
-0.7157278,0.7351918,1.8443221,1.4454299
-0.7078676,0.7301602,1.8244706,1.4799027
-0.6994100,0.7249148,1.8103218,1.4907670
-0.6898505,0.7191917,1.8068013,1.4546478
-0.6802868,0.7136737,1.8032808,1.4179855
-0.6707279,0.7083552,1.7997602,1.3808269
-0.6611828,0.7032308,1.7962397,1.3431962
-0.6516604,0.6982949,1.7927191,1.3050936
-0.6421698,0.6935419,1.7891986,1.2664944
-0.6327199,0.6889663,1.7856781,1.2273470
-0.6233198,0.6845626,1.7821575,1.1875707
-0.6139784,0.6803252,1.7786370,1.1470533
-0.6047047,0.6762486,1.7751164,1.1056477
-0.5955078,0.6723273,1.7715959,1.0631672
-0.5863965,0.6685557,1.7680754,1.0193802
-0.5773801,0.6649283,1.7645548,0.9740031
-0.5684673,0.6614395,1.7610343,0.9266916
-0.5596672,0.6580838,1.7575138,0.8770290
-0.5509889,0.6548557,1.7539932,0.8245123
-0.5424412,0.6517496,1.7504727,0.7685340
-0.5340333,0.6487601,1.7469521,0.7083584
-0.5257740,0.6458815,1.7434316,0.6430923
-0.5176724,0.6431083,1.7399111,0.5716466
-0.5065936,0.6393878,1.7473033,0.5432123
-0.4954973,0.6357396,1.7559003,0.5109741
-0.4847261,0.6322682,1.7644973,0.4680873
-0.4742668,0.6289574,1.7730943,0.4132982
-0.4641060,0.6257908,1.7816913,0.3453734
-0.4542304,0.6227523,1.7902883,0.2631460
-0.4446268,0.6198255,1.7988853,0.1655715
-0.4352817,0.6169941,1.8074824,0.0517954
-0.4261818,0.6142420,1.8160794,-0.0787698
-0.4173139,0.6115529,1.8246764,-0.2263594
-0.4086647,0.6089104,1.8332734,-0.3907642
-0.4002208,0.6062983,1.8418704,-0.5712379
-0.3919689,0.6037003,1.8504674,-0.7664088
-0.3838957,0.6011003,1.8590644,-0.9742060
-0.3748992,0.5981165,1.8794803,-1.0475436
-0.3657389,0.5949763,1.9036224,-1.0558773
-0.3567118,0.5917789,1.9277645,-1.0392131
-0.3477644,0.5885097,1.9519066,-0.9975268
-0.3388435,0.5851539,1.9760487,-0.9327794
-0.3298959,0.5816968,2.0001908,-0.8487126
-0.3208682,0.5781237,2.0243329,-0.7503758
-0.3117071,0.5744198,2.0484750,-0.6434892
-0.3023594,0.5705704,2.0726171,-0.5337739
-0.2927718,0.5665607,2.0967592,-0.4263748
-0.2828910,0.5623761,2.1209013,-0.3254587
-0.2726637,0.5580018,2.1450434,-0.2340169
-0.2646782,0.5545643,2.1622714,-0.1100465
-0.2571086,0.5512971,2.1778228,0.0081388
-0.2493304,0.5479405,2.1933741,0.1112870
-0.2413380,0.5445004,2.2089254,0.2011648
-0.2331259,0.5409830,2.2244768,0.2793182
-0.2246885,0.5373943,2.2400281,0.3471001
-0.2160203,0.5337403,2.2555795,0.4056956
-0.2071158,0.5300272,2.2711308,0.4561438
-0.1979695,0.5262609,2.2866822,0.4993568
-0.1885757,0.5224476,2.3022335,0.5361372
-0.1789291,0.5185933,2.3177848,0.5671918
-0.1690240,0.5147040,2.3333362,0.5931447
-0.1588548,0.5107858,2.3488875,0.6145482
-0.1484162,0.5068447,2.3644389,0.6318918
-0.1377025,0.5028869,2.3799902,0.6456108
-0.1267082,0.4989183,2.3955416,0.6560926
-0.1154278,0.4949451,2.4110929,0.6636834
-0.1059915,0.4916983,2.4232396,0.6577803
-0.0976601,0.4888892,2.4333492,0.6461103
-0.0891864,0.4860859,2.4434588,0.6358222
-0.0805732,0.4832911,2.4535684,0.6267952
-0.0718236,0.4805071,2.4636780,0.6189236
-0.0629405,0.4777366,2.4737876,0.6121154
-0.0539269,0.4749820,2.4838972,0.6062898
-0.0447859,0.4722457,2.4940069,0.6013760
-0.0355205,0.4695305,2.5041165,0.5973117
-0.0261335,0.4668386,2.5142261,0.5940424
-0.0166280,0.4641727,2.5243357,0.5915200
-0.0070070,0.4615351,2.5344453,0.5897021
0.0027265,0.4589286,2.5445549,0.5885518
0.0125695,0.4563554,2.5546645,0.5880363
0.0225191,0.4538182,2.5647741,0.5881272
0.0325723,0.4513195,2.5748837,0.5887995
0.0427260,0.4488617,2.5849933,0.5900313
0.0529773,0.4464473,2.5951030,0.5918039
0.0633232,0.4440789,2.6052126,0.5941008
0.0737607,0.4417589,2.6153222,0.5969081
0.0842868,0.4394899,2.6254318,0.6002141
0.0948985,0.4372744,2.6355414,0.6040086
0.1055929,0.4351148,2.6456510,0.6082837
0.1163669,0.4330137,2.6557606,0.6130327
0.1266435,0.4310796,2.6661095,0.6111003
0.1359772,0.4293817,2.6768766,0.5971401
0.1453642,0.4277291,2.6876436,0.5836376
0.1548036,0.4261215,2.6984107,0.5705765
0.1642942,0.4245587,2.7091778,0.5579410
0.1738351,0.4230402,2.7199448,0.5457159
0.1834253,0.4215657,2.7307119,0.5338865
0.1930638,0.4201350,2.7414790,0.5224389
0.2027496,0.4187478,2.7522460,0.5113595
0.2124816,0.4174037,2.7630131,0.5006352
0.2222590,0.4161024,2.7737802,0.4902536
0.2320807,0.4148436,2.7845473,0.4802026
0.2419456,0.4136270,2.7953143,0.4704707
0.2518529,0.4124523,2.8060814,0.4610467
0.2618014,0.4113192,2.8168485,0.4519199
0.2717902,0.4102273,2.8276155,0.4430800
0.2818183,0.4091764,2.8383826,0.4345172
0.2918847,0.4081661,2.8491497,0.4262220
0.3019884,0.4071961,2.8599167,0.4181853
0.3121284,0.4062661,2.8706838,0.4103983
0.3223036,0.4053758,2.8814509,0.4028526
0.3325131,0.4045249,2.8922179,0.3955402
0.3427560,0.4037131,2.9029850,0.3884532
0.3530311,0.4029400,2.9137521,0.3815842
0.3633375,0.4022054,2.9245192,0.3749262
0.3736741,0.4015089,2.9352862,0.3684721
0.3840401,0.4008502,2.9460533,0.3622154
0.3944343,0.4002290,2.9568204,0.3561497
0.4048559,0.3996451,2.9675874,0.3502691
0.4145982,0.3991336,2.9813960,0.3399778
0.4243557,0.3986539,2.9952355,0.3297954
0.4341351,0.3982047,3.0090749,0.3197644
0.4439358,0.3977852,3.0229143,0.3098807
0.4537575,0.3973949,3.0367538,0.3001402
0.4635995,0.3970328,3.0505932,0.2905391
0.4734614,0.3966983,3.0644327,0.2810731
0.4833427,0.3963905,3.0782721,0.2717384
0.4932429,0.3961089,3.0921115,0.2625310
0.5031616,0.3958525,3.1059510,0.2534469
0.5130983,0.3956207,3.1197904,0.2444822
0.5230524,0.3954127,3.1336299,0.2356330
0.5330235,0.3952278,3.1474693,0.2268955
0.5430112,0.3950652,3.1613088,0.2182658
0.5530148,0.3949242,3.1751482,0.2097401
0.5630340,0.3948040,3.1889876,0.2013146
0.5730682,0.3947038,3.2028271,0.1929856
0.5831170,0.3946230,3.2166665,0.1847494
0.5931798,0.3945608,3.2305060,0.1766023
0.6032563,0.3945165,3.2443454,0.1685407
0.6133458,0.3944892,3.2581849,0.1605609
0.6234480,0.3944782,3.2720243,0.1526595
0.6335622,0.3944829,3.2858637,0.1448328
0.6436882,0.3945024,3.2997032,0.1370773
0.6538253,0.3945360,3.3135426,0.1293896
0.6639730,0.3945829,3.3273821,0.1217663
0.6741310,0.3946425,3.3412215,0.1142038
0.6842986,0.3947139,3.3550609,0.1066988
0.6944755,0.3947964,3.3689004,0.0992480
0.7046611,0.3948893,3.3827398,0.0918480
0.7147128,0.3949903,3.3966879,0.0848420
0.7246518,0.3950987,3.4107279,0.0781677
0.7345979,0.3952148,3.4247680,0.0715275
0.7445508,0.3953381,3.4388081,0.0649193
0.7545101,0.3954679,3.4528481,0.0583413
0.7644757,0.3956036,3.4668882,0.0517913
0.7744470,0.3957445,3.4809282,0.0452675
0.7844240,0.3958900,3.4949683,0.0387678
0.7944061,0.3960394,3.5090083,0.0322903
0.8043931,0.3961922,3.5230484,0.0258330
0.8143847,0.3963476,3.5370885,0.0193940
0.8243806,0.3965049,3.5511285,0.0129713
0.8343804,0.3966637,3.5651686,0.0065630
0.8443838,0.3968232,3.5792086,0.0001671
0.8543905,0.3969827,3.5932487,-0.0062181
0.8644002,0.3971416,3.6072888,-0.0125947
0.8744125,0.3972994,3.6213288,-0.0189645
0.8844273,0.3974552,3.6353689,-0.0253294
0.8944440,0.3976086,3.6494089,-0.0316914
0.9044624,0.3977588,3.6634490,-0.0380522
0.9144823,0.3979052,3.6774890,-0.0444137
0.9245032,0.3980472,3.6915291,-0.0507778
0.9345249,0.3981840,3.7055692,-0.0571463
0.9445470,0.3983152,3.7196092,-0.0635211
0.9545692,0.3984399,3.7336493,-0.0699039
0.9645912,0.3985576,3.7476893,-0.0762967
0.9746127,0.3986677,3.7617294,-0.0827011
0.9846334,0.3987694,3.7757695,-0.0891191
0.9946529,0.3988622,3.7898095,-0.0955524
1.0046709,0.3989454,3.8038496,-0.1020028
1.0146872,0.3990183,3.8178896,-0.1084721
1.0247208,0.3990805,3.8276836,-0.1143891
1.0348002,0.3991313,3.8270096,-0.1189136
1.0448767,0.3991700,3.8263355,-0.1234583
1.0549503,0.3991962,3.8256614,-0.1280243
1.0650204,0.3992095,3.8249874,-0.1326127
1.0750869,0.3992092,3.8243133,-0.1372246
1.0851495,0.3991951,3.8236392,-0.1418613
1.0952077,0.3991666,3.8229651,-0.1465238
1.1052614,0.3991233,3.8222911,-0.1512132
1.1153102,0.3990648,3.8216170,-0.1559308
1.1253539,0.3989906,3.8209429,-0.1606776
1.1353920,0.3989002,3.8202689,-0.1654548
1.1454244,0.3987932,3.8195948,-0.1702636
1.1554507,0.3986691,3.8189207,-0.1751049
1.1654707,0.3985275,3.8182467,-0.1799801
1.1754839,0.3983680,3.8175726,-0.1848902
1.1854901,0.3981900,3.8168985,-0.1898363
1.1954891,0.3979932,3.8162245,-0.1948195
1.2054805,0.3977771,3.8155504,-0.1998411
1.2154639,0.3975412,3.8148763,-0.2049021
1.2254392,0.3972850,3.8142023,-0.2100036
1.2354060,0.3970082,3.8135282,-0.2151467
1.2453640,0.3967103,3.8128541,-0.2203327
1.2553128,0.3963908,3.8121801,-0.2255624
1.2652523,0.3960492,3.8115060,-0.2308372
1.2751821,0.3956852,3.8108319,-0.2361581
1.2851018,0.3952983,3.8101579,-0.2415261
1.2950113,0.3948879,3.8094838,-0.2469424
1.3049101,0.3944537,3.8088097,-0.2524080
1.3147980,0.3939953,3.8081357,-0.2579240
1.3246747,0.3935121,3.8074616,-0.2634915
1.3346208,0.3929994,3.8054752,-0.2682672
1.3448035,0.3924469,3.7994560,-0.2704945
1.3549732,0.3918670,3.7934367,-0.2727647
1.3651295,0.3912596,3.7874175,-0.2750785
1.3752721,0.3906246,3.7813983,-0.2774365
1.3854006,0.3899617,3.7753790,-0.2798395
1.3955147,0.3892710,3.7693598,-0.2822882
1.4056140,0.3885522,3.7633405,-0.2847833
1.4156982,0.3878053,3.7573213,-0.2873256
1.4257668,0.3870302,3.7513021,-0.2899159
1.4358196,0.3862267,3.7452828,-0.2925550
1.4458561,0.3853947,3.7392636,-0.2952436
1.4558760,0.3845341,3.7332443,-0.2979826
1.4658790,0.3836447,3.7272251,-0.3007728
1.4758646,0.3827266,3.7212059,-0.3036152
1.4858326,0.3817794,3.7151866,-0.3065105
1.4957826,0.3808032,3.7091674,-0.3094597
1.5057141,0.3797977,3.7031481,-0.3124636
1.5156269,0.3787630,3.6971289,-0.3155233
1.5255206,0.3776988,3.6911097,-0.3186397
1.5353948,0.3766050,3.6850904,-0.3218136
1.5452492,0.3754816,3.6790712,-0.3250462
1.5550834,0.3743283,3.6730519,-0.3283384
1.5648971,0.3731452,3.6670327,-0.3316913
1.5746898,0.3719320,3.6610135,-0.3351059
1.5844612,0.3706886,3.6549942,-0.3385833
1.5942111,0.3694150,3.6489750,-0.3421245
1.6039389,0.3681109,3.6429557,-0.3457306
1.6136444,0.3667764,3.6369365,-0.3494029
1.6233271,0.3654112,3.6309172,-0.3531423
1.6330831,0.3640012,3.6257642,-0.3572811
1.6431825,0.3625046,3.6239224,-0.3627048
1.6532565,0.3609736,3.6220806,-0.3681145
1.6633055,0.3594078,3.6202387,-0.3735073
1.6733298,0.3578069,3.6183969,-0.3788803
1.6833295,0.3561706,3.6165551,-0.3842306
1.6933051,0.3544982,3.6147133,-0.3895553
1.7032568,0.3527896,3.6128715,-0.3948513
1.7131849,0.3510444,3.6110297,-0.4001156
1.7230896,0.3492620,3.6091879,-0.4053451
1.7329713,0.3474422,3.6073461,-0.4105366
1.7428302,0.3455845,3.6055042,-0.4156869
1.7526666,0.3436885,3.6036624,-0.4207929
1.7624808,0.3417540,3.6018206,-0.4258513
1.7722731,0.3397804,3.5999788,-0.4308587
1.7820438,0.3377674,3.5981370,-0.4358120
1.7917930,0.3357147,3.5962952,-0.4407078
1.8015213,0.3336217,3.5944534,-0.4455428
1.8112287,0.3314882,3.5926116,-0.4503136
1.8209156,0.3293137,3.5907697,-0.4550169
1.8305822,0.3270978,3.5889279,-0.4596494
1.8402290,0.3248403,3.5870861,-0.4642076
1.8498560,0.3225405,3.5852443,-0.4686884
1.8594637,0.3201983,3.5834025,-0.4730883
1.8690523,0.3178132,3.5815607,-0.4774041
1.8786221,0.3153848,3.5797189,-0.4816325
1.8881734,0.3129127,3.5778771,-0.4857702
1.8977064,0.3103965,3.5760353,-0.4898141
1.9072214,0.3078359,3.5741934,-0.4937610
1.9167402,0.3052245,3.5733823,-0.4965918
1.9262596,0.3025626,3.5734201,-0.4983667
1.9357629,0.2998547,3.5734578,-0.4998859
1.9452511,0.2971004,3.5734956,-0.5011471
1.9547253,0.2942992,3.5735333,-0.5021483
1.9641864,0.2914508,3.5735710,-0.5028881
1.9736355,0.2885547,3.5736088,-0.5033656
1.9830737,0.2856105,3.5736465,-0.5035804
1.9925019,0.2826178,3.5736843,-0.5035326
2.0019211,0.2795762,3.5737220,-0.5032227
2.0113325,0.2764853,3.5737598,-0.5026518
2.0207370,0.2733447,3.5737975,-0.5018216
2.0301357,0.2701539,3.5738352,-0.5007342
2.0395295,0.2669126,3.5738730,-0.4993919
2.0489195,0.2636203,3.5739107,-0.4977980
2.0583068,0.2602766,3.5739485,-0.4959558
2.0676924,0.2568811,3.5739862,-0.4938693
2.0770772,0.2534335,3.5740240,-0.4915428
2.0864624,0.2499332,3.5740617,-0.4889811
2.0958489,0.2463800,3.5740994,-0.4861892
2.1052377,0.2427733,3.5741372,-0.4831728
2.1146300,0.2391127,3.5741749,-0.4799376
2.1240267,0.2353980,3.5742127,-0.4764899
2.1334288,0.2316285,3.5742504,-0.4728361
2.1428374,0.2278040,3.5742882,-0.4689830
2.1522535,0.2239240,3.5743259,-0.4649376
2.1616781,0.2199881,3.5743636,-0.4607072
2.1711123,0.2159959,3.5744014,-0.4562992
2.1805523,0.2119491,3.5744409,-0.4517175
2.1893327,0.2081384,3.5747335,-0.4465626
2.1981229,0.2042785,3.5750262,-0.4414759
2.2069230,0.2003697,3.5753188,-0.4364567
2.2157328,0.1964122,3.5756114,-0.4315045
2.2245522,0.1924060,3.5759040,-0.4266185
2.2333811,0.1883513,3.5761966,-0.4217981
2.2422194,0.1842483,3.5764892,-0.4170427
2.2510671,0.1800970,3.5767818,-0.4123515
2.2599239,0.1758978,3.5770744,-0.4077240
2.2687899,0.1716507,3.5773671,-0.4031593
2.2776650,0.1673559,3.5776597,-0.3986568
2.2865489,0.1630135,3.5779523,-0.3942159
2.2954417,0.1586237,3.5782449,-0.3898358
2.3043433,0.1541867,3.5785375,-0.3855158
2.3132534,0.1497025,3.5788301,-0.3812552
2.3221722,0.1451714,3.5791227,-0.3770534
2.3310993,0.1405935,3.5794153,-0.3729096
2.3400348,0.1359689,3.5797080,-0.3688231
2.3489786,0.1312979,3.5800006,-0.3647932
2.3579305,0.1265805,3.5802932,-0.3608193
2.3668905,0.1218169,3.5805858,-0.3569006
2.3758585,0.1170073,3.5808784,-0.3530364
2.3848343,0.1121518,3.5811710,-0.3492261
2.3938178,0.1072506,3.5814636,-0.3454689
2.4028091,0.1023038,3.5817562,-0.3417642
2.4118079,0.0973116,3.5820489,-0.3381113
2.4208142,0.0922742,3.5823415,-0.3345095
2.4298278,0.0871916,3.5826341,-0.3309581
2.4388488,0.0820641,3.5829267,-0.3274564
2.4478769,0.0768918,3.5832193,-0.3240039
2.4567296,0.0717806,3.5843529,-0.3193066
2.4650959,0.0669147,3.5877572,-0.3112240
2.4734681,0.0620116,3.5911614,-0.3032779
2.4818461,0.0570719,3.5945657,-0.2954648
2.4902299,0.0520962,3.5979699,-0.2877813
2.4986193,0.0470852,3.6013742,-0.2802238
2.5070143,0.0420396,3.6047784,-0.2727891
2.5154149,0.0369600,3.6081827,-0.2654737
2.5238209,0.0318472,3.6115869,-0.2582744
2.5322322,0.0267017,3.6149912,-0.2511881
2.5406488,0.0215243,3.6183954,-0.2442114
2.5490706,0.0163156,3.6217997,-0.2373414
2.5574976,0.0110763,3.6252039,-0.2305749
2.5659295,0.0058071,3.6286082,-0.2239089
2.5743665,0.0005085,3.6320124,-0.2173404
2.5828083,-0.0048186,3.6354167,-0.2108664
2.5912549,-0.0101737,3.6388209,-0.2044843
2.5997063,-0.0155561,3.6422252,-0.1981910
2.6081623,-0.0209651,3.6456294,-0.1919838
2.6166229,-0.0264001,3.6490337,-0.1858600
2.6250880,-0.0318603,3.6524379,-0.1798169
2.6335575,-0.0373452,3.6558422,-0.1738518
2.6420313,-0.0428540,3.6592464,-0.1679621
2.6505094,-0.0483861,3.6626507,-0.1621453
2.6589916,-0.0539408,3.6660549,-0.1563989
2.6674780,-0.0595174,3.6694592,-0.1507203
2.6759684,-0.0651154,3.6728634,-0.1451071
2.6844627,-0.0707339,3.6762677,-0.1395570
2.6929609,-0.0763724,3.6796719,-0.1340675
2.7014629,-0.0820302,3.6830762,-0.1286363
2.7099686,-0.0877066,3.6864804,-0.1232611
2.7184779,-0.0934009,3.6898847,-0.1179397
2.7269908,-0.0991126,3.6932889,-0.1126699
2.7354893,-0.1048288,3.6959939,-0.1072042
2.7436650,-0.1103407,3.6858730,-0.0972967
2.7518442,-0.1158663,3.6757522,-0.0874501
2.7600273,-0.1214048,3.6656313,-0.0776623
2.7682145,-0.1269553,3.6555104,-0.0679312
2.7764062,-0.1325169,3.6453896,-0.0582545
2.7846028,-0.1380888,3.6352687,-0.0486304
2.7928047,-0.1436700,3.6251478,-0.0390565
2.8010120,-0.1492596,3.6150269,-0.0295309
2.8092253,-0.1548567,3.6049061,-0.0200514
2.8174448,-0.1604605,3.5947852,-0.0106159
2.8256709,-0.1660701,3.5846643,-0.0012225
2.8339039,-0.1716845,3.5745434,0.0081311
2.8421442,-0.1773029,3.5644226,0.0174466
2.8503921,-0.1829244,3.5543017,0.0267263
2.8586480,-0.1885481,3.5441808,0.0359719
2.8669122,-0.1941731,3.5340600,0.0451855
2.8751850,-0.1997986,3.5239391,0.0543690
2.8834668,-0.2054235,3.5138182,0.0635241
2.8917580,-0.2110471,3.5036973,0.0726528
2.9000588,-0.2166684,3.4935765,0.0817569
2.9083697,-0.2222866,3.4834556,0.0908380
2.9166909,-0.2279008,3.4733347,0.0998980
2.9250228,-0.2335100,3.4632139,0.1089383
2.9333658,-0.2391134,3.4530930,0.1179607
2.9417202,-0.2447101,3.4429721,0.1269667
2.9500863,-0.2502992,3.4328512,0.1359578
2.9584645,-0.2558798,3.4227304,0.1449355
2.9668552,-0.2614511,3.4126095,0.1539010
2.9752586,-0.2670120,3.4024886,0.1628558
2.9836751,-0.2725618,3.3923678,0.1718011
2.9921051,-0.2780995,3.3822469,0.1807380
3.0005489,-0.2836243,3.3721260,0.1896678
3.0090068,-0.2891353,3.3620051,0.1985914
3.0174793,-0.2946315,3.3518843,0.2075098
3.0259254,-0.3000856,3.3430143,0.2144153
3.0343329,-0.3054893,3.3357670,0.2187285
3.0427551,-0.3108763,3.3285197,0.2230625
3.0511918,-0.3162462,3.3212723,0.2274184
3.0596430,-0.3215983,3.3140250,0.2317969
3.0681087,-0.3269322,3.3067777,0.2361992
3.0765888,-0.3322471,3.2995304,0.2406261
3.0850832,-0.3375426,3.2922830,0.2450785
3.0935919,-0.3428180,3.2850357,0.2495574
3.1021148,-0.3480728,3.2777884,0.2540637
3.1106519,-0.3533065,3.2705411,0.2585982
3.1192031,-0.3585183,3.2632938,0.2631618
3.1277684,-0.3637079,3.2560464,0.2677554
3.1363476,-0.3688745,3.2487991,0.2723798
3.1449409,-0.3740176,3.2415518,0.2770358
3.1535480,-0.3791366,3.2343045,0.2817242
3.1621689,-0.3842311,3.2270571,0.2864458
3.1708037,-0.3893003,3.2198098,0.2912015
3.1794521,-0.3943437,3.2125625,0.2959919
3.1881142,-0.3993607,3.2053152,0.3008177
3.1967900,-0.4043508,3.1980679,0.3056798
3.2054793,-0.4093134,3.1908205,0.3105788
3.2141821,-0.4142479,3.1835732,0.3155153
3.2228983,-0.4191538,3.1763259,0.3204901
3.2316280,-0.4240304,3.1690786,0.3255038
3.2403710,-0.4288771,3.1618313,0.3305569
3.2491272,-0.4336935,3.1545839,0.3356502
3.2578967,-0.4384790,3.1473366,0.3407841
3.2666794,-0.4432328,3.1400893,0.3459592
3.2754751,-0.4479546,3.1328420,0.3511760
3.2842840,-0.4526437,3.1255946,0.3564349
3.2931058,-0.4572995,3.1183473,0.3617365
3.3019405,-0.4619215,3.1111000,0.3670812
3.3107882,-0.4665090,3.1038527,0.3724693
3.3196487,-0.4710616,3.0966054,0.3779013
3.3286038,-0.4756201,3.0892863,0.3826088
3.3376804,-0.4801963,3.0818719,0.3863692
3.3467697,-0.4847343,3.0744575,0.3902156
3.3558714,-0.4892334,3.0670432,0.3941492
3.3649850,-0.4936932,3.0596288,0.3981715
3.3741101,-0.4981130,3.0522144,0.4022838
3.3832463,-0.5024922,3.0448001,0.4064875
3.3923932,-0.5068304,3.0373857,0.4107841
3.4015505,-0.5111270,3.0299714,0.4151750
3.4107176,-0.5153813,3.0225570,0.4196618
3.4198942,-0.5195929,3.0151426,0.4242460
3.4290799,-0.5237611,3.0077283,0.4289291
3.4382743,-0.5278854,3.0003139,0.4337128
3.4474770,-0.5319652,2.9928995,0.4385986
3.4566876,-0.5360000,2.9854852,0.4435881
3.4659057,-0.5399892,2.9780708,0.4486831
3.4751309,-0.5439322,2.9706564,0.4538852
3.4843627,-0.5478284,2.9632421,0.4591961
3.4936008,-0.5516774,2.9558277,0.4646175
3.5028447,-0.5554785,2.9484133,0.4701512
3.5120942,-0.5592311,2.9409990,0.4757989
3.5213487,-0.5629348,2.9335846,0.4815624
3.5306078,-0.5665888,2.9261702,0.4874435
3.5398713,-0.5701928,2.9187559,0.4934439
3.5491385,-0.5737460,2.9113415,0.4995655
3.5584093,-0.5772480,2.9039271,0.5058102
3.5676830,-0.5806982,2.8965128,0.5121796
3.5769595,-0.5840960,2.8890984,0.5186756
3.5862381,-0.5874408,2.8816841,0.5253001
3.5955186,-0.5907321,2.8742697,0.5320549
3.6048006,-0.5939693,2.8668553,0.5389417
3.6140835,-0.5971518,2.8594410,0.5459624
3.6233671,-0.6002791,2.8520266,0.5531188
3.6326510,-0.6033507,2.8446122,0.5604125
3.6420437,-0.6064009,2.8368119,0.5669667
3.6520138,-0.6095753,2.8269654,0.5690506
3.6619818,-0.6126839,2.8171190,0.5713614
3.6719466,-0.6157264,2.8072725,0.5739030
3.6819069,-0.6187026,2.7974261,0.5766800
3.6918614,-0.6216123,2.7875796,0.5796971
3.7018090,-0.6244553,2.7777331,0.5829594
3.7117484,-0.6272312,2.7678867,0.5864723
3.7216784,-0.6299399,2.7580402,0.5902414
3.7315977,-0.6325812,2.7481938,0.5942729
3.7415052,-0.6351547,2.7383473,0.5985733
3.7513994,-0.6376603,2.7285009,0.6031493
3.7612794,-0.6400978,2.7186544,0.6080082
3.7711437,-0.6424668,2.7088079,0.6131575
3.7809912,-0.6447672,2.6989615,0.6186055
3.7908206,-0.6469988,2.6891150,0.6243605
3.8006307,-0.6491612,2.6792686,0.6304315
3.8104203,-0.6512543,2.6694221,0.6368281
3.8201881,-0.6532778,2.6595757,0.6435603
3.8299329,-0.6552316,2.6497292,0.6506384
3.8396535,-0.6571152,2.6398827,0.6580737
3.8493486,-0.6589286,2.6300363,0.6658778
3.8590169,-0.6606715,2.6201898,0.6740630
3.8686574,-0.6623437,2.6103434,0.6826423
3.8782687,-0.6639449,2.6004969,0.6916291
3.8878495,-0.6654748,2.5906504,0.7010378
3.8973987,-0.6669334,2.5808040,0.7108834
3.9069151,-0.6683202,2.5709575,0.7211818
3.9163973,-0.6696351,2.5611111,0.7319495
3.9258442,-0.6708779,2.5512646,0.7432039
3.9352545,-0.6720483,2.5414182,0.7549634
3.9446270,-0.6731461,2.5315717,0.7672472
3.9543875,-0.6742162,2.5206470,0.7771157
3.9653786,-0.6753313,2.5064880,0.7785891
3.9763106,-0.6763458,2.4923291,0.7805180
3.9871810,-0.6772609,2.4781701,0.7829238
3.9979873,-0.6780781,2.4640111,0.7858296
4.0087270,-0.6787986,2.4498521,0.7892601
4.0193977,-0.6794238,2.4356931,0.7932420
4.0299968,-0.6799549,2.4215341,0.7978040
4.0405219,-0.6803934,2.4073751,0.8029774
4.0509705,-0.6807405,2.3932161,0.8087959
4.0613400,-0.6809976,2.3790571,0.8152961
4.0716280,-0.6811659,2.3648981,0.8225177
4.0818320,-0.6812469,2.3507391,0.8305040
4.0919496,-0.6812418,2.3365801,0.8393021
4.1019781,-0.6811519,2.3224211,0.8489634
4.1119152,-0.6809787,2.3082621,0.8595441
4.1217583,-0.6807233,2.2941031,0.8711055
4.1315049,-0.6803871,2.2799441,0.8837149
4.1411526,-0.6799715,2.2657851,0.8974461
4.1506989,-0.6794777,2.2516261,0.9123801
4.1601412,-0.6789071,2.2374671,0.9286060
4.1694772,-0.6782611,2.2233081,0.9462221
4.1787042,-0.6775409,2.2091491,0.9653365
4.1878198,-0.6767478,2.1949901,0.9860690
4.1968215,-0.6758832,2.1808311,1.0085520
4.2057069,-0.6749484,2.1666721,1.0329323
4.2144734,-0.6739448,2.1525131,1.0593727
4.2239427,-0.6727671,2.1357999,1.0879846
4.2352725,-0.6712265,2.1127539,1.1166319
4.2463904,-0.6695710,2.0897079,1.1441357
4.2573019,-0.6678039,2.0666619,1.1702719
4.2680127,-0.6659279,2.0436159,1.1948084
4.2785284,-0.6639461,2.0205699,1.2175074
4.2888546,-0.6618615,1.9975239,1.2381277
4.2989970,-0.6596770,1.9744780,1.2564273
4.3089611,-0.6573956,1.9514320,1.2721659
4.3187527,-0.6550203,1.9283860,1.2851082
4.3283773,-0.6525541,1.9053400,1.2950266
4.3378406,-0.6500000,1.8822940,1.3017044
4.3471481,-0.6473609,1.8592480,1.3049389
4.3563056,-0.6446398,1.8362020,1.3045441
4.3653186,-0.6418397,1.8131560,1.3003538
4.3741928,-0.6389635,1.7901100,1.2922239
4.3829338,-0.6360143,1.7670640,1.2800347
4.3915473,-0.6329951,1.7440180,1.2636930
4.4000387,-0.6299087,1.7209720,1.2431333
4.4084139,-0.6267582,1.6979260,1.2183190
4.4167770,-0.6235077,1.6768354,1.1913713
4.4261512,-0.6197407,1.6781907,1.1828875
4.4354008,-0.6158954,1.6795460,1.1668940
4.4445398,-0.6119707,1.6809013,1.1433764
4.4535821,-0.6079655,1.6822566,1.1124710
4.4625416,-0.6038788,1.6836119,1.0744641
4.4714323,-0.5997096,1.6849672,1.0297857
4.4802679,-0.5954568,1.6863225,0.9789969
4.4890624,-0.5911193,1.6876778,0.9227728
4.4978298,-0.5866961,1.6890331,0.8618816
4.5065839,-0.5821862,1.6903883,0.7971600
4.5153386,-0.5775884,1.6917436,0.7294886
4.5241079,-0.5729018,1.6930989,0.6597658
4.5329057,-0.5681254,1.6944542,0.5888832
4.5417457,-0.5632580,1.6958095,0.5177040
4.5506421,-0.5582985,1.6971648,0.4470422
4.5596086,-0.5532461,1.6985201,0.3776476
4.5686592,-0.5480996,1.6998754,0.3101928
4.5771153,-0.5432556,1.7006441,0.3013709
4.5849832,-0.5387188,1.7008453,0.3456017
4.5929230,-0.5341071,1.7010466,0.3874330
4.6009320,-0.5294168,1.7012478,0.4270170
4.6090074,-0.5246443,1.7014490,0.4644914
4.6171465,-0.5197859,1.7016503,0.4999808
4.6253464,-0.5148381,1.7018515,0.5335977
4.6336045,-0.5097972,1.7020528,0.5654436
4.6419180,-0.5046595,1.7022540,0.5956097
4.6502841,-0.4994214,1.7024552,0.6241780
4.6587001,-0.4940793,1.7026565,0.6512220
4.6671632,-0.4886295,1.7028577,0.6768074
4.6756707,-0.4830684,1.7030589,0.7009930
4.6842198,-0.4773923,1.7032602,0.7238311
4.6928077,-0.4715976,1.7034614,0.7453683
4.7014318,-0.4656807,1.7036627,0.7656457
4.7100892,-0.4596379,1.7038639,0.7847001
4.7187772,-0.4534655,1.7040651,0.8025639
4.7274930,-0.4471600,1.7042664,0.8192656
4.7362339,-0.4407177,1.7044676,0.8348308
4.7449971,-0.4341350,1.7046688,0.8492820
4.7525411,-0.4283651,1.7046326,0.8494444
4.7599315,-0.4226183,1.7045647,0.8483222
4.7673303,-0.4167698,1.7044967,0.8477464
4.7747348,-0.4108196,1.7044288,0.8476925
4.7821421,-0.4047680,1.7043609,0.8481376
4.7895496,-0.3986150,1.7042930,0.8490608
4.7969544,-0.3923608,1.7042251,0.8504424
4.8043539,-0.3860056,1.7041571,0.8522642
4.8117452,-0.3795495,1.7040892,0.8545092
4.8191257,-0.3729927,1.7040213,0.8571613
4.8264925,-0.3663353,1.7039534,0.8602057
4.8338429,-0.3595774,1.7038855,0.8636279
4.8411742,-0.3527192,1.7038175,0.8674144
4.8484835,-0.3457608,1.7037496,0.8715524
4.8557682,-0.3387024,1.7036817,0.8760294
4.8630255,-0.3315441,1.7036138,0.8808334
4.8702526,-0.3242862,1.7035458,0.8859528
4.8774467,-0.3169286,1.7034779,0.8913761
4.8846052,-0.3094716,1.7034100,0.8970923
4.8917252,-0.3019153,1.7033421,0.9030901
4.8988040,-0.2942599,1.7032742,0.9093586
4.9058389,-0.2865055,1.7032062,0.9158867
4.9128271,-0.2786523,1.7031383,0.9226633
4.9197658,-0.2707003,1.7030704,0.9296772
4.9264370,-0.2629040,1.7030314,0.9321476
4.9326363,-0.2555215,1.7030495,0.9255275
4.9387899,-0.2480592,1.7030675,0.9192403
4.9448967,-0.2405178,1.7030855,0.9132772
4.9509558,-0.2328981,1.7031035,0.9076301
4.9569661,-0.2252008,1.7031216,0.9022906
4.9629266,-0.2174268,1.7031396,0.8972511
4.9688363,-0.2095768,1.7031576,0.8925038
4.9746943,-0.2016517,1.7031757,0.8880415
4.9804995,-0.1936522,1.7031937,0.8838571
4.9862509,-0.1855792,1.7032117,0.8799436
4.9919476,-0.1774334,1.7032297,0.8762945
4.9975886,-0.1692155,1.7032478,0.8729031
5.0031728,-0.1609265,1.7032658,0.8697633
5.0086992,-0.1525671,1.7032838,0.8668689
5.0141669,-0.1441381,1.7033019,0.8642141
5.0195749,-0.1356403,1.7033199,0.8617930
5.0249221,-0.1270744,1.7033379,0.8596002
5.0302076,-0.1184413,1.7033560,0.8576301
5.0354304,-0.1097418,1.7033740,0.8558774
5.0405894,-0.1009766,1.7033920,0.8543370
5.0456837,-0.0921466,1.7034100,0.8530038
5.0507122,-0.0832525,1.7034281,0.8518729
5.0556741,-0.0742951,1.7034461,0.8509393
5.0605682,-0.0652753,1.7034641,0.8501984
5.0653936,-0.0561937,1.7034822,0.8496455
5.0701493,-0.0470513,1.7035002,0.8492760
5.0747582,-0.0379998,1.7069592,0.8485066
5.0790943,-0.0293034,1.7197605,0.8462282
5.0833669,-0.0205548,1.7325618,0.8439458
5.0875755,-0.0117544,1.7453631,0.8416587
5.0917198,-0.0029025,1.7581645,0.8393665
5.0957992,0.0060007,1.7709658,0.8370685
5.0998134,0.0149549,1.7837671,0.8347641
5.1037620,0.0239598,1.7965684,0.8324528
5.1076446,0.0330150,1.8093698,0.8301339
5.1114606,0.0421203,1.8221711,0.8278069
5.1152098,0.0512755,1.8349724,0.8254711
5.1188917,0.0604801,1.8477738,0.8231260
5.1225058,0.0697339,1.8605751,0.8207710
5.1260519,0.0790367,1.8733764,0.8184055
5.1295293,0.0883881,1.8861777,0.8160289
5.1329378,0.0977878,1.8989791,0.8136407
5.1362770,0.1072356,1.9117804,0.8112404
5.1395463,0.1167311,1.9245817,0.8088273
5.1427454,0.1262741,1.9373830,0.8064010
5.1458738,0.1358642,1.9501844,0.8039608
5.1489312,0.1455012,1.9629857,0.8015064
5.1519172,0.1551848,1.9757870,0.7990370
5.1548312,0.1649147,1.9885884,0.7965523
5.1576730,0.1746906,2.0013897,0.7940518
5.1604420,0.1845122,2.0141910,0.7915349
5.1631379,0.1943792,2.0269923,0.7890013
5.1657602,0.2042913,2.0397937,0.7864503
5.1683085,0.2142482,2.0525950,0.7838817
5.1707825,0.2242497,2.0653963,0.7812949
5.1731132,0.2340036,2.0776882,0.7756388
5.1752920,0.2434403,2.0893568,0.7663394
5.1774055,0.2529147,2.1010254,0.7571712
5.1794538,0.2624263,2.1126939,0.7481352
5.1814374,0.2719744,2.1243625,0.7392321
5.1833564,0.2815585,2.1360311,0.7304625
5.1852110,0.2911780,2.1476997,0.7218268
5.1870016,0.3008322,2.1593682,0.7133253
5.1887283,0.3105207,2.1710368,0.7049582
5.1903915,0.3202427,2.1827054,0.6967253
5.1919913,0.3299978,2.1943740,0.6886267
5.1935280,0.3397854,2.2060425,0.6806619
5.1950018,0.3496047,2.2177111,0.6728307
5.1964130,0.3594554,2.2293797,0.6651326
5.1977619,0.3693367,2.2410483,0.6575670
5.1990486,0.3792481,2.2527168,0.6501334
5.2002735,0.3891890,2.2643854,0.6428310
5.2014367,0.3991588,2.2760540,0.6356589
5.2025386,0.4091569,2.2877226,0.6286165
5.2035793,0.4191827,2.2993911,0.6217027
5.2045592,0.4292357,2.3110597,0.6149165
5.2054784,0.4393153,2.3227283,0.6082570
5.2063372,0.4494208,2.3343969,0.6017232
5.2071359,0.4595517,2.3460654,0.5953138
5.2078747,0.4697074,2.3577340,0.5890277
5.2085538,0.4798873,2.3694026,0.5828639
5.2091735,0.4900908,2.3810712,0.5768211
5.2097341,0.5003174,2.3927397,0.5708980
5.2102357,0.5105664,2.4044083,0.5650935
5.2106787,0.5208372,2.4160769,0.5594063
5.2110632,0.5311293,2.4277455,0.5538351
5.2113793,0.5410857,2.4385227,0.5466197
5.2116369,0.5508642,2.4488091,0.5385458
5.2118433,0.5606604,2.4590956,0.5305806
5.2119990,0.5704738,2.4693820,0.5227236
5.2121045,0.5803040,2.4796685,0.5149741
5.2121602,0.5901506,2.4899549,0.5073314
5.2121668,0.6000131,2.5002414,0.4997948
5.2121246,0.6098911,2.5105278,0.4923633
5.2120342,0.6197841,2.5208143,0.4850362
5.2118960,0.6296919,2.5311007,0.4778123
5.2117107,0.6396139,2.5413871,0.4706908
5.2114786,0.6495496,2.5516736,0.4636705
5.2112003,0.6594988,2.5619600,0.4567503
5.2108763,0.6694609,2.5722465,0.4499291
5.2105070,0.6794356,2.5825329,0.4432056
5.2100930,0.6894224,2.5928194,0.4365787
5.2096348,0.6994208,2.6031058,0.4300471
5.2091329,0.7094306,2.6133923,0.4236095
5.2085877,0.7194511,2.6236787,0.4172646
5.2079998,0.7294821,2.6339652,0.4110110
5.2073697,0.7395230,2.6442516,0.4048475
5.2066978,0.7495735,2.6545381,0.3987727
5.2059847,0.7596331,2.6648245,0.3927851
5.2052309,0.7697015,2.6751110,0.3868835
5.2044368,0.7797781,2.6853974,0.3810663
5.2036030,0.7898625,2.6956839,0.3753322
5.2027300,0.7999545,2.7059703,0.3696798
5.2018182,0.8100534,2.7162568,0.3641076
5.2008681,0.8201589,2.7265432,0.3586142
5.1998804,0.8302705,2.7368297,0.3531982
5.1988554,0.8403879,2.7471161,0.3478582
5.1977936,0.8505106,2.7574026,0.3425926
5.1966988,0.8606095,2.7678058,0.3371659
5.1955986,0.8704474,2.7792899,0.3296305
5.1944654,0.8802895,2.7907739,0.3221417
5.1932999,0.8901354,2.8022579,0.3146991
5.1921027,0.8999853,2.8137419,0.3073025
5.1908746,0.9098387,2.8252259,0.2999515
5.1896162,0.9196958,2.8367099,0.2926455
5.1883282,0.9295562,2.8481940,0.2853840
5.1870113,0.9394200,2.8596780,0.2781665
5.1856662,0.9492868,2.8711620,0.2709924
5.1842935,0.9591567,2.8826460,0.2638609
5.1828939,0.9690294,2.8941300,0.2567712
5.1814681,0.9789049,2.9056140,0.2497228
5.1800168,0.9887829,2.9170980,0.2427146
5.1785407,0.9986634,2.9285821,0.2357459
5.1770404,1.0085463,2.9400661,0.2288158
5.1755166,1.0184313,2.9515501,0.2219234
5.1739700,1.0283183,2.9630341,0.2150676
5.1724013,1.0382073,2.9745181,0.2082475
5.1708112,1.0480981,2.9860021,0.2014621
5.1692003,1.0579905,2.9974861,0.1947102
5.1675694,1.0678844,3.0089702,0.1879909
5.1659190,1.0777796,3.0204542,0.1813030
5.1642500,1.0876762,3.0319382,0.1746453
5.1625629,1.0975738,3.0434222,0.1680167
5.1608584,1.1074723,3.0549062,0.1614161
5.1591373,1.1173717,3.0663902,0.1548422
5.1574001,1.1272718,3.0778743,0.1482938
5.1556477,1.1371724,3.0893583,0.1417696
5.1538806,1.1470735,3.1008423,0.1352684
5.1520996,1.1569748,3.1123263,0.1287889
5.1503053,1.1668763,3.1238103,0.1223299
5.1484984,1.1767777,3.1352943,0.1158899
5.1466795,1.1866791,3.1467783,0.1094677
5.1448628,1.1965085,3.1587905,0.1038386
5.1430452,1.2062853,3.1711894,0.0987799
5.1412178,1.2160622,3.1835883,0.0937198
5.1393808,1.2258393,3.1959872,0.0886590
5.1375348,1.2356170,3.2083861,0.0835983
5.1356803,1.2453955,3.2207849,0.0785385
5.1338176,1.2551750,3.2331838,0.0734802
5.1319473,1.2649557,3.2455827,0.0684242
5.1300697,1.2747379,3.2579816,0.0633712
5.1281855,1.2845218,3.2703805,0.0583219
5.1262949,1.2943077,3.2827794,0.0532770
5.1243986,1.3040957,3.2951783,0.0482371
5.1224969,1.3138862,3.3075771,0.0432030
5.1205903,1.3236794,3.3199760,0.0381753
5.1186792,1.3334755,3.3323749,0.0331547
5.1167642,1.3432747,3.3447738,0.0281418
5.1148457,1.3530772,3.3571727,0.0231372
5.1129241,1.3628834,3.3695716,0.0181417
5.1109999,1.3726935,3.3819704,0.0131557
5.1090735,1.3825076,3.3943693,0.0081801
5.1071455,1.3923261,3.4067682,0.0032153
5.1052162,1.4021491,3.4191671,-0.0017380
5.1032862,1.4119770,3.4315660,-0.0066792
5.1013559,1.4218098,3.4439649,-0.0116077
5.0994257,1.4316480,3.4563637,-0.0165229
5.0974961,1.4414916,3.4687626,-0.0214242
5.0955676,1.4513410,3.4811615,-0.0263110
5.0936407,1.4611964,3.4935604,-0.0311827
5.0917157,1.4710580,3.5059593,-0.0360386
5.0897932,1.4809261,3.5183582,-0.0408783
5.0878736,1.4908008,3.5307570,-0.0457012
5.0859573,1.5006825,3.5431559,-0.0505065
5.0840449,1.5105714,3.5555548,-0.0552938
5.0821368,1.5204677,3.5679537,-0.0600625
5.0802571,1.5302477,3.5801728,-0.0610786
5.0783961,1.5399629,3.5922869,-0.0599150
5.0765395,1.5496855,3.6044010,-0.0587547
5.0746875,1.5594156,3.6165152,-0.0575977
5.0728397,1.5691530,3.6286293,-0.0564439
5.0709962,1.5788979,3.6407435,-0.0552933
5.0691569,1.5886502,3.6528576,-0.0541461
5.0673216,1.5984099,3.6649717,-0.0530021
5.0654902,1.6081770,3.6770859,-0.0518615
5.0636626,1.6179515,3.6892000,-0.0507242
5.0618388,1.6277334,3.7013142,-0.0495902
5.0600186,1.6375227,3.7134283,-0.0484595
5.0582019,1.6473194,3.7255424,-0.0473322
5.0563886,1.6571235,3.7376566,-0.0462082
5.0545786,1.6669350,3.7497707,-0.0450876
5.0527719,1.6767538,3.7618848,-0.0439703
5.0509682,1.6865801,3.7739990,-0.0428565
5.0491675,1.6964137,3.7861131,-0.0417460
5.0473698,1.7062547,3.7982273,-0.0406389
5.0455748,1.7161031,3.8103414,-0.0395352
5.0437825,1.7259589,3.8224555,-0.0384349
5.0419928,1.7358220,3.8345697,-0.0373381
5.0402055,1.7456925,3.8466838,-0.0362446
5.0384207,1.7555703,3.8587980,-0.0351545
5.0366381,1.7654555,3.8709121,-0.0340679
5.0348577,1.7753481,3.8830262,-0.0329847
5.0330794,1.7852480,3.8951404,-0.0319050
5.0313030,1.7951553,3.9072545,-0.0308287
5.0295285,1.8050700,3.9193686,-0.0297558
5.0277557,1.8149919,3.9314828,-0.0286864
5.0259846,1.8249213,3.9435969,-0.0276204
5.0242150,1.8348579,3.9557111,-0.0265579
5.0224469,1.8448019,3.9678252,-0.0254988
5.0206801,1.8547533,3.9799393,-0.0244432
5.0189145,1.8647119,3.9920535,-0.0233911
5.0171841,1.8744857,4.0029901,-0.0230290
5.0154549,1.8842663,4.0139267,-0.0226699
5.0137267,1.8940535,4.0248633,-0.0223139
5.0119996,1.9038472,4.0357999,-0.0219607
5.0102736,1.9136471,4.0467365,-0.0216104
5.0085487,1.9234530,4.0576731,-0.0212628
5.0068250,1.9332647,4.0686097,-0.0209179
5.0051024,1.9430820,4.0795463,-0.0205756
5.0033809,1.9529047,4.0904828,-0.0202358
5.0016605,1.9627326,4.1014194,-0.0198985
4.9999413,1.9725655,4.1123560,-0.0195637
4.9982232,1.9824032,4.1232926,-0.0192311
4.9965063,1.9922454,4.1342292,-0.0189009
4.9947905,2.0020920,4.1451658,-0.0185728
4.9930759,2.0119428,4.1561024,-0.0182469
4.9913625,2.0217975,4.1670390,-0.0179231
4.9896502,2.0316560,4.1779755,-0.0176013
4.9879391,2.0415180,4.1889121,-0.0172815
4.9862292,2.0513833,4.1998487,-0.0169635
4.9845205,2.0612518,4.2107853,-0.0166474
4.9828129,2.0711232,4.2217219,-0.0163331
4.9811066,2.0809973,4.2326585,-0.0160205
4.9794014,2.0908739,4.2435951,-0.0157095
4.9776975,2.1007528,4.2545317,-0.0154001
4.9759947,2.1106339,4.2654683,-0.0150923
4.9742932,2.1205168,4.2764048,-0.0147859
4.9725929,2.1304013,4.2873414,-0.0144810
4.9708938,2.1402874,4.2982780,-0.0141774
4.9691960,2.1501747,4.3092146,-0.0138752
4.9674994,2.1600631,4.3201512,-0.0135742
4.9658040,2.1699524,4.3310878,-0.0132744
4.9641098,2.1798423,4.3420244,-0.0129757
4.9624170,2.1897326,4.3529610,-0.0126782
4.9607253,2.1996232,4.3638975,-0.0123817
4.9590350,2.2095138,4.3748341,-0.0120861
4.9573456,2.2194055,4.3730954,-0.0110515
4.9556574,2.2292975,4.3655963,-0.0096809
4.9539702,2.2391890,4.3580972,-0.0083103
4.9522840,2.2490798,4.3505980,-0.0069397
4.9505987,2.2589698,4.3430989,-0.0055687
4.9489140,2.2688588,4.3355998,-0.0041974
4.9472300,2.2787467,4.3281007,-0.0028254
4.9455466,2.2886332,4.3206015,-0.0014526
4.9438635,2.2985183,4.3131024,-0.0000789
4.9421807,2.3084018,4.3056033,0.0012959
4.9404980,2.3182835,4.2981042,0.0026721
4.9388154,2.3281633,4.2906051,0.0040496
4.9371328,2.3380410,4.2831059,0.0054289
4.9354500,2.3479165,4.2756068,0.0068099
4.9337669,2.3577895,4.2681077,0.0081929
4.9320834,2.3676600,4.2606086,0.0095780
4.9303994,2.3775277,4.2531094,0.0109655
4.9287148,2.3873926,4.2456103,0.0123554
4.9270294,2.3972544,4.2381112,0.0137481
4.9253432,2.4071130,4.2306121,0.0151436
4.9236561,2.4169683,4.2231129,0.0165421
4.9219678,2.4268201,4.2156138,0.0179438
4.9202784,2.4366681,4.2081147,0.0193488
4.9185877,2.4465124,4.2006156,0.0207575
4.9168955,2.4563526,4.1931165,0.0221698
4.9152018,2.4661888,4.1856173,0.0235861
4.9135065,2.4760206,4.1781182,0.0250065
4.9118094,2.4858479,4.1706191,0.0264311
4.9101105,2.4956706,4.1631200,0.0278602
4.9084096,2.5054886,4.1556208,0.0292940
4.9067066,2.5153015,4.1481217,0.0307326
4.9050014,2.5251094,4.1406226,0.0321762
4.9032938,2.5349121,4.1331235,0.0336250
4.9015838,2.5447093,4.1256243,0.0350793
4.8998713,2.5545010,4.1181252,0.0365391
4.8981435,2.5643589,4.1093406,0.0385731
4.8963923,2.5743272,4.0984756,0.0415364
4.8946380,2.5842892,4.0876106,0.0445106
4.8928801,2.5942447,4.0767456,0.0474963
4.8911186,2.6041933,4.0658806,0.0504940
4.8893530,2.6141350,4.0550156,0.0535040
4.8875832,2.6240694,4.0441506,0.0565270
4.8858089,2.6339965,4.0332855,0.0595632
4.8840298,2.6439159,4.0224205,0.0626133
4.8822456,2.6538274,4.0115555,0.0656776
4.8804562,2.6637309,4.0006905,0.0687567
4.8786611,2.6736261,3.9898255,0.0718511
4.8768603,2.6835128,3.9789605,0.0749611
4.8750533,2.6933909,3.9680955,0.0780874
4.8732400,2.7032600,3.9572305,0.0812303
4.8714200,2.7131199,3.9463655,0.0843905
4.8695931,2.7229705,3.9355005,0.0875683
4.8677591,2.7328116,3.9246355,0.0907643
4.8659177,2.7426429,3.9137705,0.0939789
4.8640686,2.7524642,3.9029054,0.0972127
4.8622115,2.7622753,3.8920404,0.1004662
4.8603462,2.7720759,3.8811754,0.1037399
4.8584725,2.7818660,3.8703104,0.1070342
4.8565900,2.7916452,3.8594454,0.1103498
4.8546985,2.8014134,3.8485804,0.1136870
4.8527978,2.8111702,3.8377154,0.1170465
4.8508875,2.8209156,3.8268504,0.1204287
4.8489674,2.8306493,3.8159854,0.1238342
4.8470373,2.8403711,3.8051204,0.1272634
4.8450968,2.8500807,3.7942554,0.1307170
4.8431458,2.8597781,3.7833903,0.1341953
4.8411839,2.8694628,3.7725253,0.1376991
4.8392109,2.8791348,3.7616603,0.1412287
4.8372266,2.8887938,3.7507953,0.1447847
4.8352306,2.8984396,3.7399303,0.1483677
4.8331646,2.9083495,3.7301680,0.1524768
4.8310656,2.9183404,3.7207857,0.1567923
4.8289530,2.9283163,3.7114034,0.1611442
4.8268266,2.9382769,3.7020211,0.1655332
4.8246860,2.9482219,3.6926388,0.1699601
4.8225309,2.9581509,3.6832565,0.1744259
4.8203609,2.9680639,3.6738741,0.1789313
4.8181756,2.9779603,3.6644918,0.1834773
4.8159748,2.9878400,3.6551095,0.1880645
4.8137581,2.9977027,3.6457272,0.1926939
4.8115252,3.0075481,3.6363449,0.1973662
4.8092756,3.0173758,3.6269626,0.2020824
4.8070091,3.0271857,3.6175803,0.2068433
4.8047254,3.0369774,3.6081980,0.2116496
4.8024240,3.0467506,3.5988156,0.2165023
4.8001046,3.0565051,3.5894333,0.2214021
4.7977670,3.0662406,3.5800510,0.2263500
4.7954107,3.0759567,3.5706687,0.2313466
4.7930354,3.0856532,3.5612864,0.2363928
4.7906408,3.0953299,3.5519041,0.2414895
4.7882265,3.1049863,3.5425218,0.2466374
4.7857922,3.1146223,3.5331395,0.2518374
4.7833376,3.1242376,3.5237571,0.2570902
4.7808622,3.1338318,3.5143748,0.2623966
4.7783658,3.1434047,3.5049925,0.2677575
4.7758480,3.1529560,3.4956102,0.2731735
4.7733085,3.1624854,3.4862279,0.2786454
4.7707469,3.1719926,3.4768456,0.2841739
4.7681629,3.1814773,3.4674633,0.2897599
4.7655562,3.1909393,3.4580810,0.2954039
4.7629263,3.2003783,3.4486986,0.3011067
4.7602731,3.2097939,3.4393163,0.3068690
4.7575960,3.2191859,3.4299340,0.3126913
4.7548310,3.2287740,3.4211793,0.3174809
4.7519432,3.2386685,3.4133734,0.3206758
4.7490279,3.2485354,3.4055674,0.3239290
4.7460853,3.2583744,3.3977614,0.3272414
4.7431152,3.2681852,3.3899554,0.3306141
4.7401176,3.2779673,3.3821495,0.3340480
4.7370923,3.2877204,3.3743435,0.3375443
4.7340395,3.2974442,3.3665375,0.3411040
4.7309590,3.3071382,3.3587315,0.3447282
4.7278507,3.3168020,3.3509256,0.3484179
4.7247146,3.3264354,3.3431196,0.3521744
4.7215507,3.3360379,3.3353136,0.3559986
4.7183589,3.3456091,3.3275077,0.3598919
4.7151392,3.3551488,3.3197017,0.3638554
4.7118914,3.3646564,3.3118957,0.3678902
4.7086155,3.3741317,3.3040897,0.3719976
4.7053116,3.3835743,3.2962838,0.3761788
4.7019795,3.3929837,3.2884778,0.3804351
4.6986191,3.4023597,3.2806718,0.3847677
4.6952305,3.4117018,3.2728658,0.3891779
4.6918135,3.4210097,3.2650599,0.3936670
4.6883682,3.4302830,3.2572539,0.3982363
4.6848944,3.4395213,3.2494479,0.4028872
4.6813921,3.4487243,3.2416420,0.4076210
4.6778613,3.4578915,3.2338360,0.4124391
4.6743018,3.4670227,3.2260300,0.4173428
4.6707138,3.4761174,3.2182240,0.4223336
4.6670970,3.4851753,3.2104181,0.4274129
4.6634514,3.4941960,3.2026121,0.4325820
4.6597770,3.5031791,3.1948061,0.4378425
4.6560738,3.5121242,3.1870001,0.4431957
4.6523416,3.5210310,3.1791942,0.4486431
4.6482919,3.5305751,3.1712791,0.4501768
4.6441811,3.5401388,3.1633534,0.4513827
4.6400371,3.5496564,3.1554278,0.4526465
4.6358603,3.5591275,3.1475022,0.4539694
4.6316511,3.5685520,3.1395766,0.4553529
4.6274101,3.5779293,3.1316509,0.4567984
4.6231376,3.5872593,3.1237253,0.4583074
4.6188342,3.5965416,3.1157997,0.4598814
4.6145001,3.6057760,3.1078740,0.4615219
4.6101359,3.6149619,3.0999484,0.4632306
4.6057421,3.6240993,3.0920228,0.4650091
4.6013190,3.6331877,3.0840972,0.4668592
4.5968670,3.6422268,3.0761715,0.4687825
4.5923867,3.6512163,3.0682459,0.4707810
4.5878785,3.6601559,3.0603203,0.4728564
4.5833427,3.6690453,3.0523947,0.4750108
4.5787799,3.6778841,3.0444690,0.4772461
4.5741905,3.6866720,3.0365434,0.4795643
4.5695749,3.6954088,3.0286178,0.4819677
4.5649336,3.7040940,3.0206922,0.4844584
4.5602670,3.7127275,3.0127665,0.4870386
4.5555755,3.7213088,3.0048409,0.4897109
4.5508595,3.7298376,2.9969153,0.4924774
4.5461196,3.7383137,2.9889897,0.4953409
4.5413562,3.7467366,2.9810640,0.4983039
4.5365696,3.7551062,2.9731384,0.5013690
4.5317604,3.7634220,2.9652128,0.5045391
4.5269289,3.7716838,2.9572871,0.5078171
4.5220756,3.7798912,2.9493615,0.5112059
4.5167444,3.7888030,2.9394367,0.5119118
4.5113133,3.7977729,2.9291854,0.5120988
4.5058570,3.8066761,2.9189341,0.5122097
4.5003762,3.8155132,2.9086828,0.5122443
4.4948714,3.8242846,2.8984314,0.5122022
4.4893431,3.8329906,2.8881801,0.5120830
4.4837920,3.8416316,2.8779288,0.5118864
4.4782187,3.8502080,2.8676774,0.5116121
4.4726235,3.8587202,2.8574261,0.5112598
4.4670073,3.8671687,2.8471748,0.5108293
4.4613704,3.8755537,2.8369235,0.5103202
4.4557135,3.8838757,2.8266721,0.5097324
4.4500371,3.8921351,2.8164208,0.5090656
4.4443419,3.9003323,2.8061695,0.5083196
4.4386283,3.9084677,2.7959181,0.5074941
4.4328969,3.9165416,2.7856668,0.5065891
4.4271483,3.9245545,2.7754155,0.5056042
4.4213831,3.9325067,2.7651642,0.5045393
4.4156018,3.9403986,2.7549128,0.5033942
4.4098050,3.9482307,2.7446615,0.5021687
4.4039932,3.9560033,2.7344102,0.5008627
4.3981671,3.9637169,2.7241588,0.4994759
4.3923272,3.9713717,2.7139075,0.4980082
4.3864740,3.9789683,2.7036562,0.4964593
4.3806082,3.9865069,2.6934048,0.4948291
4.3747302,3.9939880,2.6831535,0.4931174
4.3684772,4.0018677,2.6704253,0.5038106
4.3620192,4.0099205,2.6563966,0.5210769
4.3555447,4.0179056,2.6423680,0.5383587
4.3490520,4.0258234,2.6283393,0.5556291
4.3425394,4.0336740,2.6143107,0.5728602
4.3360052,4.0414580,2.6002821,0.5900228
4.3294476,4.0491755,2.5862534,0.6070867
4.3228649,4.0568268,2.5722248,0.6240209
4.3162554,4.0644123,2.5581961,0.6407931
4.3096173,4.0719323,2.5441675,0.6573707
4.3029490,4.0793871,2.5301388,0.6737200
4.2962487,4.0867770,2.5161102,0.6898068
4.2895146,4.0941022,2.5020816,0.7055967
4.2827450,4.1013633,2.4880529,0.7210547
4.2759383,4.1085603,2.4740243,0.7361458
4.2690927,4.1156936,2.4599956,0.7508349
4.2622064,4.1227637,2.4459670,0.7650872
4.2552777,4.1297706,2.4319384,0.7788681
4.2483049,4.1367149,2.4179097,0.7921436
4.2412863,4.1435967,2.4038811,0.8048804
4.2342201,4.1504163,2.3898524,0.8170460
4.2271047,4.1571742,2.3758238,0.8286092
4.2199382,4.1638706,2.3617952,0.8395399
4.2127190,4.1705058,2.3477665,0.8498094
4.2053869,4.1771324,2.3400018,0.8568066
4.1979737,4.1837189,2.3348843,0.8624134
4.1905035,4.1902427,2.3297667,0.8677849
4.1829758,4.1967033,2.3246492,0.8729131
4.1753901,4.2031005,2.3195317,0.8777906
4.1677460,4.2094338,2.3144141,0.8824101
4.1600429,4.2157030,2.3092966,0.8867643
4.1522804,4.2219076,2.3041791,0.8908467
4.1444580,4.2280474,2.2990615,0.8946506
4.1365753,4.2341219,2.2939440,0.8981700
4.1286317,4.2401309,2.2888265,0.9013990
4.1206269,4.2460739,2.2837089,0.9043323
4.1125603,4.2519506,2.2785914,0.9069648
4.1044315,4.2577608,2.2734739,0.9092919
4.0962400,4.2635039,2.2683563,0.9113096
4.0879854,4.2691797,2.2632388,0.9130141
4.0796671,4.2747879,2.2581213,0.9144021
4.0712847,4.2803280,2.2530037,0.9154709
4.0628377,4.2857998,2.2478862,0.9162183
4.0543256,4.2912028,2.2427686,0.9166425
4.0457480,4.2965368,2.2376511,0.9167423
4.0371045,4.3018013,2.2325336,0.9165170
4.0283944,4.3069961,2.2274160,0.9159663
4.0196259,4.3121158,2.2226376,0.9147626
4.0112117,4.3169271,2.2346396,0.8971473
4.0027371,4.3216756,2.2466415,0.8795185
3.9942025,4.3263621,2.2586434,0.8618955
3.9856086,4.3309877,2.2706453,0.8442969
3.9769559,4.3355533,2.2826472,0.8267401
3.9682449,4.3400598,2.2946492,0.8092413
3.9594763,4.3445081,2.3066511,0.7918157
3.9506506,4.3488993,2.3186530,0.7744775
3.9417682,4.3532342,2.3306549,0.7572398
3.9328299,4.3575138,2.3426569,0.7401147
3.9238361,4.3617391,2.3546588,0.7231134
3.9147874,4.3659110,2.3666607,0.7062460
3.9056843,4.3700303,2.3786626,0.6895219
3.8965275,4.3740982,2.3906645,0.6729495
3.8873174,4.3781154,2.4026665,0.6565364
3.8780546,4.3820830,2.4146684,0.6402894
3.8687397,4.3860019,2.4266703,0.6242144
3.8593733,4.3898731,2.4386722,0.6083168
3.8499558,4.3936974,2.4506742,0.5926012
3.8404878,4.3974758,2.4626761,0.5770715
3.8309700,4.4012093,2.4746780,0.5617311
3.8214028,4.4048988,2.4866799,0.5465828
3.8117868,4.4085453,2.4986818,0.5316286
3.8021226,4.4121496,2.5106838,0.5168704
3.7924979,4.4156810,2.5222396,0.5043504
3.7834075,4.4189645,2.5308415,0.5054323
3.7742762,4.4222124,2.5394433,0.5065121
3.7651041,4.4254241,2.5480452,0.5075891
3.7558914,4.4285990,2.5566471,0.5086624
3.7466382,4.4317365,2.5652489,0.5097313
3.7373446,4.4348362,2.5738508,0.5107949
3.7280106,4.4378975,2.5824526,0.5118526
3.7186364,4.4409197,2.5910545,0.5129034
3.7092222,4.4439024,2.5996563,0.5139465
3.6997679,4.4468450,2.6082582,0.5149812
3.6902737,4.4497469,2.6168600,0.5160067
3.6807398,4.4526075,2.6254619,0.5170221
3.6711662,4.4554264,2.6340638,0.5180265
3.6615530,4.4582029,2.6426656,0.5190192
3.6519003,4.4609366,2.6512675,0.5199994
3.6422083,4.4636267,2.6598693,0.5209661
3.6324770,4.4662729,2.6684712,0.5219187
3.6227066,4.4688745,2.6770730,0.5228561
3.6128972,4.4714309,2.6856749,0.5237777
3.6030488,4.4739417,2.6942768,0.5246825
3.5931616,4.4764062,2.7028786,0.5255697
3.5832356,4.4788239,2.7114805,0.5264385
3.5732711,4.4811942,2.7200823,0.5272881
3.5632681,4.4835166,2.7286842,0.5281175
3.5532266,4.4857905,2.7372860,0.5289260
3.5431469,4.4880154,2.7458879,0.5297127
3.5332997,4.4901332,2.7542686,0.5279175
3.5237959,4.4921254,2.7623404,0.5226157
3.5142592,4.4940739,2.7704123,0.5174160
3.5046903,4.4959788,2.7784841,0.5123171
3.4950894,4.4978401,2.7865560,0.5073174
3.4854570,4.4996580,2.7946278,0.5024155
3.4757936,4.5014324,2.8026997,0.4976099
3.4660996,4.5031634,2.8107715,0.4928994
3.4563753,4.5048511,2.8188434,0.4882823
3.4466214,4.5064955,2.8269152,0.4837574
3.4368381,4.5080967,2.8349871,0.4793233
3.4270259,4.5096548,2.8430589,0.4749786
3.4171852,4.5111697,2.8511307,0.4707220
3.4073166,4.5126416,2.8592026,0.4665522
3.3974203,4.5140705,2.8672744,0.4624678
3.3874969,4.5154565,2.8753463,0.4584677
3.3775468,4.5167995,2.8834181,0.4545504
3.3675704,4.5180998,2.8914900,0.4507148
3.3575681,4.5193572,2.8995618,0.4469597
3.3475404,4.5205720,2.9076337,0.4432839
3.3374877,4.5217440,2.9157055,0.4396861
3.3274105,4.5228735,2.9237774,0.4361652
3.3173091,4.5239604,2.9318492,0.4327200
3.3071841,4.5250048,2.9399211,0.4293496
3.2970358,4.5260067,2.9479929,0.4260526
3.2868647,4.5269663,2.9560648,0.4228281
3.2766712,4.5278835,2.9641366,0.4196750
3.2664557,4.5287585,2.9722085,0.4165923
3.2562187,4.5295912,2.9802803,0.4135789
3.2463921,4.5303495,2.9914079,0.4048697
3.2366072,4.5310653,3.0029638,0.3954543
3.2268038,4.5317443,3.0145197,0.3861420
3.2169824,4.5323870,3.0260755,0.3769316
3.2071433,4.5329942,3.0376314,0.3678218
3.1972868,4.5335666,3.0491873,0.3588114
3.1874134,4.5341049,3.0607432,0.3498988
3.1775233,4.5346097,3.0722991,0.3410827
3.1676170,4.5350818,3.0838550,0.3323614
3.1576947,4.5355218,3.0954109,0.3237333
3.1477569,4.5359305,3.1069668,0.3151969
3.1378038,4.5363086,3.1185227,0.3067503
3.1278359,4.5366567,3.1300786,0.2983918
3.1178535,4.5369755,3.1416345,0.2901197
3.1078569,4.5372658,3.1531904,0.2819319
3.0978466,4.5375282,3.1647463,0.2738268
3.0878228,4.5377635,3.1763022,0.2658024
3.0777859,4.5379722,3.1878581,0.2578567
3.0677363,4.5381552,3.1994140,0.2499878
3.0576743,4.5383132,3.2109699,0.2421936
3.0476003,4.5384467,3.2225258,0.2344723
3.0375146,4.5385566,3.2340817,0.2268217
3.0274176,4.5386434,3.2456376,0.2192398
3.0173096,4.5387080,3.2571935,0.2117246
3.0071910,4.5387509,3.2687493,0.2042739
2.9970622,4.5387730,3.2803052,0.1968857
2.9869235,4.5387748,3.2918611,0.1895580
2.9767752,4.5387572,3.3034170,0.1822886
2.9666178,4.5387207,3.3149729,0.1750753
2.9564515,4.5386661,3.3265288,0.1679162
2.9465035,4.5385959,3.3406120,0.1611381
2.9365728,4.5385099,3.3549746,0.1544413
2.9266347,4.5384085,3.3693372,0.1477875
2.9166893,4.5382925,3.3836998,0.1411749
2.9067371,4.5381624,3.3980625,0.1346018
2.8967783,4.5380189,3.4124251,0.1280666
2.8868133,4.5378626,3.4267877,0.1215674
2.8768422,4.5376941,3.4411503,0.1151025
2.8668654,4.5375140,3.4555129,0.1086703
2.8568833,4.5373230,3.4698755,0.1022690
2.8468960,4.5371217,3.4842381,0.0958969
2.8369039,4.5369108,3.4986007,0.0895522
2.8269073,4.5366908,3.5129633,0.0832332
2.8169064,4.5364623,3.5273259,0.0769382
2.8069017,4.5362261,3.5416885,0.0706654
2.7968933,4.5359827,3.5560511,0.0644132
2.7868816,4.5357327,3.5704137,0.0581797
2.7768668,4.5354769,3.5847763,0.0519633
2.7668493,4.5352157,3.5991389,0.0457623
2.7568293,4.5349499,3.6135015,0.0395748
2.7468072,4.5346801,3.6278641,0.0333992
2.7367832,4.5344068,3.6422267,0.0272338
2.7267577,4.5341308,3.6565893,0.0210767
2.7167309,4.5338526,3.6709519,0.0149264
2.7067031,4.5335728,3.6853145,0.0087810
2.6966747,4.5332922,3.6996771,0.0026389
2.6866458,4.5330113,3.7140398,-0.0035017
2.6766169,4.5327307,3.7284024,-0.0096425
2.6665882,4.5324511,3.7427650,-0.0157852
2.6565600,4.5321732,3.7571276,-0.0219315
2.6465250,4.5318972,3.7709816,-0.0275864
2.6364523,4.5316230,3.7822290,-0.0307008
2.6263811,4.5313519,3.7934763,-0.0338224
2.6163118,4.5310843,3.8047237,-0.0369523
2.6062448,4.5308206,3.8159710,-0.0400917
2.5961804,4.5305609,3.8272184,-0.0432416
2.5861191,4.5303058,3.8384657,-0.0464031
2.5760612,4.5300554,3.8497131,-0.0495775
2.5660071,4.5298101,3.8609605,-0.0527657
2.5559572,4.5295702,3.8722078,-0.0559690
2.5459119,4.5293362,3.8834552,-0.0591884
2.5358715,4.5291082,3.8947025,-0.0624252
2.5258365,4.5288866,3.9059499,-0.0656804
2.5158073,4.5286718,3.9171972,-0.0689553
2.5057841,4.5284640,3.9284446,-0.0722511
2.4957674,4.5282636,3.9396919,-0.0755689
2.4857577,4.5280710,3.9509393,-0.0789099
2.4757552,4.5278863,3.9621866,-0.0822754
2.4657603,4.5277101,3.9734340,-0.0856666
2.4557735,4.5275425,3.9846813,-0.0890848
2.4457951,4.5273840,3.9959287,-0.0925312
2.4358256,4.5272348,4.0071760,-0.0960071
2.4258652,4.5270953,4.0184234,-0.0995138
2.4159144,4.5269657,4.0296708,-0.1030527
2.4059735,4.5268465,4.0409181,-0.1066251
2.3960430,4.5267380,4.0521655,-0.1102323
2.3861232,4.5266404,4.0634128,-0.1138758
2.3762146,4.5265541,4.0746602,-0.1175569
2.3663174,4.5264794,4.0859075,-0.1212771
2.3564321,4.5264167,4.0971549,-0.1250378
2.3465591,4.5263663,4.1084022,-0.1288406
2.3364839,4.5263277,4.1173593,-0.1328325
2.3262586,4.5263024,4.1245718,-0.1369776
2.3160476,4.5262914,4.1317844,-0.1411655
2.3058512,4.5262951,4.1389969,-0.1453974
2.2956696,4.5263139,4.1462094,-0.1496745
2.2855031,4.5263482,4.1534219,-0.1539981
2.2753521,4.5263983,4.1606344,-0.1583694
2.2652167,4.5264646,4.1678469,-0.1627897
2.2550972,4.5265474,4.1750595,-0.1672604
2.2449941,4.5266472,4.1822720,-0.1717827
2.2349074,4.5267644,4.1894845,-0.1763579
2.2248376,4.5268993,4.1966970,-0.1809875
2.2147849,4.5270522,4.2039095,-0.1856727
2.2047496,4.5272236,4.2111220,-0.1904150
2.1947319,4.5274138,4.2183346,-0.1952157
2.1847323,4.5276233,4.2255471,-0.2000763
2.1747508,4.5278523,4.2327596,-0.2049983
2.1647879,4.5281013,4.2399721,-0.2099830
2.1548437,4.5283706,4.2471846,-0.2150320
2.1449187,4.5286606,4.2543971,-0.2201467
2.1350130,4.5289718,4.2616097,-0.2253287
2.1251270,4.5293043,4.2688222,-0.2305794
2.1152609,4.5296588,4.2760347,-0.2359004
2.1054151,4.5300354,4.2832472,-0.2412933
2.0955897,4.5304346,4.2904597,-0.2467597
2.0857852,4.5308568,4.2976722,-0.2523011
2.0760017,4.5313023,4.3048848,-0.2579191
2.0662396,4.5317716,4.3120973,-0.2636154
2.0564991,4.5322649,4.3193098,-0.2693916
2.0467294,4.5327855,4.3258752,-0.2748469
2.0365435,4.5333563,4.3268762,-0.2768419
2.0263813,4.5339545,4.3278773,-0.2787691
2.0162420,4.5345802,4.3288784,-0.2806267
2.0061250,4.5352335,4.3298795,-0.2824125
1.9960295,4.5359143,4.3308806,-0.2841248
1.9859548,4.5366229,4.3318817,-0.2857615
1.9759002,4.5373592,4.3328828,-0.2873208
1.9658650,4.5381232,4.3338839,-0.2888011
1.9558484,4.5389152,4.3348849,-0.2902007
1.9458497,4.5397350,4.3358860,-0.2915178
1.9358682,4.5405827,4.3368871,-0.2927511
1.9259033,4.5414585,4.3378882,-0.2938990
1.9159541,4.5423624,4.3388893,-0.2949601
1.9060199,4.5432944,4.3398904,-0.2959333
1.8961001,4.5442546,4.3408915,-0.2968173
1.8861939,4.5452431,4.3418926,-0.2976109
1.8763006,4.5462598,4.3428936,-0.2983133
1.8664195,4.5473050,4.3438947,-0.2989235
1.8565498,4.5483785,4.3448958,-0.2994406
1.8466909,4.5494806,4.3458969,-0.2998640
1.8368419,4.5506112,4.3468980,-0.3001930
1.8270023,4.5517704,4.3478991,-0.3004272
1.8171712,4.5529582,4.3489002,-0.3005662
1.8073480,4.5541748,4.3499013,-0.3006096
1.7975319,4.5554202,4.3509023,-0.3005574
1.7877223,4.5566943,4.3519034,-0.3004093
1.7779183,4.5579974,4.3529045,-0.3001655
1.7681171,4.5593298,4.3541282,-0.2995316
1.7582830,4.5606962,4.3589523,-0.2940509
1.7484526,4.5620915,4.3637764,-0.2885022
1.7386253,4.5635150,4.3686006,-0.2828889
1.7288006,4.5649663,4.3734247,-0.2772145
1.7189778,4.5664450,4.3782488,-0.2714825
1.7091564,4.5679506,4.3830729,-0.2656962
1.6993358,4.5694827,4.3878970,-0.2598593
1.6895153,4.5710407,4.3927212,-0.2539752
1.6796944,4.5726242,4.3975453,-0.2480472
1.6698725,4.5742327,4.4023694,-0.2420790
1.6600491,4.5758658,4.4071935,-0.2360740
1.6502234,4.5775231,4.4120177,-0.2300355
1.6403950,4.5792040,4.4168418,-0.2239669
1.6305633,4.5809080,4.4216659,-0.2178717
1.6207276,4.5826348,4.4264900,-0.2117531
1.6108874,4.5843839,4.4313142,-0.2056144
1.6010421,4.5861548,4.4361383,-0.1994590
1.5911910,4.5879470,4.4409624,-0.1932901
1.5813337,4.5897600,4.4457865,-0.1871108
1.5714695,4.5915935,4.4506107,-0.1809243
1.5615978,4.5934469,4.4554348,-0.1747338
1.5517180,4.5953198,4.4602589,-0.1685421
1.5418296,4.5972117,4.4650830,-0.1623525
1.5319320,4.5991222,4.4699072,-0.1561678
1.5220245,4.6010507,4.4747313,-0.1499909
1.5121067,4.6029969,4.4795554,-0.1438246
1.5021778,4.6049603,4.4843795,-0.1376719
1.4922798,4.6069318,4.4873048,-0.1320147
1.4826687,4.6088594,4.4768973,-0.1297395
1.4730462,4.6108020,4.4664899,-0.1274789
1.4634124,4.6127595,4.4560824,-0.1252329
1.4537672,4.6147316,4.4456749,-0.1230013
1.4441105,4.6167183,4.4352674,-0.1207842
1.4344424,4.6187193,4.4248600,-0.1185815
1.4247627,4.6207346,4.4144525,-0.1163931
1.4150715,4.6227639,4.4040450,-0.1142190
1.4053687,4.6248071,4.3936375,-0.1120591
1.3956542,4.6268641,4.3832301,-0.1099134
1.3859281,4.6289346,4.3728226,-0.1077818
1.3761902,4.6310185,4.3624151,-0.1056643
1.3664407,4.6331157,4.3520076,-0.1035608
1.3566793,4.6352260,4.3416002,-0.1014711
1.3469062,4.6373492,4.3311927,-0.0993954
1.3371211,4.6394852,4.3207852,-0.0973334
1.3273242,4.6416338,4.3103777,-0.0952851
1.3175154,4.6437948,4.2999703,-0.0932505
1.3076946,4.6459681,4.2895628,-0.0912295
1.2978618,4.6481536,4.2791553,-0.0892220
1.2880169,4.6503510,4.2687478,-0.0872279
1.2781600,4.6525603,4.2583404,-0.0852472
1.2682910,4.6547811,4.2479329,-0.0832798
1.2584098,4.6570135,4.2375254,-0.0813256
1.2485164,4.6592572,4.2271179,-0.0793845
1.2386108,4.6615121,4.2167105,-0.0774565
1.2286929,4.6637780,4.2063030,-0.0755415
1.2187628,4.6660547,4.1958955,-0.0736393
1.2089034,4.6683229,4.1849678,-0.0707597
1.1993652,4.6705243,4.1719534,-0.0639387
1.1898155,4.6727347,4.1589391,-0.0571605
1.1802537,4.6749535,4.1459248,-0.0504254
1.1706798,4.6771801,4.1329105,-0.0437341
1.1610934,4.6794140,4.1198962,-0.0370870
1.1514942,4.6816545,4.1068819,-0.0304845
1.1418820,4.6839011,4.0938676,-0.0239271
1.1322565,4.6861533,4.0808533,-0.0174153
1.1226175,4.6884103,4.0678390,-0.0109493
1.1129647,4.6906717,4.0548247,-0.0045298
1.1032978,4.6929368,4.0418104,0.0018431
1.0936165,4.6952052,4.0287961,0.0081689
1.0839206,4.6974761,4.0157817,0.0144473
1.0742098,4.6997490,4.0027674,0.0206779
1.0644839,4.7020234,3.9897531,0.0268604
1.0547425,4.7042986,3.9767388,0.0329944
1.0449855,4.7065741,3.9637245,0.0390797
1.0352125,4.7088492,3.9507102,0.0451160
1.0254232,4.7111235,3.9376959,0.0511028
1.0156175,4.7133963,3.9246816,0.0570399
1.0057949,4.7156670,3.9116673,0.0629271
0.9959554,4.7179351,3.8986530,0.0687640
0.9860986,4.7201999,3.8856387,0.0745503
0.9762241,4.7224610,3.8726244,0.0802857
0.9663319,4.7247177,3.8596100,0.0859700
0.9564215,4.7269694,3.8465957,0.0916027
0.9464928,4.7292155,3.8335814,0.0971838
0.9365454,4.7314555,3.8205671,0.1027127
0.9265791,4.7336888,3.8075528,0.1081893
0.9165995,4.7359135,3.7945842,0.1136496
0.9070955,4.7380208,3.7855282,0.1221577
0.8975737,4.7401202,3.7764722,0.1305907
0.8880338,4.7422109,3.7674163,0.1389483
0.8784754,4.7442919,3.7583603,0.1472302
0.8688984,4.7463626,3.7493043,0.1554357
0.8593024,4.7484221,3.7402483,0.1635645
0.8496871,4.7504695,3.7311923,0.1716160
0.8400522,4.7525042,3.7221364,0.1795898
0.8303975,4.7545252,3.7130804,0.1874851
0.8207227,4.7565317,3.7040244,0.1953014
0.8110274,4.7585229,3.6949684,0.2030381
0.8013114,4.7604980,3.6859125,0.2106945
0.7915744,4.7624562,3.6768565,0.2182699
0.7818161,4.7643967,3.6678005,0.2257636
0.7720363,4.7663186,3.6587445,0.2331747
0.7622345,4.7682211,3.6496885,0.2405025
0.7524107,4.7701035,3.6406326,0.2477462
0.7425643,4.7719648,3.6315766,0.2549048
0.7326953,4.7738043,3.6225206,0.2619775
0.7228032,4.7756212,3.6134646,0.2689633
0.7128878,4.7774146,3.6044086,0.2758613
0.7029489,4.7791837,3.5953527,0.2826704
0.6929860,4.7809278,3.5862967,0.2893896
0.6829990,4.7826459,3.5772407,0.2960178
0.6729875,4.7843373,3.5681847,0.3025539
0.6629513,4.7860012,3.5591288,0.3089969
0.6528901,4.7876367,3.5500728,0.3153456
0.6428035,4.7892430,3.5410168,0.3215987
0.6326913,4.7908194,3.5319608,0.3277551
0.6225533,4.7923649,3.5229048,0.3338135
0.6123890,4.7938788,3.5138489,0.3397728
0.6023218,4.7953425,3.5054119,0.3441650
0.5926346,4.7967170,3.4990027,0.3437633
0.5829242,4.7980615,3.4925935,0.3434396
0.5731911,4.7993757,3.4861842,0.3431929
0.5634360,4.8006595,3.4797750,0.3430224
0.5536595,4.8019124,3.4733658,0.3429272
0.5438622,4.8031343,3.4669565,0.3429067
0.5340447,4.8043250,3.4605473,0.3429600
0.5242077,4.8054842,3.4541381,0.3430866
0.5143517,4.8066116,3.4477288,0.3432858
0.5044774,4.8077071,3.4413196,0.3435571
0.4945854,4.8087703,3.4349104,0.3439001
0.4846762,4.8098011,3.4285011,0.3443142
0.4747506,4.8107992,3.4220919,0.3447992
0.4648090,4.8117643,3.4156827,0.3453546
0.4548522,4.8126962,3.4092734,0.3459802
0.4448808,4.8135946,3.4028642,0.3466756
0.4348953,4.8144594,3.3964550,0.3474408
0.4248963,4.8152903,3.3900457,0.3482755
0.4148846,4.8160870,3.3836365,0.3491796
0.4048606,4.8168492,3.3772272,0.3501531
0.3948251,4.8175768,3.3708180,0.3511958
0.3847785,4.8182696,3.3644088,0.3523079
0.3747216,4.8189271,3.3579995,0.3534893
0.3646550,4.8195493,3.3515903,0.3547401
0.3545792,4.8201359,3.3451811,0.3560605
0.3444949,4.8206866,3.3387718,0.3574505
0.3344027,4.8212012,3.3323626,0.3589105
0.3243032,4.8216794,3.3259534,0.3604406
0.3141970,4.8221210,3.3195441,0.3620410
0.3040847,4.8225258,3.3131349,0.3637122
0.2939669,4.8228935,3.3067257,0.3654544
0.2838444,4.8232239,3.3003164,0.3672680
0.2737175,4.8235167,3.2939072,0.3691535
0.2636449,4.8237703,3.2876323,0.3699471
0.2535917,4.8239860,3.2814093,0.3703684
0.2435361,4.8241643,3.2751864,0.3708688
0.2334790,4.8243050,3.2689634,0.3714483
0.2234208,4.8244083,3.2627405,0.3721071
0.2133622,4.8244738,3.2565175,0.3728454
0.2033040,4.8245017,3.2502946,0.3736634
0.1932467,4.8244917,3.2440716,0.3745615
0.1831909,4.8244438,3.2378487,0.3755399
0.1731373,4.8243580,3.2316257,0.3765992
0.1630866,4.8242342,3.2254028,0.3777396
0.1530394,4.8240723,3.2191798,0.3789618
0.1429963,4.8238722,3.2129569,0.3802662
0.1329580,4.8236338,3.2067339,0.3816535
0.1229251,4.8233571,3.2005110,0.3831243
0.1128983,4.8230419,3.1942880,0.3846792
0.1028782,4.8226883,3.1880651,0.3863191
0.0928654,4.8222961,3.1818422,0.3880446
0.0828606,4.8218653,3.1756192,0.3898567
0.0728645,4.8213958,3.1693963,0.3917563
0.0628776,4.8208874,3.1631733,0.3937442
0.0529007,4.8203402,3.1569504,0.3958215
0.0429343,4.8197540,3.1507274,0.3979893
0.0329791,4.8191288,3.1445045,0.4002487
0.0230357,4.8184645,3.1382815,0.4026007
0.0131048,4.8177610,3.1320586,0.4050468
0.0031871,4.8170183,3.1258356,0.4075880
-0.0067169,4.8162362,3.1196127,0.4102258
-0.0166064,4.8154147,3.1133897,0.4129615
-0.0264809,4.8145538,3.1071668,0.4157966
-0.0363397,4.8136533,3.1009438,0.4187327
-0.0461822,4.8127131,3.0947209,0.4217712
-0.0560077,4.8117332,3.0884979,0.4249138
-0.0658155,4.8107135,3.0822750,0.4281623
-0.0760672,4.8096030,3.0743223,0.4287153
-0.0863271,4.8084456,3.0662611,0.4291971
-0.0965653,4.8072447,3.0581999,0.4297845
-0.1067810,4.8060006,3.0501387,0.4304787
-0.1169736,4.8047135,3.0420775,0.4312812
-0.1271423,4.8033837,3.0340163,0.4321933
-0.1372863,4.8020114,3.0259552,0.4332166
-0.1474048,4.8005968,3.0178940,0.4343528
-0.1574972,4.7991403,3.0098328,0.4356035
-0.1675625,4.7976420,3.0017716,0.4369707
-0.1776002,4.7961023,2.9937104,0.4384563
-0.1876094,4.7945213,2.9856492,0.4400623
-0.1975894,4.7928993,2.9775881,0.4417909
-0.2075394,4.7912366,2.9695269,0.4436444
-0.2174587,4.7895334,2.9614657,0.4456251
-0.2273465,4.7877900,2.9534045,0.4477357
-0.2372020,4.7860066,2.9453433,0.4499788
-0.2470245,4.7841835,2.9372821,0.4523571
-0.2568133,4.7823209,2.9292210,0.4548737
-0.2665675,4.7804191,2.9211598,0.4575316
-0.2762865,4.7784784,2.9130986,0.4603340
-0.2859694,4.7764988,2.9050374,0.4632844
-0.2956156,4.7744809,2.8969762,0.4663863
-0.3052242,4.7724247,2.8889150,0.4696435
-0.3147945,4.7703305,2.8808539,0.4730598
-0.3243257,4.7681986,2.8727927,0.4766394
-0.3338171,4.7660293,2.8647315,0.4803866
-0.3432680,4.7638227,2.8566703,0.4843059
-0.3526775,4.7615792,2.8486091,0.4884020
-0.3620449,4.7592990,2.8405479,0.4926798
-0.3713695,4.7569823,2.8324868,0.4971445
-0.3806505,4.7546293,2.8244256,0.5018015
-0.3907330,4.7520193,2.8137954,0.5055690
-0.4010045,4.7493021,2.8024243,0.5091803
-0.4112191,4.7465407,2.7910531,0.5129480
-0.4213762,4.7437358,2.7796820,0.5168771
-0.4314749,4.7408879,2.7683109,0.5209725
-0.4415147,4.7379973,2.7569397,0.5252398
-0.4514949,4.7350646,2.7455686,0.5296844
-0.4614148,4.7320904,2.7341975,0.5343122
-0.4712737,4.7290749,2.7228263,0.5391293
-0.4810709,4.7260189,2.7114552,0.5441420
-0.4908057,4.7229226,2.7000841,0.5493571
-0.5004775,4.7197867,2.6887129,0.5547813
-0.5100855,4.7166116,2.6773418,0.5604220
-0.5196291,4.7133978,2.6659707,0.5662868
-0.5291077,4.7101457,2.6545995,0.5723837
-0.5385204,4.7068559,2.6432284,0.5787208
-0.5478667,4.7035289,2.6318573,0.5853070
-0.5571458,4.7001650,2.6204861,0.5921512
-0.5663571,4.6967649,2.6091150,0.5992631
-0.5754999,4.6933289,2.5977439,0.6066526
-0.5845735,4.6898577,2.5863727,0.6143301
-0.5935772,4.6863516,2.5750016,0.6223065
-0.6025103,4.6828111,2.5636305,0.6305934
-0.6113721,4.6792368,2.5522594,0.6392027
-0.6201621,4.6756291,2.5408882,0.6481470
-0.6288794,4.6719884,2.5295171,0.6574394
-0.6375234,4.6683154,2.5181460,0.6670939
-0.6460934,4.6646104,2.5067748,0.6771248
-0.6546071,4.6608658,2.4954059,0.6875686
-0.6643456,4.6565025,2.4841927,0.6996145
-0.6739848,4.6520972,2.4729795,0.7114345
-0.6835263,4.6476496,2.4617663,0.7230003
-0.6929715,4.6431594,2.4505531,0.7342830
-0.7023222,4.6386260,2.4393399,0.7452535
-0.7115798,4.6340491,2.4281267,0.7558825
-0.7207459,4.6294284,2.4169135,0.7661407
-0.7298222,4.6247633,2.4057003,0.7759989
-0.7388102,4.6200536,2.3944871,0.7854281
-0.7477114,4.6152987,2.3832739,0.7943999
-0.7565275,4.6104984,2.3720606,0.8028862
-0.7652600,4.6056522,2.3608474,0.8108597
-0.7739104,4.6007596,2.3496342,0.8182941
-0.7824805,4.5958204,2.3384210,0.8251640
-0.7909717,4.5908340,2.3272078,0.8314451
-0.7993856,4.5858002,2.3159946,0.8371145
-0.8077238,4.5807184,2.3047814,0.8421509
-0.8159879,4.5755884,2.2935682,0.8465344
-0.8241794,4.5704096,2.2823550,0.8502469
-0.8322999,4.5651817,2.2711418,0.8532723
-0.8403510,4.5599044,2.2599286,0.8555963
-0.8483343,4.5545771,2.2487154,0.8572068
-0.8562514,4.5491995,2.2375022,0.8580938
-0.8641037,4.5437712,2.2262890,0.8582494
-0.8719746,4.5382339,2.2151561,0.8609862
-0.8801992,4.5323423,2.2044360,0.8803827
-0.8883533,4.5263908,2.1937160,0.8995741
-0.8964365,4.5203779,2.1829959,0.9185245
-0.9044486,4.5143020,2.1722759,0.9371969
-0.9123891,4.5081618,2.1615558,0.9555535
-0.9202577,4.5019558,2.1508357,0.9735555
-0.9280540,4.4956826,2.1401157,0.9911634
-0.9357777,4.4893406,2.1293956,1.0083372
-0.9434283,4.4829286,2.1186756,1.0250366
-0.9510056,4.4764450,2.1079555,1.0412211
-0.9585092,4.4698883,2.0972355,1.0568501
-0.9659386,4.4632572,2.0865154,1.0718833
-0.9732936,4.4565502,2.0757954,1.0862809
-0.9805738,4.4497658,2.0650753,1.1000038
-0.9877788,4.4429025,2.0543553,1.1130138
-0.9949083,4.4359591,2.0436352,1.1252738
-1.0019619,4.4289339,2.0329152,1.1367483
-1.0089392,4.4218255,2.0221951,1.1474034
-1.0158398,4.4146326,2.0114751,1.1572070
-1.0226635,4.4073535,2.0007550,1.1661294
-1.0294098,4.3999870,1.9900350,1.1741430
-1.0360784,4.3925316,1.9793149,1.1812230
-1.0426689,4.3849858,1.9685949,1.1873474
-1.0489797,4.3775874,1.9793682,1.1642576
-1.0551754,4.3701556,1.9947844,1.1345835
-1.0613020,4.3626402,2.0102007,1.1045473
-1.0673616,4.3550423,2.0256169,1.0742234
-1.0733560,4.3473626,2.0410332,1.0436827
-1.0792873,4.3396022,2.0564494,1.0129920
-1.0851575,4.3317620,2.0718657,0.9822146
-1.0909685,4.3238430,2.0872819,0.9514095
-1.0967224,4.3158460,2.1026982,0.9206317
-1.1024211,4.3077720,2.1181145,0.8899323
-1.1080665,4.2996219,2.1335307,0.8593582
-1.1136607,4.2913967,2.1489470,0.8289526
-1.1192057,4.2830973,2.1643632,0.7987548
-1.1247034,4.2747247,2.1797795,0.7688003
-1.1301559,4.2662797,2.1951957,0.7391213
-1.1355650,4.2577634,2.2106120,0.7097463
-1.1409328,4.2491766,2.2260282,0.6807007
-1.1462613,4.2405204,2.2414445,0.6520070
-1.1515524,4.2317955,2.2568607,0.6236846
-1.1568082,4.2230030,2.2722770,0.5957501
-1.1620305,4.2141438,2.2876932,0.5682178
-1.1672215,4.2052188,2.3031095,0.5410994
-1.1723830,4.1962291,2.3185257,0.5144046
-1.1775171,4.1871754,2.3339420,0.4881411
-1.1823706,4.1785164,2.3465280,0.4799619
-1.1870050,4.1701568,2.3569252,0.4854396
-1.1916174,4.1617449,2.3673223,0.4908057
-1.1962070,4.1532802,2.3777195,0.4960606
-1.2007726,4.1447625,2.3881166,0.5012045
-1.2053135,4.1361915,2.3985137,0.5062374
-1.2098286,4.1275668,2.4089109,0.5111594
-1.2143170,4.1188881,2.4193080,0.5159704
-1.2187777,4.1101552,2.4297052,0.5206701
-1.2232097,4.1013678,2.4401023,0.5252584
-1.2276121,4.0925255,2.4504995,0.5297348
-1.2319839,4.0836279,2.4608966,0.5340988
-1.2363241,4.0746750,2.4712937,0.5383501
-1.2406319,4.0656662,2.4816909,0.5424879
-1.2449062,4.0566013,2.4920880,0.5465117
-1.2491461,4.0474800,2.5024852,0.5504207
-1.2533506,4.0383021,2.5128823,0.5542142
-1.2575187,4.0290671,2.5232794,0.5578914
-1.2616496,4.0197748,2.5336766,0.5614515
-1.2657421,4.0104248,2.5440737,0.5648936
-1.2697955,4.0010169,2.5544709,0.5682168
-1.2738086,3.9915508,2.5648680,0.5714202
-1.2777806,3.9820262,2.5752652,0.5745029
-1.2817105,3.9724427,2.5856623,0.5774639
-1.2855973,3.9628000,2.5960594,0.5803023
-1.2894401,3.9530979,2.6064566,0.5830171
-1.2932378,3.9433359,2.6168537,0.5856073
-1.2966776,3.9343381,2.6241939,0.5823827
-1.3000598,3.9253400,2.6313504,0.5789466
-1.3034029,3.9162930,2.6385069,0.5756449
-1.3067065,3.9071976,2.6456634,0.5724743
-1.3099702,3.8980543,2.6528199,0.5694313
-1.3131936,3.8888636,2.6599764,0.5665129
-1.3163762,3.8796260,2.6671329,0.5637159
-1.3195175,3.8703421,2.6742894,0.5610373
-1.3226172,3.8610124,2.6814459,0.5584744
-1.3256749,3.8516373,2.6886024,0.5560241
-1.3286900,3.8422173,2.6957588,0.5536840
-1.3316622,3.8327531,2.7029153,0.5514514
-1.3345910,3.8232451,2.7100718,0.5493237
-1.3374761,3.8136938,2.7172283,0.5472985
-1.3403168,3.8040997,2.7243848,0.5453734
-1.3431129,3.7944633,2.7315413,0.5435463
-1.3458640,3.7847852,2.7386978,0.5418147
-1.3485694,3.7750658,2.7458543,0.5401766
-1.3512289,3.7653057,2.7530108,0.5386300
-1.3538421,3.7555053,2.7601673,0.5371727
-1.3564084,3.7456653,2.7673238,0.5358028
-1.3589274,3.7357861,2.7744803,0.5345185
-1.3613987,3.7258681,2.7816367,0.5333177
-1.3638219,3.7159120,2.7887932,0.5321989
-1.3661966,3.7059182,2.7959497,0.5311602
-1.3685223,3.6958873,2.8031062,0.5301998
-1.3707985,3.6858197,2.8102627,0.5293163
-1.3730249,3.6757160,2.8174192,0.5285078
-1.3752010,3.6655767,2.8245757,0.5277730
-1.3772247,3.6558959,2.8309285,0.5238261
-1.3791660,3.6463648,2.8369873,0.5187649
-1.3810631,3.6368039,2.8430461,0.5137925
-1.3829161,3.6272137,2.8491049,0.5089078
-1.3847251,3.6175945,2.8551637,0.5041097
-1.3864902,3.6079468,2.8612225,0.4993973
-1.3882115,3.5982709,2.8672813,0.4947694
-1.3898890,3.5885673,2.8733401,0.4902252
-1.3915228,3.5788364,2.8793989,0.4857635
-1.3931131,3.5690785,2.8854577,0.4813834
-1.3946598,3.5592942,2.8915165,0.4770838
-1.3961632,3.5494839,2.8975753,0.4728637
-1.3976232,3.5396478,2.9036342,0.4687222
-1.3990400,3.5297865,2.9096930,0.4646581
-1.4004136,3.5199004,2.9157518,0.4606707
-1.4017441,3.5099899,2.9218106,0.4567588
-1.4030317,3.5000553,2.9278694,0.4529214
-1.4042764,3.4900971,2.9339282,0.4491578
-1.4054783,3.4801158,2.9399870,0.4454668
-1.4066374,3.4701116,2.9460458,0.4418475
-1.4077539,3.4600851,2.9521046,0.4382991
-1.4088278,3.4500366,2.9581634,0.4348206
-1.4098593,3.4399666,2.9642222,0.4314110
-1.4108484,3.4298755,2.9702810,0.4280696
-1.4117952,3.4197637,2.9763398,0.4247954
-1.4126998,3.4096315,2.9823986,0.4215876
-1.4135622,3.3994795,2.9884574,0.4184452
-1.4143826,3.3893080,2.9945162,0.4153676
-1.4151611,3.3791174,3.0005750,0.4123538
-1.4158976,3.3689081,3.0066338,0.4094029
-1.4165924,3.3586806,3.0126926,0.4065144
-1.4172325,3.3486466,3.0196959,0.4023403
-1.4178180,3.3388527,3.0278454,0.3965903
-1.4183660,3.3290432,3.0359950,0.3908981
-1.4188771,3.3192183,3.0441446,0.3852635
-1.4193515,3.3093782,3.0522942,0.3796860
-1.4197897,3.2995233,3.0604437,0.3741653
-1.4201920,3.2896537,3.0685933,0.3687010
-1.4205588,3.2797699,3.0767429,0.3632927
-1.4208905,3.2698719,3.0848925,0.3579400
-1.4211875,3.2599602,3.0930421,0.3526423
-1.4214501,3.2500348,3.1011916,0.3473991
-1.4216788,3.2400962,3.1093412,0.3422101
-1.4218739,3.2301446,3.1174908,0.3370745
-1.4220357,3.2201802,3.1256404,0.3319919
-1.4221647,3.2102033,3.1337899,0.3269616
-1.4222613,3.2002142,3.1419395,0.3219831
-1.4223258,3.1902130,3.1500891,0.3170557
-1.4223586,3.1802002,3.1582387,0.3121789
-1.4223601,3.1701759,3.1663882,0.3073520
-1.4223306,3.1601405,3.1745378,0.3025743
-1.4222706,3.1500941,3.1826874,0.2978452
-1.4221804,3.1400370,3.1908370,0.2931640
-1.4220604,3.1299696,3.1989865,0.2885300
-1.4219110,3.1198920,3.2071361,0.2839425
-1.4217326,3.1098045,3.2152857,0.2794008
-1.4215255,3.0997075,3.2234353,0.2749043
-1.4212901,3.0896010,3.2315848,0.2704521
-1.4210268,3.0794855,3.2397344,0.2660436
-1.4207361,3.0693612,3.2478840,0.2616780
-1.4204181,3.0592283,3.2560336,0.2573547
-1.4200734,3.0490871,3.2641832,0.2530728
-1.4197024,3.0389379,3.2723327,0.2488316
-1.4193053,3.0287809,3.2804823,0.2446304
-1.4188907,3.0188043,3.2901244,0.2404962
-1.4184558,3.0089107,3.3004816,0.2364074
-1.4179973,2.9990105,3.3108388,0.2323488
-1.4175157,2.9891037,3.3211961,0.2283200
-1.4170113,2.9791905,3.3315533,0.2243205
-1.4164844,2.9692712,3.3419105,0.2203499
-1.4159354,2.9593458,3.3522677,0.2164076
-1.4153646,2.9494146,3.3626250,0.2124933
-1.4147724,2.9394778,3.3729822,0.2086063
-1.4141592,2.9295355,3.3833394,0.2047462
-1.4135252,2.9195879,3.3936966,0.2009124
-1.4128709,2.9096351,3.4040538,0.1971046
-1.4121967,2.8996775,3.4144111,0.1933221
-1.4115027,2.8897151,3.4247683,0.1895644
-1.4107895,2.8797481,3.4351255,0.1858310
-1.4100574,2.8697768,3.4454827,0.1821215
-1.4093067,2.8598012,3.4558400,0.1784351
-1.4085377,2.8498215,3.4661972,0.1747715
-1.4077509,2.8398381,3.4765544,0.1711301
-1.4069465,2.8298509,3.4869116,0.1675104
-1.4061250,2.8198602,3.4972688,0.1639117
-1.4052867,2.8098662,3.5076261,0.1603336
-1.4044319,2.7998691,3.5179833,0.1567755
-1.4035611,2.7898690,3.5283405,0.1532369
-1.4026744,2.7798661,3.5386977,0.1497171
-1.4017724,2.7698607,3.5490550,0.1462158
-1.4008553,2.7598528,3.5594122,0.1427322
-1.3999236,2.7498426,3.5697694,0.1392659
-1.3989775,2.7398304,3.5801266,0.1358163
-1.3980174,2.7298163,3.5904838,0.1323827
-1.3970437,2.7198004,3.6008411,0.1289648
-1.3960567,2.7097831,3.6111983,0.1255618
-1.3950568,2.6997644,3.6215555,0.1221732
-1.3940443,2.6897445,3.6319127,0.1187985
-1.3930280,2.6798053,3.6321270,0.1161592
-1.3920001,2.6698668,3.6321270,0.1135441
-1.3909608,2.6599277,3.6321270,0.1109376
-1.3899102,2.6499879,3.6321270,0.1083394
-1.3888487,2.6400477,3.6321270,0.1057493
-1.3877765,2.6301070,3.6321270,0.1031669
-1.3866939,2.6201660,3.6321270,0.1005919
-1.3856012,2.6102249,3.6321270,0.0980241
-1.3844986,2.6002838,3.6321270,0.0954632
-1.3833865,2.5903427,3.6321270,0.0929088
-1.3822649,2.5804019,3.6321270,0.0903607
-1.3811343,2.5704613,3.6321270,0.0878186
-1.3799950,2.5605212,3.6321270,0.0852821
-1.3788470,2.5505816,3.6321270,0.0827510
-1.3776909,2.5406427,3.6321270,0.0802250
-1.3765267,2.5307045,3.6321270,0.0777037
-1.3753548,2.5207673,3.6321270,0.0751869
-1.3741754,2.5108310,3.6321270,0.0726742
-1.3729888,2.5008959,3.6321270,0.0701654
-1.3717954,2.4909620,3.6321270,0.0676601
-1.3705952,2.4810295,3.6321270,0.0651580
-1.3693887,2.4710985,3.6321270,0.0626588
-1.3681760,2.4611691,3.6321270,0.0601622
-1.3669575,2.4512414,3.6321270,0.0576679
-1.3657334,2.4413155,3.6321270,0.0551755
-1.3645040,2.4313916,3.6321270,0.0526848
-1.3632695,2.4214697,3.6321270,0.0501954
-1.3620303,2.4115500,3.6321270,0.0477070
-1.3607865,2.4016326,3.6321270,0.0452192
-1.3595385,2.3917177,3.6321270,0.0427318
-1.3582865,2.3818052,3.6321270,0.0402445
-1.3570308,2.3718954,3.6321270,0.0377568
-1.3557716,2.3619884,3.6321270,0.0352685
-1.3545093,2.3520843,4.0084562,0.0327792
