-5.9495868,-0.5667079,3.2277982,0.3842190
-5.9501908,-0.5765731,3.2236925,0.3857433
-5.9507578,-0.5864501,3.2195868,0.3873093
-5.9512873,-0.5963385,3.2154811,0.3889169
-5.9517792,-0.6062379,3.2113753,0.3905660
-5.9522332,-0.6161480,3.2072696,0.3922565
-5.9526489,-0.6260682,3.2031639,0.3939884
-5.9530261,-0.6359981,3.1990582,0.3957616
-5.9533645,-0.6459375,3.1949525,0.3975761
-5.9536638,-0.6558857,3.1908467,0.3994317
-5.9539238,-0.6658425,3.1867410,0.4013285
-5.9541441,-0.6758074,3.1826353,0.4032663
-5.9543244,-0.6857800,3.1785296,0.4052451
-5.9544645,-0.6957598,3.1744239,0.4072648
-5.9545641,-0.7057465,3.1703181,0.4093255
-5.9546229,-0.7157397,3.1662124,0.4114270
-5.9546407,-0.7257389,3.1621067,0.4135694
-5.9546170,-0.7357438,3.1580010,0.4157525
-5.9545517,-0.7457538,3.1538953,0.4179763
-5.9544444,-0.7557687,3.1497895,0.4202408
-5.9542949,-0.7657879,3.1456838,0.4225459
-5.9541028,-0.7758111,3.1415781,0.4248915
-5.9538680,-0.7858378,3.1374724,0.4272776
-5.9535900,-0.7958677,3.1333666,0.4297041
-5.9532687,-0.8059003,3.1292609,0.4321710
-5.9529038,-0.8159352,3.1251552,0.4346782
-5.9524948,-0.8259720,3.1210495,0.4372255
-5.9520417,-0.8360103,3.1169438,0.4398130
-5.9515440,-0.8460497,3.1128380,0.4424405
-5.9510015,-0.8560897,3.1087323,0.4451078
-5.9504139,-0.8661299,3.1046266,0.4478150
-5.9497809,-0.8761700,3.1005209,0.4505619
-5.9491022,-0.8862095,3.0964152,0.4533483
-5.9483776,-0.8962480,3.0923094,0.4561740
-5.9476068,-0.9062851,3.0882037,0.4590391
-5.9467930,-0.9162774,3.0845654,0.4601525
-5.9459351,-0.9262443,3.0811796,0.4603411
-5.9450311,-0.9362086,3.0777938,0.4605729
-5.9440811,-0.9461699,3.0744081,0.4608479
-5.9430851,-0.9561279,3.0710223,0.4611661
-5.9420430,-0.9660820,3.0676365,0.4615275
-5.9409549,-0.9760319,3.0642508,0.4619318
-5.9398207,-0.9859772,3.0608650,0.4623792
-5.9386404,-0.9959175,3.0574792,0.4628696
-5.9374141,-1.0058525,3.0540934,0.4634030
-5.9361417,-1.0157817,3.0507077,0.4639793
-5.9348232,-1.0257046,3.0473219,0.4645985
-5.9334586,-1.0356210,3.0439361,0.4652606
-5.9320480,-1.0455305,3.0405503,0.4659657
-5.9305912,-1.0554325,3.0371646,0.4667137
-5.9290884,-1.0653268,3.0337788,0.4675045
-5.9275394,-1.0752129,3.0303930,0.4683383
-5.9259443,-1.0850905,3.0270073,0.4692151
-5.9243031,-1.0949590,3.0236215,0.4701347
-5.9226157,-1.1048183,3.0202357,0.4710974
-5.9208822,-1.1146677,3.0168499,0.4721030
-5.9191026,-1.1245070,3.0134642,0.4731517
-5.9172768,-1.1343358,3.0100784,0.4742434
-5.9154049,-1.1441536,3.0066926,0.4753782
-5.9134868,-1.1539600,3.0033068,0.4765562
-5.9115225,-1.1637548,2.9999211,0.4777773
-5.9095121,-1.1735373,2.9965353,0.4790416
-5.9074555,-1.1833074,2.9931495,0.4803492
-5.9053527,-1.1930645,2.9897638,0.4817001
-5.9032037,-1.2028082,2.9863780,0.4830943
-5.9010085,-1.2125382,2.9829922,0.4845320
-5.8987671,-1.2222541,2.9796064,0.4860131
-5.8964794,-1.2319555,2.9762207,0.4875378
-5.8941456,-1.2416419,2.9728349,0.4891060
-5.8917630,-1.2513233,2.9693675,0.4906213
-5.8892998,-1.2611240,2.9648252,0.4909140
-5.8867891,-1.2709080,2.9602828,0.4912589
-5.8842311,-1.2806750,2.9557405,0.4916562
-5.8816259,-1.2904244,2.9511982,0.4921063
-5.8789737,-1.3001560,2.9466559,0.4926092
-5.8762745,-1.3098692,2.9421136,0.4931653
-5.8735286,-1.3195636,2.9375712,0.4937747
-5.8707361,-1.3292388,2.9330289,0.4944379
-5.8678971,-1.3388943,2.9284866,0.4951549
-5.8650118,-1.3485298,2.9239443,0.4959261
-5.8620803,-1.3581448,2.9194020,0.4967519
-5.8591027,-1.3677388,2.9148596,0.4976324
-5.8560793,-1.3773115,2.9103173,0.4985680
-5.8530101,-1.3868623,2.9057750,0.4995590
-5.8498953,-1.3963910,2.9012327,0.5006058
-5.8467351,-1.4058970,2.8966904,0.5017087
-5.8435295,-1.4153799,2.8921480,0.5028679
-5.8402787,-1.4248392,2.8876057,0.5040840
-5.8369829,-1.4342747,2.8830634,0.5053572
-5.8336422,-1.4436857,2.8785211,0.5066879
-5.8302568,-1.4530719,2.8739788,0.5080766
-5.8268268,-1.4624329,2.8694364,0.5095236
-5.8233523,-1.4717682,2.8648941,0.5110292
-5.8198335,-1.4810774,2.8603518,0.5125940
-5.8162705,-1.4903600,2.8558095,0.5142184
-5.8126635,-1.4996157,2.8512672,0.5159027
-5.8090126,-1.5088440,2.8467248,0.5176475
-5.8053180,-1.5180445,2.8421825,0.5194532
-5.8015798,-1.5272167,2.8376402,0.5213202
-5.7977981,-1.5363602,2.8330979,0.5232491
-5.7939732,-1.5454745,2.8285556,0.5252402
-5.7901050,-1.5545594,2.8240132,0.5272941
-5.7861939,-1.5636142,2.8194709,0.5294113
-5.7822391,-1.5726404,2.8149226,0.5316062
-5.7780842,-1.5819872,2.8091600,0.5367092
-5.7738830,-1.5912999,2.8033974,0.5419195
-5.7696356,-1.6005780,2.7976347,0.5472382
-5.7653418,-1.6098206,2.7918721,0.5526662
-5.7610016,-1.6190272,2.7861095,0.5582046
-5.7566149,-1.6281970,2.7803468,0.5638543
-5.7521817,-1.6373293,2.7745842,0.5696161
-5.7477019,-1.6464234,2.7688216,0.5754911
-5.7431755,-1.6554787,2.7630589,0.5814800
-5.7386024,-1.6644944,2.7572963,0.5875837
-5.7339825,-1.6734699,2.7515337,0.5938031
-5.7293157,-1.6824044,2.7457711,0.6001389
-5.7246021,-1.6912973,2.7400084,0.6065918
-5.7198415,-1.7001479,2.7342458,0.6131625
-5.7150339,-1.7089554,2.7284832,0.6198516
-5.7101792,-1.7177193,2.7227205,0.6266597
-5.7052773,-1.7264387,2.7169579,0.6335873
-5.7003283,-1.7351131,2.7111953,0.6406348
-5.6953320,-1.7437416,2.7054326,0.6478026
-5.6902884,-1.7523237,2.6996700,0.6550909
-5.6851974,-1.7608586,2.6939074,0.6625000
-5.6800589,-1.7693457,2.6881448,0.6700300
-5.6748730,-1.7777841,2.6823821,0.6776807
-5.6696395,-1.7861734,2.6766195,0.6854522
-5.6643583,-1.7945127,2.6708569,0.6933441
-5.6590295,-1.8028013,2.6650942,0.7013562
-5.6536529,-1.8110387,2.6593316,0.7094879
-5.6482285,-1.8192240,2.6535690,0.7177385
-5.6427562,-1.8273566,2.6478063,0.7261074
-5.6372360,-1.8354357,2.6420437,0.7345936
-5.6316678,-1.8434608,2.6362811,0.7431960
-5.6260515,-1.8514311,2.6305185,0.7519132
-5.6202997,-1.8594672,2.6259755,0.7592659
-5.6142013,-1.8678507,2.6255422,0.7618137
-5.6080490,-1.8761694,2.6251090,0.7645794
-5.6018438,-1.8844224,2.6246758,0.7675669
-5.5955865,-1.8926090,2.6242425,0.7707802
-5.5892779,-1.9007284,2.6238093,0.7742233
-5.5829189,-1.9087796,2.6233760,0.7779006
-5.5765103,-1.9167620,2.6229428,0.7818164
-5.5700530,-1.9246745,2.6225095,0.7859754
-5.5635479,-1.9325166,2.6220763,0.7903822
-5.5569958,-1.9402872,2.6216431,0.7950419
-5.5503975,-1.9479857,2.6212098,0.7999594
-5.5437538,-1.9556111,2.6207766,0.8051401
-5.5370658,-1.9631627,2.6203433,0.8105893
-5.5303341,-1.9706396,2.6199101,0.8163128
-5.5235596,-1.9780410,2.6194768,0.8223164
-5.5167432,-1.9853661,2.6190436,0.8286059
-5.5098858,-1.9926140,2.6186104,0.8351878
-5.5029881,-1.9997840,2.6181771,0.8420683
-5.4960511,-2.0068752,2.6177439,0.8492541
-5.4890756,-2.0138868,2.6173106,0.8567519
-5.4820624,-2.0208180,2.6168774,0.8645688
-5.4750124,-2.0276679,2.6164442,0.8727119
-5.4679264,-2.0344357,2.6160109,0.8811888
-5.4608053,-2.0411207,2.6155777,0.8900069
-5.4536499,-2.0477219,2.6151444,0.8991741
-5.4464611,-2.0542386,2.6147112,0.9086983
-5.4392398,-2.0606700,2.6142779,0.9185879
-5.4319867,-2.0670151,2.6138447,0.9288512
-5.4247027,-2.0732733,2.6134115,0.9394967
-5.4173888,-2.0794436,2.6129782,0.9505332
-5.4095679,-2.0859170,2.6142921,0.9525406
-5.4012651,-2.0926517,2.6172476,0.9459485
-5.3929302,-2.0992741,2.6202030,0.9395817
-5.3845661,-2.1057847,2.6231585,0.9334534
-5.3761755,-2.1121837,2.6261140,0.9275769
-5.3677614,-2.1184717,2.6290694,0.9219654
-5.3593267,-2.1246491,2.6320249,0.9166322
-5.3508741,-2.1307161,2.6349804,0.9115905
-5.3424066,-2.1366733,2.6379358,0.9068536
-5.3339271,-2.1425211,2.6408913,0.9024353
-5.3254384,-2.1482598,2.6438468,0.8983495
-5.3169433,-2.1538899,2.6468022,0.8946105
-5.3084447,-2.1594117,2.6497577,0.8912331
-5.2999455,-2.1648256,2.6527132,0.8882327
-5.2914486,-2.1701322,2.6556686,0.8856254
-5.2829568,-2.1753316,2.6586241,0.8834283
-5.2744729,-2.1804245,2.6615796,0.8816590
-5.2660000,-2.1854111,2.6645350,0.8803365
-5.2575407,-2.1902919,2.6674905,0.8794810
-5.2490980,-2.1950673,2.6704460,0.8791140
-5.2406747,-2.1997377,2.6734014,0.8792585
-5.2322737,-2.2043034,2.6763569,0.8799394
-5.2238979,-2.2087649,2.6793123,0.8811834
-5.2155502,-2.2131226,2.6822678,0.8830196
-5.2072333,-2.2173769,2.6852233,0.8854794
-5.1989502,-2.2215282,2.6881787,0.8885969
-5.1907037,-2.2255769,2.6911342,0.8924095
-5.1820183,-2.2297509,2.6946939,0.8946666
-5.1718521,-2.2345204,2.7001955,0.8892813
-5.1617528,-2.2391367,2.7056971,0.8829565
-5.1517223,-2.2436038,2.7111987,0.8756637
-5.1417625,-2.2479258,2.7167003,0.8673725
-5.1318752,-2.2521068,2.7222019,0.8580497
-5.1220623,-2.2561508,2.7277036,0.8476594
-5.1123255,-2.2600619,2.7332052,0.8361622
-5.1026667,-2.2638442,2.7387068,0.8235148
-5.0930878,-2.2675017,2.7442084,0.8096694
-5.0835905,-2.2710385,2.7497100,0.7945730
-5.0741767,-2.2744586,2.7552116,0.7781669
-5.0648483,-2.2777661,2.7607132,0.7603858
-5.0556071,-2.2809651,2.7662148,0.7411573
-5.0464549,-2.2840597,2.7717164,0.7204002
-5.0373935,-2.2870538,2.7772180,0.6980244
-5.0284249,-2.2899516,2.7827197,0.6739291
-5.0195508,-2.2927572,2.7882213,0.6480019
-5.0107730,-2.2954745,2.7937229,0.6201171
-5.0020934,-2.2981077,2.7992245,0.5901342
-4.9935139,-2.3006608,2.8047261,0.5578964
-4.9850362,-2.3031379,2.8102277,0.5232280
-4.9758579,-2.3057719,2.8154535,0.4973786
-4.9653244,-2.3087368,2.8201648,0.4898924
-4.9549485,-2.3115978,2.8248760,0.4791438
-4.9447203,-2.3143620,2.8295872,0.4649751
-4.9346298,-2.3170360,2.8342984,0.4472670
-4.9246671,-2.3196269,2.8390097,0.4259456
-4.9148221,-2.3221415,2.8437209,0.4009877
-4.9050849,-2.3245865,2.8484321,0.3724267
-4.8954455,-2.3269690,2.8531433,0.3403557
-4.8858939,-2.3292957,2.8578546,0.3049308
-4.8764202,-2.3315735,2.8625658,0.2663712
-4.8670144,-2.3338093,2.8672770,0.2249584
-4.8576665,-2.3360100,2.8719882,0.1810334
-4.8483665,-2.3381824,2.8766995,0.1349910
-4.8391045,-2.3403334,2.8814107,0.0872738
-4.8298705,-2.3424698,2.8861219,0.0383626
-4.8206545,-2.3445985,2.8908331,-0.0112329
-4.8114925,-2.3467157,2.8951891,-0.0278268
-4.8024987,-2.3487954,2.8982134,0.0796826
-4.7934855,-2.3508727,2.9012378,0.1856251
-4.7844364,-2.3529417,2.9042621,0.2885337
-4.7753355,-2.3549970,2.9072864,0.3870311
-4.7661662,-2.3570329,2.9103107,0.4798653
-4.7569125,-2.3590436,2.9133350,0.5659412
-4.7475581,-2.3610236,2.9163593,0.6443446
-4.7380867,-2.3629671,2.9193836,0.7143592
-4.7284821,-2.3648686,2.9224079,0.7754758
-4.7187281,-2.3667223,2.9254322,0.8273938
-4.7088083,-2.3685226,2.9284565,0.8700150
-4.6987066,-2.3702639,2.9314808,0.9034311
-4.6884067,-2.3719404,2.9345051,0.9279053
-4.6778924,-2.3735466,2.9375294,0.9438497
-4.6671474,-2.3750767,2.9405537,0.9517999
-4.6561555,-2.3765252,2.9435780,0.9523877
-4.6449004,-2.3778862,2.9466023,0.9463144
-4.6355124,-2.3789279,2.9479061,0.9475124
-4.6270758,-2.3797916,2.9483102,0.9538812
-4.6184932,-2.3805995,2.9487144,0.9593987
-4.6097655,-2.3813477,2.9491186,0.9641382
-4.6008937,-2.3820323,2.9495228,0.9681628
-4.5918788,-2.3826492,2.9499270,0.9715268
-4.5827216,-2.3831946,2.9503312,0.9742771
-4.5734231,-2.3836643,2.9507354,0.9764538
-4.5639843,-2.3840546,2.9511396,0.9780916
-4.5544061,-2.3843614,2.9515438,0.9792203
-4.5446894,-2.3845807,2.9519480,0.9798656
-4.5348351,-2.3847085,2.9523522,0.9800495
-4.5248443,-2.3847410,2.9527564,0.9797909
-4.5147178,-2.3846741,2.9531606,0.9791062
-4.5044566,-2.3845039,2.9535648,0.9780094
-4.4940616,-2.3842264,2.9539690,0.9765127
-4.4835338,-2.3838377,2.9543732,0.9746266
-4.4728741,-2.3833337,2.9547774,0.9723604
-4.4620834,-2.3827105,2.9551816,0.9697220
-4.4511627,-2.3819642,2.9555857,0.9667187
-4.4401130,-2.3810908,2.9559899,0.9633570
-4.4289351,-2.3800862,2.9563941,0.9596427
-4.4176300,-2.3789467,2.9567983,0.9555813
-4.4061986,-2.3776681,2.9572025,0.9511782
-4.3953581,-2.3763384,2.9618438,0.9353605
-4.3864610,-2.3751630,2.9785221,0.8894641
-4.3774932,-2.3739050,2.9952003,0.8458644
-4.3684560,-2.3725664,3.0118786,0.8044252
-4.3593510,-2.3711489,3.0285568,0.7650176
-4.3501796,-2.3696545,3.0452351,0.7275197
-4.3409432,-2.3680851,3.0619133,0.6918167
-4.3316434,-2.3664426,3.0785916,0.6578003
-4.3222815,-2.3647288,3.0952698,0.6253686
-4.3128591,-2.3629457,3.1119481,0.5944254
-4.3033775,-2.3610951,3.1286263,0.5648802
-4.2938382,-2.3591790,3.1453046,0.5366481
-4.2842427,-2.3571992,3.1619829,0.5096489
-4.2745925,-2.3551576,3.1786611,0.4838073
-4.2648889,-2.3530562,3.1953394,0.4590523
-4.2551334,-2.3508968,3.2120176,0.4353172
-4.2453276,-2.3486813,3.2286959,0.4125391
-4.2354727,-2.3464117,3.2453741,0.3906589
-4.2255704,-2.3440897,3.2620524,0.3696206
-4.2156220,-2.3417173,3.2787306,0.3493718
-4.2056290,-2.3392964,3.2954089,0.3298627
-4.1955929,-2.3368289,3.3120871,0.3110466
-4.1855150,-2.3343167,3.3287654,0.2928791
-4.1753970,-2.3317616,3.3454436,0.2753183
-4.1652401,-2.3291656,3.3621219,0.2583247
-4.1550459,-2.3265306,3.3788001,0.2418607
-4.1448158,-2.3238584,3.3954784,0.2258905
-4.1345512,-2.3211510,3.4121567,0.2103805
-4.1242537,-2.3184102,3.4288349,0.1952984
-4.1139247,-2.3156379,3.4455132,0.1806136
-4.1035656,-2.3128360,3.4621914,0.1662969
-4.0931778,-2.3100065,3.4788697,0.1523202
-4.0830746,-2.3072369,3.4957630,0.1401819
-4.0737020,-2.3046533,3.5131760,0.1319293
-4.0643090,-2.3020510,3.5305890,0.1238181
-4.0548961,-2.2994310,3.5480020,0.1158411
-4.0454641,-2.2967941,3.5654150,0.1079911
-4.0360133,-2.2941412,3.5828280,0.1002615
-4.0265444,-2.2914732,3.6002410,0.0926456
-4.0170579,-2.2887908,3.6176540,0.0851370
-4.0075543,-2.2860950,3.6350670,0.0777294
-3.9980342,-2.2833866,3.6524800,0.0704167
-3.9884982,-2.2806665,3.6698930,0.0631929
-3.9789469,-2.2779355,3.6873060,0.0560524
-3.9693806,-2.2751945,3.7047190,0.0489894
-3.9598001,-2.2724444,3.7221320,0.0419984
-3.9502059,-2.2696859,3.7395450,0.0350740
-3.9405985,-2.2669201,3.7569580,0.0282109
-3.9309785,-2.2641476,3.7743710,0.0214040
-3.9213464,-2.2613694,3.7917840,0.0146482
-3.9117028,-2.2585864,3.8091970,0.0079384
-3.9020482,-2.2557994,3.8266100,0.0012699
-3.8923832,-2.2530092,3.8440230,-0.0053623
-3.8827084,-2.2502168,3.8614360,-0.0119630
-3.8730242,-2.2474229,3.8788490,-0.0185367
-3.8633313,-2.2446285,3.8962621,-0.0250881
-3.8536302,-2.2418344,3.9136751,-0.0316219
-3.8439214,-2.2390414,3.9310881,-0.0381425
-3.8342056,-2.2362504,3.9485011,-0.0446545
-3.8244832,-2.2334624,3.9659141,-0.0511623
-3.8147548,-2.2306780,3.9833271,-0.0576703
-3.8050210,-2.2278982,4.0007401,-0.0641829
-3.7952822,-2.2251239,4.0181531,-0.0707046
-3.7855392,-2.2223559,4.0355661,-0.0772397
-3.7757924,-2.2195950,4.0529791,-0.0837926
-3.7660423,-2.2168422,4.0703921,-0.0903677
-3.7562896,-2.2140983,4.0878051,-0.0969693
-3.7465347,-2.2113641,4.1052181,-0.1036018
-3.7366810,-2.2086133,4.1087472,-0.1087625
-3.7267825,-2.2058620,4.1059985,-0.1132972
-3.7168844,-2.2031232,4.1032498,-0.1178950
-3.7069878,-2.2003977,4.1005011,-0.1225609
-3.6970937,-2.1976863,4.0977524,-0.1273002
-3.6872033,-2.1949898,4.0950037,-0.1321182
-3.6773176,-2.1923089,4.0922550,-0.1370203
-3.6674377,-2.1896444,4.0895063,-0.1420121
-3.6575647,-2.1869973,4.0867576,-0.1470994
-3.6476997,-2.1843681,4.0840089,-0.1522881
-3.6378437,-2.1817577,4.0812603,-0.1575844
-3.6279979,-2.1791669,4.0785116,-0.1629947
-3.6181633,-2.1765966,4.0757629,-0.1685254
-3.6083410,-2.1740474,4.0730142,-0.1741834
-3.5985321,-2.1715201,4.0702655,-0.1799758
-3.5887376,-2.1690156,4.0675168,-0.1859100
-3.5789588,-2.1665346,4.0647681,-0.1919936
-3.5691965,-2.1640779,4.0620194,-0.1982345
-3.5594520,-2.1616464,4.0592707,-0.2046411
-3.5497263,-2.1592407,4.0565220,-0.2112220
-3.5400205,-2.1568617,4.0537733,-0.2179863
-3.5303357,-2.1545102,4.0510246,-0.2249435
-3.5206729,-2.1521869,4.0482759,-0.2321034
-3.5110333,-2.1498927,4.0455272,-0.2394763
-3.5014179,-2.1476283,4.0427785,-0.2470733
-3.4918278,-2.1453945,4.0400298,-0.2549056
-3.4822641,-2.1431921,4.0372811,-0.2629852
-3.4727279,-2.1410218,4.0345324,-0.2713246
-3.4632202,-2.1388846,4.0317837,-0.2799370
-3.4537422,-2.1367811,4.0290351,-0.2888364
-3.4442949,-2.1347122,4.0262864,-0.2980372
-3.4348794,-2.1326786,4.0235377,-0.3075548
-3.4254967,-2.1306811,4.0207890,-0.3174055
-3.4161481,-2.1287205,4.0180403,-0.3276061
-3.4068345,-2.1267977,4.0152916,-0.3381749
-3.3966329,-2.1247272,4.0090813,-0.3455884
-3.3858454,-2.1225794,4.0004972,-0.3508641
-3.3751100,-2.1204849,3.9919132,-0.3564146
-3.3644280,-2.1184439,3.9833292,-0.3622525
-3.3538007,-2.1164566,3.9747451,-0.3683917
-3.3432294,-2.1145232,3.9661611,-0.3748465
-3.3327154,-2.1126438,3.9575770,-0.3816327
-3.3222602,-2.1108188,3.9489930,-0.3887668
-3.3118650,-2.1090483,3.9404090,-0.3962665
-3.3015311,-2.1073325,3.9318249,-0.4041507
-3.2912600,-2.1056716,3.9232409,-0.4124398
-3.2810528,-2.1040658,3.9146569,-0.4211554
-3.2709110,-2.1025153,3.9060728,-0.4303207
-3.2608358,-2.1010203,3.8974888,-0.4399605
-3.2508286,-2.0995811,3.8889048,-0.4501014
-3.2408908,-2.0981978,3.8803207,-0.4607721
-3.2310235,-2.0968706,3.8717367,-0.4720030
-3.2212283,-2.0955998,3.8631526,-0.4838271
-3.2115064,-2.0943855,3.8545686,-0.4962797
-3.2018591,-2.0932279,3.8459846,-0.5093988
-3.1922878,-2.0921273,3.8374005,-0.5232250
-3.1827938,-2.0910838,3.8288165,-0.5378025
-3.1733784,-2.0900977,3.8202325,-0.5531786
-3.1640430,-2.0891691,3.8116484,-0.5694042
-3.1547888,-2.0882983,3.8030644,-0.5865345
-3.1456173,-2.0874854,3.7944804,-0.6046288
-3.1365296,-2.0867307,3.7858963,-0.6237515
-3.1275273,-2.0860344,3.7773123,-0.6439718
-3.1186115,-2.0853966,3.7687282,-0.6653650
-3.1097837,-2.0848176,3.7601442,-0.6880124
-3.0996378,-2.0842188,3.7576723,-0.7005610
-3.0884910,-2.0836444,3.7601298,-0.7029863
-3.0774869,-2.0831634,3.7625872,-0.7037695
-3.0666207,-2.0827721,3.7650447,-0.7028080
-3.0558877,-2.0824672,3.7675021,-0.7000041
-3.0452831,-2.0822453,3.7699596,-0.6952660
-3.0348021,-2.0821027,3.7724170,-0.6885090
-3.0244400,-2.0820362,3.7748745,-0.6796566
-3.0141919,-2.0820421,3.7773319,-0.6686420
-3.0040531,-2.0821170,3.7797894,-0.6554088
-2.9940188,-2.0822575,3.7822468,-0.6399126
-2.9840843,-2.0824601,3.7847043,-0.6221214
-2.9742447,-2.0827214,3.7871618,-0.6020170
-2.9644953,-2.0830377,3.7896192,-0.5795953
-2.9548314,-2.0834058,3.7920767,-0.5548673
-2.9452481,-2.0838221,3.7945341,-0.5278595
-2.9357407,-2.0842831,3.7969916,-0.4986143
-2.9263044,-2.0847854,3.7994490,-0.4671898
-2.9169344,-2.0853255,3.8019065,-0.4336603
-2.9076259,-2.0859000,3.8043639,-0.3981162
-2.8983743,-2.0865053,3.8068214,-0.3606631
-2.8891746,-2.0871380,3.8092788,-0.3214219
-2.8800222,-2.0877947,3.8117363,-0.2805281
-2.8706257,-2.0884935,3.8148245,-0.2532296
-2.8606474,-2.0892605,3.8192873,-0.2580151
-2.8507091,-2.0900502,3.8237501,-0.2622714
-2.8408048,-2.0908632,3.8282129,-0.2659673
-2.8309288,-2.0917002,3.8326758,-0.2690757
-2.8210753,-2.0925616,3.8371386,-0.2715736
-2.8112387,-2.0934482,3.8416014,-0.2734428
-2.8014130,-2.0943606,3.8460642,-0.2746698
-2.7915926,-2.0952993,3.8505270,-0.2752463
-2.7817716,-2.0962650,3.8549898,-0.2751693
-2.7719444,-2.0972582,3.8594526,-0.2744410
-2.7621050,-2.0982797,3.8639154,-0.2730688
-2.7522479,-2.0993299,3.8683782,-0.2710652
-2.7423671,-2.1004096,3.8728410,-0.2684475
-2.7324569,-2.1015192,3.8773038,-0.2652377
-2.7225116,-2.1026595,3.8817666,-0.2614620
-2.7125254,-2.1038310,3.8862294,-0.2571504
-2.7024925,-2.1050344,3.8906922,-0.2523364
-2.6924071,-2.1062702,3.8951550,-0.2470562
-2.6822635,-2.1075391,3.8996178,-0.2413487
-2.6720560,-2.1088416,3.9040806,-0.2352543
-2.6620042,-2.1101489,3.9075914,-0.2322887
-2.6528336,-2.1113626,3.9071111,-0.2434808
-2.6436041,-2.1126054,3.9066308,-0.2542169
-2.6343155,-2.1138786,3.9061505,-0.2645072
-2.6249674,-2.1151837,3.9056703,-0.2743611
-2.6155595,-2.1165220,3.9051900,-0.2837884
-2.6060915,-2.1178951,3.9047097,-0.2927984
-2.5965631,-2.1193043,3.9042294,-0.3014002
-2.5869740,-2.1207510,3.9037491,-0.3096028
-2.5773238,-2.1222366,3.9032689,-0.3174151
-2.5676123,-2.1237626,3.9027886,-0.3248457
-2.5578391,-2.1253305,3.9023083,-0.3319031
-2.5480040,-2.1269415,3.9018280,-0.3385957
-2.5381066,-2.1285972,3.9013477,-0.3449317
-2.5281465,-2.1302989,3.9008674,-0.3509191
-2.5181236,-2.1320481,3.9003872,-0.3565659
-2.5080374,-2.1338462,3.8999069,-0.3618798
-2.4978877,-2.1356946,3.8994266,-0.3668685
-2.4876742,-2.1375947,3.8989463,-0.3715396
-2.4773964,-2.1395480,3.8984660,-0.3759006
-2.4670543,-2.1415558,3.8979857,-0.3799587
-2.4566473,-2.1436197,3.8975055,-0.3837212
-2.4461752,-2.1457409,3.8970252,-0.3871952
-2.4356377,-2.1479210,3.8965449,-0.3903877
-2.4256112,-2.1500383,3.9015993,-0.3870594
-2.4165362,-2.1519905,3.9162991,-0.3730372
-2.4074135,-2.1539860,3.9309989,-0.3594119
-2.3982433,-2.1560244,3.9456987,-0.3461706
-2.3890256,-2.1581049,3.9603985,-0.3333010
-2.3797605,-2.1602269,3.9750983,-0.3207909
-2.3704482,-2.1623896,3.9897981,-0.3086288
-2.3610886,-2.1645926,4.0044979,-0.2968031
-2.3516820,-2.1668350,4.0191977,-0.2853029
-2.3422284,-2.1691164,4.0338975,-0.2741176
-2.3327279,-2.1714359,4.0485972,-0.2632368
-2.3231805,-2.1737930,4.0632970,-0.2526505
-2.3135864,-2.1761871,4.0779968,-0.2423490
-2.3039457,-2.1786174,4.0926966,-0.2323229
-2.2942585,-2.1810832,4.1073964,-0.2225632
-2.2845248,-2.1835841,4.1220962,-0.2130611
-2.2747447,-2.1861193,4.1367960,-0.2038081
-2.2649184,-2.1886881,4.1514958,-0.1947960
-2.2550459,-2.1912899,4.1661956,-0.1860168
-2.2451273,-2.1939241,4.1808954,-0.1774630
-2.2351627,-2.1965899,4.1955951,-0.1691270
-2.2251523,-2.1992869,4.2102949,-0.1610018
-2.2150960,-2.2020142,4.2249947,-0.1530804
-2.2049940,-2.2047713,4.2396945,-0.1453561
-2.1948464,-2.2075574,4.2543943,-0.1378224
-2.1846533,-2.2103720,4.2690941,-0.1304732
-2.1744147,-2.2132144,4.2837939,-0.1233023
-2.1641308,-2.2160840,4.2984937,-0.1163040
-2.1542654,-2.2188497,4.3026797,-0.1081422
-2.1451401,-2.2214184,4.2892284,-0.0979537
-2.1359800,-2.2240062,4.2757771,-0.0879825
-2.1267854,-2.2266120,4.2623258,-0.0782201
-2.1175565,-2.2292350,4.2488745,-0.0686583
-2.1082934,-2.2318743,4.2354231,-0.0592893
-2.0989963,-2.2345291,4.2219718,-0.0501055
-2.0896655,-2.2371984,4.2085205,-0.0410996
-2.0803011,-2.2398814,4.1950692,-0.0322645
-2.0709034,-2.2425771,4.1816179,-0.0235935
-2.0614725,-2.2452847,4.1681666,-0.0150801
-2.0520085,-2.2480033,4.1547153,-0.0067178
-2.0425118,-2.2507320,4.1412639,0.0014995
-2.0329825,-2.2534699,4.1278126,0.0095775
-2.0234208,-2.2562161,4.1143613,0.0175220
-2.0138269,-2.2589698,4.1009100,0.0253384
-2.0042010,-2.2617300,4.0874587,0.0330320
-1.9945432,-2.2644959,4.0740074,0.0406080
-1.9848538,-2.2672665,4.0605560,0.0480711
-1.9751330,-2.2700411,4.0471047,0.0554262
-1.9653810,-2.2728186,4.0336534,0.0626778
-1.9555979,-2.2755982,4.0202021,0.0698304
-1.9457840,-2.2783791,4.0067508,0.0768881
-1.9359394,-2.2811603,3.9932995,0.0838551
-1.9260644,-2.2839410,3.9798482,0.0907354
-1.9161591,-2.2867202,3.9663968,0.0975327
-1.9062237,-2.2894970,3.9529455,0.1042508
-1.8962585,-2.2922707,3.9394942,0.1108931
-1.8862636,-2.2950403,3.9260429,0.1174632
-1.8762392,-2.2978048,3.9125916,0.1239643
-1.8661855,-2.3005635,3.8991403,0.1303996
-1.8561027,-2.3033154,3.8856889,0.1367721
-1.8463624,-2.3059592,3.8743353,0.1426776
-1.8368817,-2.3085180,3.8645913,0.1482525
-1.8273769,-2.3110685,3.8548474,0.1538246
-1.8178490,-2.3136097,3.8451034,0.1593990
-1.8082988,-2.3161408,3.8353595,0.1649804
-1.7987269,-2.3186609,3.8256156,0.1705737
-1.7891342,-2.3211692,3.8158716,0.1761834
-1.7795215,-2.3236648,3.8061277,0.1818143
-1.7698896,-2.3261467,3.7963838,0.1874709
-1.7602393,-2.3286142,3.7866398,0.1931578
-1.7505714,-2.3310664,3.7768959,0.1988794
-1.7408866,-2.3335025,3.7671519,0.2046403
-1.7311858,-2.3359215,3.7574080,0.2104449
-1.7214697,-2.3383225,3.7476641,0.2162976
-1.7117391,-2.3407048,3.7379201,0.2222029
-1.7019949,-2.3430675,3.7281762,0.2281652
-1.6922378,-2.3454096,3.7184323,0.2341890
-1.6824686,-2.3477304,3.7086883,0.2402787
-1.6726881,-2.3500289,3.6989444,0.2464388
-1.6628971,-2.3523044,3.6892004,0.2526737
-1.6530964,-2.3545558,3.6794565,0.2589881
-1.6432868,-2.3567825,3.6697126,0.2653864
-1.6334690,-2.3589834,3.6599686,0.2718733
-1.6236439,-2.3611577,3.6502247,0.2784534
-1.6138122,-2.3633047,3.6404808,0.2851314
-1.6039748,-2.3654233,3.6307368,0.2919121
-1.5941324,-2.3675128,3.6209929,0.2988003
-1.5842858,-2.3695722,3.6112490,0.3058008
-1.5744359,-2.3716007,3.6015050,0.3129186
-1.5645834,-2.3735975,3.5917611,0.3201588
-1.5547290,-2.3755617,3.5820171,0.3275263
-1.5448737,-2.3774924,3.5722732,0.3350265
-1.5350181,-2.3793887,3.5625293,0.3426645
-1.5251631,-2.3812497,3.5527853,0.3504457
-1.5151431,-2.3831053,3.5432387,0.3553407
-1.5049909,-2.3849470,3.5338515,0.3579408
-1.4948424,-2.3867495,3.5244643,0.3607024
-1.4846985,-2.3885122,3.5150771,0.3636288
-1.4745605,-2.3902349,3.5056900,0.3667232
-1.4644295,-2.3919171,3.4963028,0.3699891
-1.4543066,-2.3935585,3.4869156,0.3734303
-1.4441929,-2.3951587,3.4775284,0.3770508
-1.4340896,-2.3967174,3.4681412,0.3808550
-1.4239978,-2.3982341,3.4587540,0.3848474
-1.4139186,-2.3997085,3.4493668,0.3890328
-1.4038532,-2.4011402,3.4399796,0.3934164
-1.3938027,-2.4025288,3.4305924,0.3980035
-1.3837682,-2.4038740,3.4212053,0.4028001
-1.3737508,-2.4051753,3.4118181,0.4078120
-1.3637518,-2.4064325,3.4024309,0.4130458
-1.3537721,-2.4076451,3.3930437,0.4185082
-1.3438130,-2.4088128,3.3836565,0.4242063
-1.3338755,-2.4099351,3.3742693,0.4301476
-1.3239609,-2.4110118,3.3648821,0.4363401
-1.3140702,-2.4120424,3.3554949,0.4427921
-1.3042046,-2.4130265,3.3461078,0.4495124
-1.2943652,-2.4139638,3.3367206,0.4565102
-1.2845531,-2.4148540,3.3273334,0.4637952
-1.2747695,-2.4156966,3.3179462,0.4713777
-1.2650154,-2.4164912,3.3085590,0.4792684
-1.2552921,-2.4172375,3.2991718,0.4874787
-1.2456006,-2.4179352,3.2897846,0.4960204
-1.2359422,-2.4185837,3.2803974,0.5049061
-1.2263178,-2.4191829,3.2710102,0.5141488
-1.2167287,-2.4197322,3.2616231,0.5237624
-1.2071759,-2.4202313,3.2522359,0.5337614
-1.1976607,-2.4206799,3.2428487,0.5441612
-1.1871902,-2.4211164,3.2364841,0.5469780
-1.1759558,-2.4215179,3.2326073,0.5437814
-1.1647836,-2.4218491,3.2287306,0.5412055
-1.1536778,-2.4221112,3.2248538,0.5392616
-1.1426428,-2.4223057,3.2209771,0.5379638
-1.1316827,-2.4224341,3.2171004,0.5373295
-1.1208020,-2.4224976,3.2132236,0.5373800
-1.1100047,-2.4224978,3.2093469,0.5381404
-1.0992952,-2.4224360,3.2054701,0.5396402
-1.0886778,-2.4223136,3.2015934,0.5419140
-1.0781567,-2.4221321,3.1977167,0.5450016
-1.0677362,-2.4218927,3.1938399,0.5489492
-1.0574205,-2.4215970,3.1899632,0.5538097
-1.0472139,-2.4212463,3.1860864,0.5596438
-1.0371207,-2.4208421,3.1822097,0.5665212
-1.0271452,-2.4203857,3.1783330,0.5745216
-1.0172916,-2.4198785,3.1744562,0.5837363
-1.0075641,-2.4193220,3.1705795,0.5942697
-0.9979670,-2.4187176,3.1667027,0.6062418
-0.9885047,-2.4180665,3.1628260,0.6197903
-0.9791813,-2.4173704,3.1589493,0.6350736
-0.9700012,-2.4166305,3.1550725,0.6522743
-0.9609685,-2.4158483,3.1511958,0.6716033
-0.9520876,-2.4150251,3.1473190,0.6933051
-0.9433627,-2.4141624,3.1434423,0.7176639
-0.9347982,-2.4132616,3.1395656,0.7450111
-0.9263981,-2.4123240,3.1356888,0.7757344
-0.9181669,-2.4113511,3.1318121,0.8102895
-0.9058736,-2.4097934,3.1388052,0.8351943
-0.8932762,-2.4080628,3.1476822,0.8563399
-0.8811193,-2.4062599,3.1565591,0.8751523
-0.8693923,-2.4043939,3.1654360,0.8909756
-0.8580850,-2.4024740,3.1743129,0.9030361
-0.8471869,-2.4005093,3.1831899,0.9104219
-0.8366875,-2.3985089,3.1920668,0.9120587
-0.8265765,-2.3964821,3.2009437,0.9066805
-0.8168435,-2.3944379,3.2098206,0.8927953
-0.8074779,-2.3923856,3.2186976,0.8686427
-0.7984695,-2.3903342,3.2275745,0.8321441
-0.7898078,-2.3882930,3.2364514,0.7808425
-0.7814824,-2.3862711,3.2453283,0.7118292
-0.7734829,-2.3842777,3.2542053,0.6216580
-0.7657989,-2.3823218,3.2630822,0.5062407
-0.7584199,-2.3804128,3.2719591,0.3607261
-0.7513355,-2.3785596,3.2808360,0.1793565
-0.7411708,-2.3758828,3.2922878,0.1190110
-0.7308945,-2.3731631,3.3042778,0.0724942
-0.7211159,-2.3705672,3.3162678,0.0082155
-0.7117040,-2.3680680,3.3282578,-0.0700325
-0.7025278,-2.3656379,3.3402478,-0.1546279
-0.6934562,-2.3632496,3.3522378,-0.2353831
-0.6843582,-2.3608758,3.3642278,-0.3020544
-0.6751028,-2.3584891,3.3762179,-0.3471152
-0.6655588,-2.3560620,3.3882079,-0.3675438
-0.6555953,-2.3535672,3.4001979,-0.3649318
-0.6461430,-2.3512368,3.4112863,-0.2922793
-0.6388976,-2.3494700,3.4201557,-0.1093233
-0.6313601,-2.3476385,3.4290252,0.0420544
-0.6235214,-2.3457312,3.4378947,0.1660520
-0.6153724,-2.3437367,3.4467641,0.2664550
-0.6069037,-2.3416434,3.4556336,0.3466381
-0.5981063,-2.3394402,3.4645031,0.4095832
-0.5889709,-2.3371156,3.4733726,0.4579058
-0.5794885,-2.3346583,3.4822420,0.4938863
-0.5696498,-2.3320569,3.4911115,0.5195034
-0.5594457,-2.3292999,3.4999810,0.5364661
-0.5488669,-2.3263761,3.5088505,0.5462448
-0.5379044,-2.3232741,3.5177199,0.5501003
-0.5265489,-2.3199825,3.5265894,0.5491100
-0.5147913,-2.3164899,3.5354589,0.5441916
-0.5026223,-2.3127850,3.5443284,0.5361241
-0.4916342,-2.3093614,3.5524176,0.5255617
-0.4838550,-2.3068934,3.5588230,0.5150305
-0.4759243,-2.3043401,3.5652284,0.5055874
-0.4678454,-2.3017012,3.5716338,0.4971211
-0.4596217,-2.2989761,3.5780392,0.4895356
-0.4512564,-2.2961643,3.5844446,0.4827477
-0.4427528,-2.2932652,3.5908500,0.4766850
-0.4341143,-2.2902784,3.5972554,0.4712843
-0.4253440,-2.2872034,3.6036608,0.4664905
-0.4164453,-2.2840395,3.6100662,0.4622549
-0.4074215,-2.2807864,3.6164716,0.4585349
-0.3982759,-2.2774435,3.6228770,0.4552926
-0.3890117,-2.2740103,3.6292824,0.4524948
-0.3796323,-2.2704863,3.6356878,0.4501118
-0.3701409,-2.2668709,3.6420932,0.4481172
-0.3605409,-2.2631637,3.6484986,0.4464878
-0.3508355,-2.2593642,3.6549040,0.4452027
-0.3410280,-2.2554717,3.6613094,0.4442431
-0.3311217,-2.2514859,3.6677148,0.4435926
-0.3211199,-2.2474062,3.6741202,0.4432361
-0.3110258,-2.2432320,3.6805256,0.4431604
-0.3008429,-2.2389629,3.6869310,0.4433536
-0.2905743,-2.2345984,3.6933364,0.4438049
-0.2802234,-2.2301380,3.6997418,0.4445048
-0.2697935,-2.2255810,3.7061472,0.4454446
-0.2592877,-2.2209271,3.7125526,0.4466168
-0.2487095,-2.2161757,3.7189580,0.4480144
-0.2400742,-2.2122480,3.7239915,0.4435366
-0.2316693,-2.2083828,3.7288387,0.4385884
-0.2232246,-2.2044575,3.7336859,0.4339897
-0.2147415,-2.2004726,3.7385332,0.4297243
-0.2062216,-2.1964282,3.7433804,0.4257774
-0.1976662,-2.1923247,3.7482276,0.4221352
-0.1890768,-2.1881623,3.7530749,0.4187850
-0.1804549,-2.1839414,3.7579221,0.4157149
-0.1718018,-2.1796623,3.7627693,0.4129141
-0.1631191,-2.1753252,3.7676165,0.4103724
-0.1544082,-2.1709304,3.7724638,0.4080804
-0.1456704,-2.1664783,3.7773110,0.4060295
-0.1369073,-2.1619691,3.7821582,0.4042117
-0.1281203,-2.1574032,3.7870055,0.4026194
-0.1193108,-2.1527807,3.7918527,0.4012460
-0.1104804,-2.1481021,3.7966999,0.4000851
-0.1016303,-2.1433676,3.8015472,0.3991310
-0.0927621,-2.1385775,3.8063944,0.3983782
-0.0838773,-2.1337322,3.8112416,0.3978219
-0.0749771,-2.1288318,3.8160888,0.3974577
-0.0660632,-2.1238767,3.8209361,0.3972815
-0.0571369,-2.1188672,3.8257833,0.3972896
-0.0481997,-2.1138036,3.8306305,0.3974787
-0.0392531,-2.1086862,3.8354778,0.3978458
-0.0302984,-2.1035152,3.8403250,0.3983882
-0.0213371,-2.0982910,3.8451722,0.3991035
-0.0123706,-2.0930139,3.8500195,0.3999897
-0.0034005,-2.0876842,3.8548667,0.4010450
0.0055719,-2.0823021,3.8597139,0.4022677
0.0145452,-2.0768679,3.8645612,0.4036567
0.0235178,-2.0713820,3.8694084,0.4052109
0.0324883,-2.0658447,3.8742556,0.4069295
0.0414553,-2.0602562,3.8791028,0.4088119
0.0502565,-2.0547185,3.8836694,0.4093209
0.0585518,-2.0494512,3.8873631,0.4052099
0.0668411,-2.0441411,3.8910568,0.4012528
0.0751238,-2.0387890,3.8947506,0.3974460
0.0833994,-2.0333954,3.8984443,0.3937864
0.0916670,-2.0279609,3.9021380,0.3902707
0.0999263,-2.0224862,3.9058317,0.3868958
0.1081764,-2.0169718,3.9095255,0.3836590
0.1164169,-2.0114184,3.9132192,0.3805575
0.1246470,-2.0058265,3.9169129,0.3775887
0.1328661,-2.0001968,3.9206066,0.3747501
0.1410737,-1.9945298,3.9243004,0.3720394
0.1492691,-1.9888262,3.9279941,0.3694543
0.1574517,-1.9830866,3.9316878,0.3669929
0.1656208,-1.9773116,3.9353815,0.3646532
0.1737758,-1.9715018,3.9390753,0.3624332
0.1819162,-1.9656578,3.9427690,0.3603313
0.1900412,-1.9597802,3.9464627,0.3583459
0.1981502,-1.9538696,3.9501564,0.3564755
0.2062427,-1.9479266,3.9538501,0.3547186
0.2143180,-1.9419519,3.9575439,0.3530741
0.2223755,-1.9359460,3.9612376,0.3515406
0.2304146,-1.9299095,3.9649313,0.3501172
0.2384346,-1.9238431,3.9686250,0.3488029
0.2464349,-1.9177473,3.9723188,0.3475968
0.2544148,-1.9116228,3.9760125,0.3464981
0.2623739,-1.9054701,3.9797062,0.3455062
0.2703114,-1.8992900,3.9833999,0.3446205
0.2782266,-1.8930829,3.9870937,0.3438406
0.2861191,-1.8868495,3.9907874,0.3431661
0.2939882,-1.8805904,3.9944811,0.3425967
0.3018332,-1.8743062,3.9981748,0.3421322
0.3096535,-1.8679974,4.0018686,0.3417727
0.3174485,-1.8616649,4.0055623,0.3415181
0.3252175,-1.8553090,4.0092560,0.3413686
0.3329601,-1.8489304,4.0129497,0.3413244
0.3406754,-1.8425298,4.0166435,0.3413858
0.3484869,-1.8360039,4.0205021,0.3400045
0.3562794,-1.8294478,4.0243739,0.3385327
0.3640428,-1.8228705,4.0282457,0.3370916
0.3717769,-1.8162721,4.0321176,0.3356811
0.3794818,-1.8096533,4.0359894,0.3343014
0.3871572,-1.8030144,4.0398612,0.3329525
0.3948029,-1.7963558,4.0437330,0.3316343
0.4024190,-1.7896780,4.0476049,0.3303469
0.4100052,-1.7829813,4.0514767,0.3290904
0.4175614,-1.7762663,4.0553485,0.3278647
0.4250874,-1.7695332,4.0592203,0.3266700
0.4325832,-1.7627826,4.0630922,0.3255063
0.4400487,-1.7560149,4.0669640,0.3243736
0.4474836,-1.7492304,4.0708358,0.3232721
0.4548878,-1.7424296,4.0747076,0.3222017
0.4622613,-1.7356130,4.0785795,0.3211626
0.4696039,-1.7287809,4.0824513,0.3201549
0.4769155,-1.7219338,4.0863231,0.3191786
0.4841958,-1.7150721,4.0901949,0.3182339
0.4914449,-1.7081962,4.0940668,0.3173208
0.4986626,-1.7013066,4.0979386,0.3164396
0.5058486,-1.6944035,4.1018104,0.3155902
0.5130030,-1.6874876,4.1056822,0.3147729
0.5201256,-1.6805592,4.1095541,0.3139878
0.5272163,-1.6736187,4.1134259,0.3132351
0.5342748,-1.6666666,4.1172977,0.3125148
0.5413011,-1.6597032,4.1211695,0.3118273
0.5482951,-1.6527290,4.1250414,0.3111726
0.5552567,-1.6457444,4.1289132,0.3105511
0.5621856,-1.6387499,4.1327850,0.3099628
0.5690818,-1.6317458,4.1366568,0.3094080
0.5759451,-1.6247326,4.1405287,0.3088870
0.5827754,-1.6177107,4.1444005,0.3084000
0.5895726,-1.6106805,4.1482723,0.3079472
0.5963365,-1.6036424,4.1521441,0.3075290
0.6031684,-1.5964906,4.1562765,0.3070158
0.6103012,-1.5889771,4.1612764,0.3060907
0.6173960,-1.5814560,4.1662763,0.3051772
0.6244529,-1.5739278,4.1712762,0.3042756
0.6314719,-1.5663928,4.1762762,0.3033860
0.6384529,-1.5588514,4.1812761,0.3025084
0.6453960,-1.5513042,4.1862760,0.3016431
0.6523012,-1.5437514,4.1912759,0.3007903
0.6591685,-1.5361935,4.1962759,0.2999499
0.6659980,-1.5286309,4.2012758,0.2991223
0.6727897,-1.5210640,4.2062757,0.2983075
0.6795435,-1.5134932,4.2112756,0.2975056
0.6862595,-1.5059190,4.2162755,0.2967169
0.6929377,-1.4983417,4.2212755,0.2959415
0.6995782,-1.4907617,4.2262754,0.2951795
0.7061809,-1.4831795,4.2312753,0.2944311
0.7127459,-1.4755954,4.2362752,0.2936964
0.7192732,-1.4680100,4.2412751,0.2929755
0.7257628,-1.4604235,4.2462751,0.2922687
0.7322147,-1.4528364,4.2512750,0.2915761
0.7386290,-1.4452491,4.2562749,0.2908979
0.7450056,-1.4376620,4.2612748,0.2902341
0.7513446,-1.4300755,4.2662748,0.2895850
0.7576460,-1.4224901,4.2712747,0.2889508
0.7639098,-1.4149060,4.2762746,0.2883315
0.7701361,-1.4073239,4.2812745,0.2877274
0.7763248,-1.3997440,4.2862744,0.2871387
0.7824759,-1.3921667,4.2912744,0.2865655
0.7885896,-1.3845925,4.2962743,0.2860080
0.7946658,-1.3770219,4.3012742,0.2854663
0.8007044,-1.3694550,4.3062741,0.2849408
0.8067057,-1.3618925,4.3112740,0.2844315
0.8126695,-1.3543348,4.3162740,0.2839387
0.8185958,-1.3467821,4.3212739,0.2834626
0.8249201,-1.3386753,4.3256908,0.2829712
0.8313656,-1.3303629,4.3298862,0.2824900
0.8377657,-1.3220583,4.3340815,0.2820323
0.8441203,-1.3137622,4.3382768,0.2815985
0.8504295,-1.3054749,4.3424721,0.2811890
0.8566934,-1.2971972,4.3466674,0.2808040
0.8629118,-1.2889296,4.3508628,0.2804439
0.8690849,-1.2806727,4.3550581,0.2801092
0.8752126,-1.2724270,4.3592534,0.2798002
0.8812949,-1.2641931,4.3634487,0.2795174
0.8873319,-1.2559715,4.3676440,0.2792611
0.8933235,-1.2477628,4.3718394,0.2790318
0.8992699,-1.2395677,4.3760347,0.2788300
0.9051709,-1.2313866,4.3802300,0.2786561
0.9110266,-1.2232201,4.3844253,0.2785107
0.9168370,-1.2150688,4.3886206,0.2783942
0.9226021,-1.2069332,4.3928160,0.2783073
0.9283219,-1.1988140,4.3970113,0.2782504
0.9339965,-1.1907116,4.4012066,0.2782241
0.9396258,-1.1826267,4.4054019,0.2782291
0.9452099,-1.1745598,4.4095972,0.2782660
0.9507488,-1.1665115,4.4137926,0.2783354
0.9562424,-1.1584823,4.4179879,0.2784381
0.9616908,-1.1504728,4.4221832,0.2785747
0.9670940,-1.1424837,4.4263785,0.2787460
0.9724520,-1.1345153,4.4305738,0.2789528
0.9777649,-1.1265684,4.4347692,0.2791959
0.9830326,-1.1186434,4.4389645,0.2794761
0.9882551,-1.1107410,4.4431598,0.2797944
0.9934324,-1.1028616,4.4473551,0.2801517
0.9988021,-1.0946414,4.4510545,0.2806228
1.0046000,-1.0857097,4.4537471,0.2812070
1.0103401,-1.0768089,4.4564396,0.2817134
1.0160231,-1.0679390,4.4591321,0.2821398
1.0216496,-1.0590995,4.4618246,0.2824839
1.0272204,-1.0502903,4.4645171,0.2827436
1.0327361,-1.0415112,4.4672096,0.2829167
1.0381974,-1.0327620,4.4699022,0.2830011
1.0436051,-1.0240423,4.4725947,0.2829944
1.0489597,-1.0153520,4.4752872,0.2828947
1.0542620,-1.0066908,4.4779797,0.2826997
1.0595128,-0.9980586,4.4806722,0.2824073
1.0647125,-0.9894550,4.4833648,0.2820154
1.0698621,-0.9808798,4.4860573,0.2815219
1.0749621,-0.9723328,4.4887498,0.2809248
1.0800133,-0.9638138,4.4914423,0.2802220
1.0850163,-0.9553226,4.4941348,0.2794116
1.0899718,-0.9468588,4.4968273,0.2784915
1.0948805,-0.9384223,4.4995199,0.2774599
1.0997431,-0.9300129,4.5022124,0.2763149
1.1045603,-0.9216302,4.5049049,0.2750545
1.1093329,-0.9132742,4.5075974,0.2736771
1.1140613,-0.9049445,4.5102899,0.2721809
1.1187465,-0.8966409,4.5129825,0.2705641
1.1233890,-0.8883631,4.5156750,0.2688252
1.1279895,-0.8801110,4.5183675,0.2669625
1.1325488,-0.8718844,4.5210600,0.2649744
1.1373456,-0.8631764,4.5229867,0.2681444
1.1422227,-0.8542660,4.5245666,0.2734350
1.1470547,-0.8453796,4.5261465,0.2784046
1.1518432,-0.8365138,4.5277264,0.2830303
1.1565899,-0.8276654,4.5293063,0.2872903
1.1612965,-0.8188308,4.5308862,0.2911642
1.1659646,-0.8100066,4.5324661,0.2946333
1.1705958,-0.8011895,4.5340460,0.2976808
1.1751919,-0.7923760,4.5356258,0.3002918
1.1797545,-0.7835628,4.5372057,0.3024534
1.1842852,-0.7747464,4.5387856,0.3041553
1.1887858,-0.7659235,4.5403655,0.3053892
1.1932578,-0.7570906,4.5419454,0.3061496
1.1977030,-0.7482443,4.5435253,0.3064332
1.2021230,-0.7393812,4.5451052,0.3062393
1.2065194,-0.7304979,4.5466851,0.3055700
1.2108940,-0.7215910,4.5482650,0.3044295
1.2152484,-0.7126572,4.5498449,0.3028247
1.2195842,-0.7036929,4.5514248,0.3007648
1.2239031,-0.6946948,4.5530047,0.2982615
1.2282068,-0.6856596,4.5545846,0.2953284
1.2324970,-0.6765837,4.5561644,0.2919812
1.2367752,-0.6674637,4.5577443,0.2882374
1.2410432,-0.6582964,4.5593242,0.2841164
1.2452228,-0.6492515,4.5606836,0.2817246
1.2491465,-0.6406991,4.5613544,0.2855926
1.2530637,-0.6321000,4.5620251,0.2892634
1.2569740,-0.6234531,4.5626959,0.2927377
1.2608772,-0.6147576,4.5633667,0.2960165
1.2647731,-0.6060124,4.5640374,0.2991010
1.2686613,-0.5972164,4.5647082,0.3019924
1.2725416,-0.5883688,4.5653790,0.3046923
1.2764138,-0.5794685,4.5660497,0.3072026
1.2802775,-0.5705145,4.5667205,0.3095249
1.2841326,-0.5615058,4.5673913,0.3116616
1.2879787,-0.5524415,4.5680620,0.3136147
1.2918155,-0.5433204,4.5687328,0.3153866
1.2956429,-0.5341417,4.5694036,0.3169799
1.2994605,-0.5249044,4.5700743,0.3183973
1.3032681,-0.5156073,4.5707451,0.3196416
1.3070654,-0.5062497,4.5714159,0.3207156
1.3108521,-0.4968303,4.5720866,0.3216226
1.3146280,-0.4873483,4.5727574,0.3223655
1.3183928,-0.4778027,4.5734282,0.3229478
1.3221463,-0.4681924,4.5740990,0.3233727
1.3258881,-0.4585164,4.5747697,0.3236438
1.3296181,-0.4487739,4.5754405,0.3237645
1.3333359,-0.4389637,4.5761113,0.3237385
1.3370413,-0.4290849,4.5767820,0.3235694
1.3407340,-0.4191364,4.5774528,0.3232609
1.3444137,-0.4091173,4.5781236,0.3228169
1.3477328,-0.3999874,4.5783862,0.3218465
1.3509250,-0.3911218,4.5785127,0.3208086
1.3541060,-0.3822023,4.5786391,0.3198604
1.3572754,-0.3732296,4.5787655,0.3189993
1.3604325,-0.3642041,4.5788919,0.3182229
1.3635769,-0.3551265,4.5790184,0.3175289
1.3667078,-0.3459973,4.5791448,0.3169150
1.3698249,-0.3368170,4.5792712,0.3163792
1.3729275,-0.3275863,4.5793976,0.3159195
1.3760150,-0.3183057,4.5795241,0.3155342
1.3790869,-0.3089758,4.5796505,0.3152214
1.3821427,-0.2995971,4.5797769,0.3149794
1.3851817,-0.2901701,4.5799033,0.3148068
1.3882035,-0.2806956,4.5800298,0.3147021
1.3912074,-0.2711739,4.5801562,0.3146638
1.3941929,-0.2616057,4.5802826,0.3146907
1.3971595,-0.2519915,4.5804090,0.3147815
1.4001065,-0.2423319,4.5805355,0.3149350
1.4030334,-0.2326275,4.5806619,0.3151502
1.4059397,-0.2228789,4.5807883,0.3154260
1.4088248,-0.2130865,4.5809147,0.3157614
1.4116880,-0.2032509,4.5810412,0.3161554
1.4145290,-0.1933728,4.5811676,0.3166073
1.4173471,-0.1834526,4.5812940,0.3171162
1.4201417,-0.1734910,4.5814204,0.3176814
1.4229123,-0.1634885,4.5815469,0.3183021
1.4256583,-0.1534456,4.5816733,0.3189776
1.4283792,-0.1433630,4.5817997,0.3197074
1.4310744,-0.1332411,4.5819261,0.3204907
1.4337434,-0.1230806,4.5820526,0.3213272
1.4362935,-0.1132396,4.5822434,0.3206533
1.4386909,-0.1038651,4.5825243,0.3178686
1.4410654,-0.0944597,4.5828052,0.3151650
1.4434170,-0.0850236,4.5830861,0.3125408
1.4457455,-0.0755574,4.5833670,0.3099941
1.4480508,-0.0660616,4.5836478,0.3075232
1.4503329,-0.0565366,4.5839287,0.3051266
1.4525916,-0.0469829,4.5842096,0.3028026
1.4548270,-0.0374010,4.5844905,0.3005496
1.4570388,-0.0277912,4.5847714,0.2983663
1.4592271,-0.0181542,4.5850523,0.2962511
1.4613917,-0.0084902,4.5853332,0.2942028
1.4635325,0.0012001,4.5856141,0.2922199
1.4656496,0.0109164,4.5858950,0.2903013
1.4677427,0.0206581,4.5861759,0.2884456
1.4698118,0.0304249,4.5864567,0.2866517
1.4718568,0.0402162,4.5867376,0.2849185
1.4738776,0.0500316,4.5870185,0.2832448
1.4758742,0.0598706,4.5872994,0.2816295
1.4778464,0.0697328,4.5875803,0.2800718
1.4797943,0.0796177,4.5878612,0.2785705
1.4817175,0.0895248,4.5881421,0.2771247
1.4836162,0.0994536,4.5884230,0.2757336
1.4854903,0.1094038,4.5887039,0.2743962
1.4873395,0.1193748,4.5889848,0.2731117
1.4891639,0.1293662,4.5892656,0.2718794
1.4909634,0.1393776,4.5895465,0.2706983
1.4927378,0.1494083,4.5898274,0.2695679
1.4944871,0.1594581,4.5901083,0.2684873
1.4962113,0.1695264,4.5903892,0.2674559
1.4979101,0.1796128,4.5906701,0.2664731
1.4995836,0.1897167,4.5909510,0.2655382
1.5012317,0.1998378,4.5912319,0.2646507
1.5028348,0.2098533,4.5899770,0.2642936
1.5043695,0.2196064,4.5852332,0.2650712
1.5058802,0.2293741,4.5804893,0.2658788
1.5073669,0.2391561,4.5757455,0.2667164
1.5088292,0.2489520,4.5710016,0.2675841
1.5102670,0.2587616,4.5662578,0.2684819
1.5116800,0.2685843,4.5615139,0.2694097
1.5130680,0.2784199,4.5567701,0.2703677
1.5144307,0.2882681,4.5520262,0.2713559
1.5157681,0.2981284,4.5472824,0.2723743
1.5170798,0.3080006,4.5425386,0.2734230
1.5183657,0.3178842,4.5377947,0.2745021
1.5196254,0.3277790,4.5330509,0.2756116
1.5208589,0.3376845,4.5283070,0.2767516
1.5220659,0.3476005,4.5235632,0.2779223
1.5232461,0.3575265,4.5188193,0.2791237
1.5243993,0.3674623,4.5140755,0.2803560
1.5255254,0.3774075,4.5093316,0.2816192
1.5266241,0.3873616,4.5045878,0.2829136
1.5276951,0.3973245,4.4998439,0.2842392
1.5287384,0.4072957,4.4951001,0.2855962
1.5297536,0.4172749,4.4903563,0.2869848
1.5307405,0.4272616,4.4856124,0.2884050
1.5316989,0.4372557,4.4808686,0.2898572
1.5326286,0.4472567,4.4761247,0.2913414
1.5335294,0.4572642,4.4713809,0.2928578
1.5344011,0.4672780,4.4666370,0.2944067
1.5352434,0.4772977,4.4618932,0.2959882
1.5360561,0.4873229,4.4571493,0.2976026
1.5368390,0.4973532,4.4524055,0.2992499
1.5375919,0.5073884,4.4476616,0.3009306
1.5383145,0.5174280,4.4429178,0.3026447
1.5390068,0.5274718,4.4381740,0.3043926
1.5396683,0.5375193,4.4334301,0.3061744
1.5402989,0.5475703,4.4286863,0.3079904
1.5408951,0.5575671,4.4229940,0.3085242
1.5414599,0.5675554,4.4171140,0.3088175
1.5419938,0.5775462,4.4112341,0.3091295
1.5424969,0.5875393,4.4053542,0.3094602
1.5429691,0.5975346,4.3994742,0.3098095
1.5434103,0.6075318,4.3935943,0.3101774
1.5438204,0.6175307,4.3877144,0.3105641
1.5441995,0.6275310,4.3818344,0.3109694
1.5445475,0.6375326,4.3759545,0.3113933
1.5448643,0.6475351,4.3700746,0.3118360
1.5451499,0.6575385,4.3641946,0.3122974
1.5454043,0.6675424,4.3583147,0.3127775
1.5456272,0.6775467,4.3524347,0.3132763
1.5458189,0.6875512,4.3465548,0.3137938
1.5459791,0.6975555,4.3406749,0.3143302
1.5461078,0.7075595,4.3347949,0.3148853
1.5462050,0.7175630,4.3289150,0.3154593
1.5462706,0.7275657,4.3230351,0.3160521
1.5463046,0.7375675,4.3171551,0.3166637
1.5463070,0.7475680,4.3112752,0.3172943
1.5462776,0.7575672,4.3053953,0.3179439
1.5462164,0.7675647,4.2995153,0.3186123
1.5461234,0.7775603,4.2936354,0.3192998
1.5459985,0.7875538,4.2877554,0.3200064
1.5458417,0.7975451,4.2818755,0.3207320
1.5456529,0.8075338,4.2759956,0.3214768
1.5454321,0.8175198,4.2701156,0.3222407
1.5451792,0.8275027,4.2642357,0.3230238
1.5448941,0.8374825,4.2583558,0.3238262
1.5445769,0.8474589,4.2524758,0.3246480
1.5442275,0.8574317,4.2465959,0.3254890
1.5438457,0.8674006,4.2407160,0.3263495
1.5434317,0.8773654,4.2348360,0.3272294
1.5429852,0.8873259,4.2289561,0.3281288
1.5425057,0.8972952,4.2237060,0.3290012
1.5419887,0.9073506,4.2227747,0.3295726
1.5414386,0.9174009,4.2218433,0.3301618
1.5408553,0.9274460,4.2209119,0.3307688
1.5402388,0.9374856,4.2199806,0.3313938
1.5395891,0.9475195,4.2190492,0.3320367
1.5389061,0.9575475,4.2181178,0.3326976
1.5381898,0.9675694,4.2171864,0.3333766
1.5374403,0.9775849,4.2162551,0.3340737
1.5366576,0.9875939,4.2153237,0.3347890
1.5358415,0.9975961,4.2143923,0.3355225
1.5349921,1.0075914,4.2134610,0.3362743
1.5341094,1.0175794,4.2125296,0.3370445
1.5331933,1.0275601,4.2115982,0.3378331
1.5322439,1.0375331,4.2106668,0.3386402
1.5312611,1.0474983,4.2097355,0.3394658
1.5302449,1.0574554,4.2088041,0.3403101
1.5291953,1.0674043,4.2078727,0.3411730
1.5281123,1.0773447,4.2069414,0.3420547
1.5269959,1.0872765,4.2060100,0.3429552
1.5258460,1.0971993,4.2050786,0.3438746
1.5246627,1.1071130,4.2041473,0.3448129
1.5234459,1.1170174,4.2032159,0.3457703
1.5221956,1.1269122,4.2022845,0.3467468
1.5209118,1.1367973,4.2013531,0.3477424
1.5195945,1.1466724,4.2004218,0.3487573
1.5182436,1.1565373,4.1994904,0.3497915
1.5168592,1.1663918,4.1985590,0.3508451
1.5154413,1.1762358,4.1976277,0.3519181
1.5139897,1.1860688,4.1966963,0.3530108
1.5125046,1.1958909,4.1957649,0.3541230
1.5109859,1.2057017,4.1948336,0.3552549
1.5094335,1.2155010,4.1939022,0.3564067
1.5078475,1.2252887,4.1929708,0.3575782
1.5062278,1.2350644,4.1920394,0.3587698
1.5045407,1.2450255,4.1917219,0.3590610
1.5028089,1.2550294,4.1915781,0.3591326
1.5010419,1.2650198,4.1914343,0.3592478
1.4992399,1.2749963,4.1912905,0.3594069
1.4974029,1.2849585,4.1911467,0.3596102
1.4955311,1.2949061,4.1910029,0.3598580
1.4936247,1.3048386,4.1908591,0.3601504
1.4916839,1.3147556,4.1907153,0.3604879
1.4897086,1.3246568,4.1905715,0.3608706
1.4876992,1.3345418,4.1904277,0.3612990
1.4856556,1.3444101,4.1902839,0.3617734
1.4835781,1.3542613,4.1901401,0.3622942
1.4814669,1.3640952,4.1899963,0.3628617
1.4793219,1.3739112,4.1898525,0.3634763
1.4771435,1.3837090,4.1897087,0.3641384
1.4749316,1.3934882,4.1895649,0.3648485
1.4726865,1.4032484,4.1894211,0.3656071
1.4704083,1.4129893,4.1892773,0.3664145
1.4680972,1.4227103,4.1891335,0.3672713
1.4657532,1.4324112,4.1889897,0.3681780
1.4633765,1.4420914,4.1888459,0.3691352
1.4609673,1.4517508,4.1887021,0.3701433
1.4585257,1.4613887,4.1885583,0.3712029
1.4560518,1.4710050,4.1884145,0.3723147
1.4535457,1.4805990,4.1882707,0.3734793
1.4510077,1.4901706,4.1881269,0.3746972
1.4484379,1.4997192,4.1879831,0.3759692
1.4458363,1.5092445,4.1878393,0.3772959
1.4432031,1.5187461,4.1876955,0.3786780
1.4405385,1.5282236,4.1875517,0.3801163
1.4378426,1.5376765,4.1874079,0.3816116
1.4351156,1.5471046,4.1872641,0.3831646
1.4323576,1.5565074,4.1871203,0.3847760
1.4295190,1.5660502,4.1869723,0.3858393
1.4265319,1.5759505,4.1868145,0.3855509
1.4235108,1.5858210,4.1866567,0.3853270
1.4204561,1.5956613,4.1864990,0.3851684
1.4173683,1.6054709,4.1863412,0.3850758
1.4142477,1.6152492,4.1861834,0.3850500
1.4110948,1.6249958,4.1860257,0.3850919
1.4079100,1.6347101,4.1858679,0.3852022
1.4046937,1.6443917,4.1857101,0.3853820
1.4014463,1.6540401,4.1855523,0.3856322
1.3981683,1.6636547,4.1853946,0.3859537
1.3948599,1.6732352,4.1852368,0.3863478
1.3915217,1.6827809,4.1850790,0.3868154
1.3881541,1.6922913,4.1849212,0.3873577
1.3847574,1.7017661,4.1847635,0.3879761
1.3813321,1.7112046,4.1846057,0.3886717
1.3778786,1.7206064,4.1844479,0.3894459
1.3743973,1.7299710,4.1842901,0.3903002
1.3708887,1.7392979,4.1841324,0.3912359
1.3673530,1.7485865,4.1839746,0.3922548
1.3637908,1.7578365,4.1838168,0.3933583
1.3602025,1.7670473,4.1836590,0.3945482
1.3565884,1.7762183,4.1835013,0.3958262
1.3529490,1.7853492,4.1833435,0.3971943
1.3492846,1.7944394,4.1831857,0.3986544
1.3455958,1.8034883,4.1830280,0.4002084
1.3418829,1.8124956,4.1828702,0.4018585
1.3381463,1.8214607,4.1827124,0.4036070
1.3343865,1.8303831,4.1825546,0.4054562
1.3306037,1.8392623,4.1823969,0.4074084
1.3267986,1.8480978,4.1822391,0.4094663
1.3229714,1.8568891,4.1820813,0.4116325
1.3188292,1.8662989,4.1819142,0.4125503
1.3145257,1.8759620,4.1817428,0.4129072
1.3101969,1.8855691,4.1815714,0.4133268
1.3058434,1.8951198,4.1814000,0.4138109
1.3014659,1.9046139,4.1812286,0.4143613
1.2970652,1.9140509,4.1810572,0.4149798
1.2926420,1.9234304,4.1808857,0.4156683
1.2881969,1.9327520,4.1807143,0.4164289
1.2837306,1.9420155,4.1805429,0.4172636
1.2792439,1.9512205,4.1803715,0.4181747
1.2747375,1.9603665,4.1802001,0.4191644
1.2702120,1.9694532,4.1800287,0.4202351
1.2656682,1.9784803,4.1798573,0.4213892
1.2611067,1.9874473,4.1796859,0.4226293
1.2565283,1.9963540,4.1795145,0.4239583
1.2519336,2.0051999,4.1793430,0.4253787
1.2473234,2.0139846,4.1791716,0.4268937
1.2426984,2.0227079,4.1790002,0.4285063
1.2380592,2.0313693,4.1788288,0.4302198
1.2334066,2.0399685,4.1786574,0.4320375
1.2287412,2.0485051,4.1784860,0.4339630
1.2240638,2.0569787,4.1783146,0.4360000
1.2193751,2.0653891,4.1781432,0.4381524
1.2146757,2.0737357,4.1779718,0.4404243
1.2099664,2.0820182,4.1778003,0.4428201
1.2052478,2.0902363,4.1776289,0.4453443
1.2005207,2.0983896,4.1774575,0.4480016
1.1957858,2.1064778,4.1772861,0.4507970
1.1908714,2.1147905,4.1771100,0.4529485
1.1853765,2.1239881,4.1769182,0.4523831
1.1798734,2.1330992,4.1767264,0.4515572
1.1743626,2.1421251,4.1765346,0.4504644
1.1688444,2.1510672,4.1763427,0.4490985
1.1633196,2.1599267,4.1761509,0.4474535
1.1577884,2.1687050,4.1759591,0.4455234
1.1522514,2.1774033,4.1757673,0.4433025
1.1467092,2.1860230,4.1755755,0.4407852
1.1411621,2.1945655,4.1753837,0.4379661
1.1356106,2.2030319,4.1751919,0.4348399
1.1300554,2.2114236,4.1750001,0.4314018
1.1244967,2.2197420,4.1748083,0.4276467
1.1189352,2.2279883,4.1746165,0.4235702
1.1133713,2.2361638,4.1744247,0.4191679
1.1078055,2.2442700,4.1742329,0.4144356
1.1022383,2.2523079,4.1740411,0.4093694
1.0966701,2.2602791,4.1738493,0.4039656
1.0911015,2.2681848,4.1736575,0.3982209
1.0855330,2.2760262,4.1734656,0.3921319
1.0799649,2.2838048,4.1732738,0.3856959
1.0743979,2.2915218,4.1730820,0.3789102
1.0688324,2.2991785,4.1728902,0.3717724
1.0632689,2.3067763,4.1726984,0.3642804
1.0577078,2.3143165,4.1725066,0.3564324
1.0517159,2.3223822,4.1723258,0.3529410
1.0454833,2.3307091,4.1721512,0.3517469
1.0392535,2.3389691,4.1719767,0.3501915
1.0330261,2.3471643,4.1718021,0.3482695
1.0268002,2.3552969,4.1716275,0.3459764
1.0205752,2.3633690,4.1714529,0.3433086
1.0143507,2.3713826,4.1712783,0.3402636
1.0081257,2.3793399,4.1711037,0.3368400
1.0018999,2.3872430,4.1709291,0.3330374
0.9956724,2.3950939,4.1707546,0.3288565
0.9894427,2.4028949,4.1705800,0.3242991
0.9832101,2.4106479,4.1704054,0.3193681
0.9769740,2.4183552,4.1702308,0.3140679
0.9707337,2.4260188,4.1700562,0.3084035
0.9644886,2.4336407,4.1698816,0.3023814
0.9582380,2.4412233,4.1697070,0.2960091
0.9519813,2.4487684,4.1695325,0.2892954
0.9457179,2.4562783,4.1693579,0.2822499
0.9394471,2.4637551,4.1691833,0.2748835
0.9331683,2.4712008,4.1690087,0.2672080
0.9268808,2.4786175,4.1688341,0.2592362
0.9205841,2.4860075,4.1686595,0.2509819
0.9141550,2.4935151,4.1685723,0.2504770
0.9076673,2.5010532,4.1685187,0.2528352
0.9011662,2.5085686,4.1684651,0.2549765
0.8946502,2.5160627,4.1684115,0.2568959
0.8881178,2.5235371,4.1683579,0.2585889
0.8815675,2.5309933,4.1683042,0.2600515
0.8749977,2.5384330,4.1682506,0.2612808
0.8684068,2.5458575,4.1681970,0.2622742
0.8617934,2.5532685,4.1681434,0.2630302
0.8551559,2.5606675,4.1680898,0.2635476
0.8484927,2.5680561,4.1680361,0.2638264
0.8418023,2.5754357,4.1679825,0.2638670
0.8350832,2.5828080,4.1679289,0.2636706
0.8283338,2.5901744,4.1678753,0.2632393
0.8215526,2.5975366,4.1678217,0.2625756
0.8147380,2.6048961,4.1677681,0.2616828
0.8078886,2.6122543,4.1677144,0.2605651
0.8010027,2.6196129,4.1676608,0.2592269
0.7940789,2.6269734,4.1676072,0.2576734
0.7871156,2.6343373,4.1675536,0.2559105
0.7801112,2.6417061,4.1675000,0.2539445
0.7732492,2.6488884,4.1675438,0.2555478
0.7666526,2.6557585,4.1677487,0.2630948
0.7600159,2.6626358,4.1679535,0.2703239
0.7533372,2.6695209,4.1681583,0.2772289
0.7466149,2.6764141,4.1683632,0.2838043
0.7398471,2.6833160,4.1685680,0.2900456
0.7330321,2.6902271,4.1687728,0.2959491
0.7261681,2.6971480,4.1689777,0.3015120
0.7192533,2.7040790,4.1691825,0.3067322
0.7122860,2.7110209,4.1693874,0.3116084
0.7052644,2.7179739,4.1695922,0.3161403
0.6981867,2.7249388,4.1697970,0.3203283
0.6910512,2.7319159,4.1700019,0.3241734
0.6838562,2.7389057,4.1702067,0.3276775
0.6765997,2.7459089,4.1704115,0.3308432
0.6692801,2.7529258,4.1706164,0.3336738
0.6618956,2.7599571,4.1708212,0.3361732
0.6544444,2.7670032,4.1710260,0.3383461
0.6469248,2.7740645,4.1712309,0.3401975
0.6393349,2.7811418,4.1714357,0.3417331
0.6316731,2.7882353,4.1716405,0.3429593
0.6239375,2.7953457,4.1718454,0.3438827
0.6161264,2.8024735,4.1720502,0.3445106
0.6087018,2.8092005,4.1724235,0.3491390
0.6018028,2.8154090,4.1730114,0.3588688
0.5948433,2.8216301,4.1735992,0.3682144
0.5878219,2.8278630,4.1741870,0.3771815
0.5807376,2.8341069,4.1747749,0.3857755
0.5735890,2.8403613,4.1753627,0.3940019
0.5663750,2.8466252,4.1759506,0.4018662
0.5590944,2.8528980,4.1765384,0.4093735
0.5517459,2.8591789,4.1771262,0.4165292
0.5443284,2.8654672,4.1777141,0.4233385
0.5368406,2.8717621,4.1783019,0.4298064
0.5292812,2.8780629,4.1788898,0.4359381
0.5216492,2.8843688,4.1794776,0.4417387
0.5139433,2.8906791,4.1800654,0.4472131
0.5061623,2.8969931,4.1806533,0.4523665
0.4983049,2.9033100,4.1812411,0.4572037
0.4903699,2.9096291,4.1818290,0.4617298
0.4823563,2.9159496,4.1824168,0.4659497
0.4742626,2.9222707,4.1830046,0.4698686
0.4660878,2.9285918,4.1835925,0.4734913
0.4578305,2.9349122,4.1841803,0.4768230
0.4494897,2.9412309,4.1847682,0.4798686
0.4410640,2.9475474,4.1853560,0.4826331
0.4325523,2.9538608,4.1859438,0.4851218
0.4239534,2.9601705,4.1865317,0.4873396
0.4152660,2.9664756,4.1871195,0.4892918
0.4064890,2.9727755,4.1877074,0.4909835
0.3988647,2.9781911,4.1888289,0.4863226
0.3911950,2.9835866,4.1899594,0.4817867
0.3834594,2.9889763,4.1910900,0.4774748
0.3756585,2.9943593,4.1922206,0.4733784
0.3677928,2.9997349,4.1933512,0.4694896
0.3598629,3.0051024,4.1944818,0.4658008
0.3518693,3.0104611,4.1956123,0.4623050
0.3438124,3.0158102,4.1967429,0.4589953
0.3356929,3.0211490,4.1978735,0.4558654
0.3275114,3.0264768,4.1990041,0.4529092
0.3192682,3.0317928,4.2001347,0.4501210
0.3109640,3.0370962,4.2012652,0.4474953
0.3025993,3.0423864,4.2023958,0.4450270
0.2941746,3.0476626,4.2035264,0.4427111
0.2856905,3.0529241,4.2046570,0.4405431
0.2771475,3.0581701,4.2057875,0.4385184
0.2685461,3.0633999,4.2069181,0.4366330
0.2598869,3.0686128,4.2080487,0.4348828
0.2511704,3.0738080,4.2091793,0.4332641
0.2423972,3.0789848,4.2103099,0.4317733
0.2335677,3.0841425,4.2114404,0.4304070
0.2246826,3.0892802,4.2125710,0.4291620
0.2157423,3.0943974,4.2137016,0.4280352
0.2067473,3.0994931,4.2148322,0.4270236
0.1976983,3.1045668,4.2159627,0.4261246
0.1885958,3.1096177,4.2170933,0.4253354
0.1794402,3.1146450,4.2182239,0.4246536
0.1702322,3.1196480,4.2193545,0.4240769
0.1609722,3.1246259,4.2204851,0.4236029
0.1516609,3.1295781,4.2216156,0.4232295
0.1424203,3.1344401,4.2228569,0.4223892
0.1338283,3.1389143,4.2247297,0.4184576
0.1251952,3.1433656,4.2266025,0.4146867
0.1165216,3.1477934,4.2284753,0.4110724
0.1078083,3.1521977,4.2303482,0.4076110
0.0990561,3.1565779,4.2322210,0.4042987
0.0902655,3.1609338,4.2340938,0.4011319
0.0814375,3.1652650,4.2359666,0.3981075
0.0725727,3.1695713,4.2378394,0.3952221
0.0636718,3.1738523,4.2397122,0.3924727
0.0547357,3.1781076,4.2415850,0.3898565
0.0457650,3.1823369,4.2434578,0.3873708
0.0367604,3.1865400,4.2453306,0.3850129
0.0277228,3.1907164,4.2472035,0.3827803
0.0186528,3.1948659,4.2490763,0.3806709
0.0095511,3.1989880,4.2509491,0.3786822
0.0004186,3.2030826,4.2528219,0.3768124
-0.0087441,3.2071492,4.2546947,0.3750594
-0.0179362,3.2111876,4.2565675,0.3734214
-0.0271570,3.2151973,4.2584403,0.3718966
-0.0364057,3.2191781,4.2603131,0.3704834
-0.0456817,3.2231296,4.2621859,0.3691804
-0.0549841,3.2270516,4.2640588,0.3679860
-0.0643123,3.2309436,4.2659316,0.3668991
-0.0736654,3.2348054,4.2678044,0.3659184
-0.0830429,3.2386366,4.2696772,0.3650427
-0.0924439,3.2424369,4.2715500,0.3642711
-0.1018677,3.2462059,4.2734228,0.3636027
-0.1113135,3.2499434,4.2752956,0.3630366
-0.1207807,3.2536490,4.2771684,0.3625720
-0.1302685,3.2573223,4.2790412,0.3622083
-0.1397762,3.2609631,4.2809141,0.3619450
-0.1493029,3.2645710,4.2827869,0.3617816
-0.1588481,3.2681457,4.2846597,0.3617176
-0.1683423,3.2716616,4.2868792,0.3605998
-0.1777414,3.2751035,4.2896635,0.3576816
-0.1871563,3.2785130,4.2924477,0.3548302
-0.1965863,3.2818902,4.2952320,0.3520448
-0.2060309,3.2852350,4.2980162,0.3493247
-0.2154896,3.2885476,4.3008005,0.3466691
-0.2249616,3.2918280,4.3035848,0.3440770
-0.2344465,3.2950763,4.3063690,0.3415479
-0.2439437,3.2982924,4.3091533,0.3390810
-0.2534526,3.3014765,4.3119375,0.3366755
-0.2629725,3.3046286,4.3147218,0.3343309
-0.2725030,3.3077488,4.3175060,0.3320464
-0.2820434,3.3108371,4.3202903,0.3298213
-0.2915932,3.3138936,4.3230745,0.3276552
-0.3011518,3.3169183,4.3258588,0.3255474
-0.3107185,3.3199113,4.3286430,0.3234974
-0.3202929,3.3228726,4.3314273,0.3215046
-0.3298743,3.3258023,4.3342116,0.3195685
-0.3394622,3.3287004,4.3369958,0.3176886
-0.3490559,3.3315671,4.3397801,0.3158644
-0.3586549,3.3344022,4.3425643,0.3140956
-0.3682586,3.3372060,4.3453486,0.3123816
-0.3778665,3.3399785,4.3481328,0.3107222
-0.3874779,3.3427196,4.3509171,0.3091169
-0.3970922,3.3454295,4.3537013,0.3075653
-0.4067090,3.3481083,4.3564856,0.3060672
-0.4163275,3.3507559,4.3592699,0.3046223
-0.4259473,3.3533724,4.3620541,0.3032303
-0.4355677,3.3559579,4.3648384,0.3018910
-0.4451882,3.3585124,4.3676226,0.3006041
-0.4548081,3.3610360,4.3704069,0.2993695
-0.4644269,3.3635288,4.3731911,0.2981869
-0.4740441,3.3659907,4.3759754,0.2970563
-0.4836589,3.3684219,4.3787596,0.2959776
-0.4932710,3.3708224,4.3815439,0.2949506
-0.5032170,3.3732750,4.3851549,0.2920936
-0.5131716,3.3756980,4.3887973,0.2891939
-0.5231214,3.3780888,4.3924396,0.2863217
-0.5330658,3.3804474,4.3960820,0.2834766
-0.5430043,3.3827743,4.3997243,0.2806579
-0.5529363,3.3850697,4.4033666,0.2778650
-0.5628613,3.3873339,4.4070090,0.2750974
-0.5727786,3.3895672,4.4106513,0.2723545
-0.5826878,3.3917698,4.4142937,0.2696357
-0.5925883,3.3939421,4.4179360,0.2669404
-0.6024796,3.3960844,4.4215783,0.2642679
-0.6123609,3.3981969,4.4252207,0.2616177
-0.6222319,3.4002799,4.4288630,0.2589892
-0.6320919,3.4023338,4.4325054,0.2563816
-0.6419405,3.4043587,4.4361477,0.2537945
-0.6517769,3.4063551,4.4397900,0.2512270
-0.6616007,3.4083231,4.4434324,0.2486786
-0.6714114,3.4102631,4.4470747,0.2461485
-0.6812082,3.4121754,4.4507171,0.2436362
-0.6909908,3.4140602,4.4543594,0.2411409
-0.7007585,3.4159178,4.4580017,0.2386619
-0.7105108,3.4177485,4.4616441,0.2361985
-0.7202471,3.4195527,4.4652864,0.2337499
-0.7299669,3.4213306,4.4689288,0.2313155
-0.7396695,3.4230824,4.4725711,0.2288946
-0.7493545,3.4248086,4.4762134,0.2264862
-0.7590213,3.4265092,4.4798558,0.2240897
-0.7686693,3.4281848,4.4834981,0.2217043
-0.7782980,3.4298355,4.4871405,0.2193291
-0.7879068,3.4314616,4.4907828,0.2169634
-0.7974951,3.4330634,4.4944251,0.2146063
-0.8070624,3.4346413,4.4980675,0.2122569
-0.8166082,3.4361954,4.5017098,0.2099144
-0.8266884,3.4378149,4.5058117,0.2091308
-0.8369218,3.4394365,4.5100608,0.2088119
-0.8471299,3.4410315,4.5143100,0.2084540
-0.8573130,3.4426002,4.5185592,0.2080569
-0.8674712,3.4441427,4.5228084,0.2076202
-0.8776051,3.4456595,4.5270575,0.2071435
-0.8877147,3.4471508,4.5313067,0.2066266
-0.8978004,3.4486168,4.5355559,0.2060692
-0.9078625,3.4500578,4.5398051,0.2054710
-0.9179013,3.4514741,4.5440543,0.2048316
-0.9279170,3.4528660,4.5483034,0.2041510
-0.9379100,3.4542338,4.5525526,0.2034289
-0.9478804,3.4555776,4.5568018,0.2026649
-0.9578287,3.4568979,4.5610510,0.2018591
-0.9677552,3.4581948,4.5653001,0.2010111
-0.9776599,3.4594686,4.5695493,0.2001208
-0.9875434,3.4607197,4.5737985,0.1991881
-0.9974058,3.4619482,4.5780477,0.1982128
-1.0072475,3.4631545,4.5822969,0.1971949
-1.0170687,3.4643388,4.5865460,0.1961342
-1.0268697,3.4655014,4.5907952,0.1950307
-1.0366508,3.4666426,4.5950444,0.1938843
-1.0464123,3.4677626,4.5992936,0.1926950
-1.0561545,3.4688618,4.6035427,0.1914628
-1.0658777,3.4699403,4.6077919,0.1901876
-1.0755821,3.4709985,4.6120411,0.1888696
-1.0852680,3.4720367,4.6162903,0.1875087
-1.0949358,3.4730550,4.6205395,0.1861051
-1.1045856,3.4740539,4.6247886,0.1846587
-1.1142179,3.4750335,4.6290378,0.1831698
-1.1238328,3.4759941,4.6332870,0.1816384
-1.1339264,3.4769842,4.6377488,0.1842918
-1.1440377,3.4779569,4.6422259,0.1872198
-1.1541315,3.4789085,4.6467030,0.1901149
-1.1642087,3.4798391,4.6511802,0.1929748
-1.1742700,3.4807483,4.6556573,0.1957971
-1.1843161,3.4816362,4.6601344,0.1985796
-1.1943480,3.4825026,4.6646116,0.2013197
-1.2043663,3.4833474,4.6690887,0.2040152
-1.2143718,3.4841705,4.6735659,0.2066638
-1.2243654,3.4849717,4.6780430,0.2092632
-1.2343478,3.4857509,4.6825201,0.2118111
-1.2443197,3.4865081,4.6869973,0.2143053
-1.2542820,3.4872431,4.6914744,0.2167437
-1.2642355,3.4879558,4.6959515,0.2191241
-1.2741808,3.4886461,4.7004287,0.2214444
-1.2841189,3.4893138,4.7049058,0.2237026
-1.2940505,3.4899589,4.7093829,0.2258966
-1.3039763,3.4905812,4.7138601,0.2280247
-1.3138972,3.4911806,4.7183372,0.2300848
-1.3238139,3.4917570,4.7228143,0.2320752
-1.3337271,3.4923103,4.7272915,0.2339942
-1.3436378,3.4928404,4.7317686,0.2358401
-1.3535467,3.4933471,4.7362458,0.2376113
-1.3634544,3.4938303,4.7407229,0.2393064
-1.3733620,3.4942900,4.7452000,0.2409239
-1.3832700,3.4947259,4.7496772,0.2424624
-1.3931793,3.4951381,4.7541543,0.2439208
-1.4030907,3.4955263,4.7586314,0.2452979
-1.4130049,3.4958905,4.7631086,0.2465926
-1.4229225,3.4962305,4.7674480,0.2469255
-1.4328440,3.4965463,4.7717358,0.2468994
-1.4427696,3.4968378,4.7760235,0.2468535
-1.4526995,3.4971052,4.7803112,0.2467879
-1.4626337,3.4973483,4.7845989,0.2467026
-1.4725726,3.4975671,4.7888866,0.2465977
-1.4825162,3.4977616,4.7931743,0.2464732
-1.4924646,3.4979318,4.7974620,0.2463291
-1.5024181,3.4980777,4.8017497,0.2461655
-1.5123768,3.4981993,4.8060374,0.2459825
-1.5223408,3.4982965,4.8103251,0.2457802
-1.5323103,3.4983693,4.8146128,0.2455586
-1.5422854,3.4984177,4.8189005,0.2453178
-1.5522664,3.4984418,4.8231882,0.2450579
-1.5622533,3.4984414,4.8274759,0.2447790
-1.5722463,3.4984166,4.8317636,0.2444812
-1.5822456,3.4983673,4.8360514,0.2441646
-1.5922514,3.4982936,4.8403391,0.2438293
-1.6022637,3.4981954,4.8446268,0.2434755
-1.6122827,3.4980726,4.8489145,0.2431032
-1.6223086,3.4979254,4.8532022,0.2427126
-1.6323415,3.4977536,4.8574899,0.2423038
-1.6423817,3.4975573,4.8617776,0.2418769
-1.6524292,3.4973364,4.8660653,0.2414321
-1.6624841,3.4970909,4.8703530,0.2409696
-1.6725468,3.4968208,4.8746407,0.2404895
-1.6826172,3.4965261,4.8789284,0.2399919
-1.6926956,3.4962068,4.8832161,0.2394770
-1.7027822,3.4958628,4.8875038,0.2389450
-1.7127379,3.4954994,4.8915394,0.2385832
-1.7225734,3.4951171,4.8953421,0.2383760
-1.7324171,3.4947113,4.8991449,0.2381501
-1.7422690,3.4942821,4.9029477,0.2379057
-1.7521294,3.4938292,4.9067505,0.2376430
-1.7619984,3.4933528,4.9105532,0.2373620
-1.7718762,3.4928527,4.9143560,0.2370629
-1.7817628,3.4923289,4.9181588,0.2367457
-1.7916586,3.4917814,4.9219616,0.2364106
-1.8015635,3.4912100,4.9257643,0.2360578
-1.8114779,3.4906148,4.9295671,0.2356874
-1.8214017,3.4899957,4.9333699,0.2352994
-1.8313352,3.4893526,4.9371727,0.2348942
-1.8412786,3.4886856,4.9409754,0.2344718
-1.8512319,3.4879945,4.9447782,0.2340323
-1.8611954,3.4872793,4.9485810,0.2335760
-1.8711692,3.4865399,4.9523838,0.2331031
-1.8811534,3.4857764,4.9561866,0.2326136
-1.8911483,3.4849886,4.9599893,0.2321077
-1.9011539,3.4841765,4.9637921,0.2315857
-1.9111704,3.4833400,4.9675949,0.2310477
-1.9211979,3.4824792,4.9713977,0.2304938
-1.9312367,3.4815939,4.9752004,0.2299244
-1.9412868,3.4806842,4.9790032,0.2293395
-1.9513485,3.4797499,4.9828060,0.2287394
-1.9614218,3.4787910,4.9866088,0.2281242
-1.9715070,3.4778074,4.9904115,0.2274942
-1.9816041,3.4767992,4.9942143,0.2268496
-1.9917134,3.4757662,4.9980171,0.2261905
-2.0018350,3.4747085,5.0018199,0.2255172
-2.0117430,3.4736503,5.0052595,0.2246032
-2.0214534,3.4725915,5.0083627,0.2234702
-2.0311754,3.4715099,5.0114658,0.2223300
-2.0409091,3.4704055,5.0145689,0.2211829
-2.0506548,3.4692784,5.0176721,0.2200292
-2.0604124,3.4681285,5.0207752,0.2188691
-2.0701822,3.4669559,5.0238783,0.2177027
-2.0799642,3.4657605,5.0269814,0.2165304
-2.0897585,3.4645424,5.0300846,0.2153523
-2.0995654,3.4633016,5.0331877,0.2141686
-2.1093848,3.4620380,5.0362908,0.2129796
-2.1192169,3.4607517,5.0393939,0.2117855
-2.1290619,3.4594426,5.0424971,0.2105865
-2.1389197,3.4581108,5.0456002,0.2093828
-2.1487907,3.4567563,5.0487033,0.2081747
-2.1586748,3.4553791,5.0518065,0.2069623
-2.1685723,3.4539792,5.0549096,0.2057459
-2.1784831,3.4525566,5.0580127,0.2045256
-2.1884075,3.4511112,5.0611158,0.2033017
-2.1983456,3.4496431,5.0642190,0.2020744
-2.2082974,3.4481524,5.0673221,0.2008439
-2.2182631,3.4466389,5.0704252,0.1996103
-2.2282428,3.4451028,5.0735284,0.1983740
-2.2382366,3.4435439,5.0766315,0.1971350
-2.2482447,3.4419624,5.0797346,0.1958936
-2.2582671,3.4403582,5.0828377,0.1946501
-2.2683041,3.4387313,5.0859409,0.1934044
-2.2783556,3.4370818,5.0890440,0.1921570
-2.2884218,3.4354095,5.0921471,0.1909079
-2.2985029,3.4337146,5.0952503,0.1896573
-2.3085989,3.4319970,5.0983534,0.1884055
-2.3186216,3.4302721,5.1013235,0.1873276
-2.3282320,3.4285996,5.1036524,0.1871004
-2.3378560,3.4269067,5.1059813,0.1868854
-2.3474931,3.4251933,5.1083103,0.1866823
-2.3571434,3.4234593,5.1106392,0.1864913
-2.3668065,3.4217048,5.1129681,0.1863120
-2.3764823,3.4199296,5.1152970,0.1861443
-2.3861706,3.4181338,5.1176259,0.1859882
-2.3958712,3.4163173,5.1199548,0.1858435
-2.4055839,3.4144801,5.1222837,0.1857101
-2.4153085,3.4126221,5.1246127,0.1855880
-2.4250448,3.4107433,5.1269416,0.1854769
-2.4347928,3.4088437,5.1292705,0.1853767
-2.4445520,3.4069231,5.1315994,0.1852875
-2.4543225,3.4049817,5.1339283,0.1852090
-2.4641039,3.4030193,5.1362572,0.1851412
-2.4738961,3.4010359,5.1385862,0.1850840
-2.4836988,3.3990314,5.1409151,0.1850372
-2.4935120,3.3970059,5.1432440,0.1850009
-2.5033355,3.3949593,5.1455729,0.1849749
-2.5131689,3.3928915,5.1479018,0.1849591
-2.5230122,3.3908025,5.1502307,0.1849534
-2.5328651,3.3886923,5.1525596,0.1849578
-2.5427275,3.3865608,5.1548886,0.1849722
-2.5525992,3.3844080,5.1572175,0.1849966
-2.5624799,3.3822339,5.1595464,0.1850307
-2.5723695,3.3800384,5.1618753,0.1850746
-2.5822679,3.3778214,5.1642042,0.1851283
-2.5921747,3.3755830,5.1665331,0.1851915
-2.6020899,3.3733231,5.1688621,0.1852643
-2.6120131,3.3710416,5.1711910,0.1853467
-2.6219444,3.3687386,5.1735199,0.1854384
-2.6318834,3.3664139,5.1758488,0.1855396
-2.6417851,3.3640782,5.1780761,0.1857471
-2.6514276,3.3617846,5.1797004,0.1865549
-2.6610764,3.3594707,5.1813247,0.1873984
-2.6707308,3.3571364,5.1829490,0.1882779
-2.6803904,3.3547818,5.1845733,0.1891936
-2.6900545,3.3524068,5.1861976,0.1901457
-2.6997225,3.3500113,5.1878219,0.1911344
-2.7093939,3.3475955,5.1894462,0.1921602
-2.7190680,3.3451593,5.1910705,0.1932232
-2.7287443,3.3427027,5.1926948,0.1943239
-2.7384221,3.3402257,5.1943191,0.1954626
-2.7481010,3.3377283,5.1959434,0.1966397
-2.7577802,3.3352105,5.1975677,0.1978555
-2.7674593,3.3326723,5.1991920,0.1991107
-2.7771376,3.3301136,5.2008163,0.2004055
-2.7868146,3.3275345,5.2024406,0.2017404
-2.7964896,3.3249350,5.2040649,0.2031161
-2.8061621,3.3223150,5.2056892,0.2045330
-2.8158315,3.3196746,5.2073135,0.2059917
-2.8254972,3.3170137,5.2089378,0.2074927
-2.8351587,3.3143324,5.2105621,0.2090367
-2.8448152,3.3116306,5.2121864,0.2106243
-2.8544663,3.3089084,5.2138107,0.2122562
-2.8641113,3.3061657,5.2154350,0.2139331
-2.8737498,3.3034025,5.2170592,0.2156556
-2.8833810,3.3006188,5.2186835,0.2174246
-2.8930044,3.2978146,5.2203078,0.2192408
-2.9026194,3.2949900,5.2219321,0.2211050
-2.9122254,3.2921448,5.2235564,0.2230181
-2.9218219,3.2892792,5.2251807,0.2249810
-2.9314082,3.2863930,5.2268050,0.2269944
-2.9409838,3.2834863,5.2284293,0.2290594
-2.9505481,3.2805591,5.2300536,0.2311770
-2.9601004,3.2776114,5.2316779,0.2333481
-2.9696505,3.2746400,5.2332722,0.2354599
-2.9793772,3.2715883,5.2343058,0.2354920
-2.9890897,3.2685154,5.2353394,0.2355703
-2.9987876,3.2654214,5.2363730,0.2356953
-3.0084704,3.2623068,5.2374066,0.2358669
-3.0181375,3.2591715,5.2384402,0.2360856
-3.0277884,3.2560159,5.2394738,0.2363517
-3.0374226,3.2528402,5.2405073,0.2366653
-3.0470397,3.2496445,5.2415409,0.2370270
-3.0566390,3.2464291,5.2425745,0.2374371
-3.0662202,3.2431942,5.2436081,0.2378960
-3.0757827,3.2399399,5.2446417,0.2384042
-3.0853259,3.2366666,5.2456753,0.2389621
-3.0948494,3.2333743,5.2467089,0.2395703
-3.1043527,3.2300633,5.2477424,0.2402294
-3.1138352,3.2267339,5.2487760,0.2409399
-3.1232965,3.2233862,5.2498096,0.2417025
-3.1327360,3.2200204,5.2508432,0.2425179
-3.1421533,3.2166367,5.2518768,0.2433867
-3.1515478,3.2132354,5.2529104,0.2443098
-3.1609190,3.2098166,5.2539440,0.2452879
-3.1702664,3.2063806,5.2549775,0.2463219
-3.1795896,3.2029276,5.2560111,0.2474127
-3.1888879,3.1994578,5.2570447,0.2485611
-3.1981609,3.1959713,5.2580783,0.2497682
-3.2074081,3.1924684,5.2591119,0.2510350
-3.2166290,3.1889493,5.2601455,0.2523625
-3.2258230,3.1854143,5.2611791,0.2537520
-3.2349897,3.1818634,5.2622126,0.2552045
-3.2441285,3.1782970,5.2632462,0.2567213
-3.2532390,3.1747152,5.2642798,0.2583037
-3.2623206,3.1711182,5.2653134,0.2599531
-3.2713728,3.1675063,5.2663470,0.2616708
-3.2803952,3.1638796,5.2673806,0.2634584
-3.2898773,3.1600392,5.2680859,0.2637506
-3.2995783,3.1560792,5.2686209,0.2632856
-3.3092426,3.1521031,5.2691560,0.2628728
-3.3188696,3.1481114,5.2696910,0.2625129
-3.3284588,3.1441047,5.2702261,0.2622064
-3.3380097,3.1400834,5.2707611,0.2619538
-3.3475217,3.1360481,5.2712962,0.2617559
-3.3569943,3.1319993,5.2718312,0.2616134
-3.3664269,3.1279375,5.2723663,0.2615270
-3.3758191,3.1238633,5.2729014,0.2614976
-3.3851703,3.1197771,5.2734364,0.2615260
-3.3944798,3.1156795,5.2739715,0.2616131
-3.4037473,3.1115710,5.2745065,0.2617600
-3.4129722,3.1074521,5.2750416,0.2619677
-3.4221539,3.1033234,5.2755766,0.2622374
-3.4312919,3.0991853,5.2761117,0.2625702
-3.4403857,3.0950385,5.2766467,0.2629675
-3.4494347,3.0908833,5.2771818,0.2634306
-3.4584384,3.0867203,5.2777168,0.2639609
-3.4673963,3.0825501,5.2782519,0.2645601
-3.4763078,3.0783732,5.2787869,0.2652296
-3.4851724,3.0741900,5.2793220,0.2659712
-3.4939895,3.0700012,5.2798570,0.2667869
-3.5027587,3.0658072,5.2803921,0.2676783
-3.5114793,3.0616085,5.2809271,0.2686477
-3.5201509,3.0574057,5.2814622,0.2696972
-3.5287729,3.0531993,5.2819972,0.2708291
-3.5373447,3.0489898,5.2825323,0.2720457
-3.5458659,3.0447777,5.2830673,0.2733497
-3.5543359,3.0405636,5.2836024,0.2747437
-3.5627542,3.0363480,5.2841374,0.2762306
-3.5721087,3.0316313,5.2843450,0.2783468
-3.5816089,3.0268061,5.2844823,0.2805580
-3.5910416,3.0219796,5.2846196,0.2827367
-3.6004076,3.0171520,5.2847568,0.2848809
-3.6097075,3.0123232,5.2848941,0.2869886
-3.6189420,3.0074931,5.2850314,0.2890577
-3.6281116,3.0026618,5.2851687,0.2910861
-3.6372170,2.9978293,5.2853060,0.2930717
-3.6462589,2.9929955,5.2854433,0.2950124
-3.6552378,2.9881605,5.2855806,0.2969060
-3.6641545,2.9833242,5.2857178,0.2987503
-3.6730095,2.9784867,5.2858551,0.3005432
-3.6818035,2.9736479,5.2859924,0.3022825
-3.6905371,2.9688078,5.2861297,0.3039658
-3.6992110,2.9639665,5.2862670,0.3055909
-3.7078258,2.9591239,5.2864043,0.3071557
-3.7163821,2.9542800,5.2865416,0.3086577
-3.7248806,2.9494348,5.2866788,0.3100947
-3.7333219,2.9445883,5.2868161,0.3114645
-3.7417067,2.9397405,5.2869534,0.3127648
-3.7500355,2.9348914,5.2870907,0.3139932
-3.7583090,2.9300410,5.2872280,0.3151476
-3.7665279,2.9251893,5.2873653,0.3162255
-3.7746928,2.9203363,5.2875025,0.3172248
-3.7828042,2.9154819,5.2876398,0.3181433
-3.7908630,2.9106262,5.2877771,0.3189786
-3.7988696,2.9057692,5.2879144,0.3197285
-3.8075468,2.9004682,5.2878110,0.3197943
-3.8162726,2.8950984,5.2876715,0.3193580
-3.8249413,2.8897246,5.2875321,0.3184787
-3.8335559,2.8843457,5.2873926,0.3171504
-3.8421193,2.8789604,5.2872532,0.3153687
-3.8506345,2.8735674,5.2871137,0.3131314
-3.8591046,2.8681656,5.2869743,0.3104380
-3.8675324,2.8627537,5.2868348,0.3072903
-3.8759211,2.8573305,5.2866954,0.3036921
-3.8842735,2.8518948,5.2865559,0.2996490
-3.8925927,2.8464454,5.2864165,0.2951691
-3.9008816,2.8409809,5.2862770,0.2902623
-3.9091432,2.8355002,5.2861376,0.2849404
-3.9173806,2.8300021,5.2859981,0.2792173
-3.9255966,2.8244853,5.2858587,0.2731086
-3.9337944,2.8189486,5.2857192,0.2666319
-3.9419768,2.8133908,5.2855797,0.2598061
-3.9501469,2.8078107,5.2854403,0.2526519
-3.9583076,2.8022069,5.2853008,0.2451910
-3.9664619,2.7965784,5.2851614,0.2374468
-3.9746129,2.7909238,5.2850219,0.2294432
-3.9827635,2.7852420,5.2848825,0.2212055
-3.9909166,2.7795316,5.2847430,0.2127594
-3.9990753,2.7737915,5.2846036,0.2041312
-4.0070867,2.7681309,5.2844148,0.2004406
-4.0149323,2.7625644,5.2841705,0.2023751
-4.0227880,2.7569677,5.2839261,0.2042109
-4.0306541,2.7513402,5.2836818,0.2059477
-4.0385311,2.7456810,5.2834375,0.2075854
-4.0464196,2.7399896,5.2831932,0.2091239
-4.0543199,2.7342650,5.2829488,0.2105633
-4.0622325,2.7285067,5.2827045,0.2119039
-4.0701579,2.7227138,5.2824602,0.2131460
-4.0780966,2.7168857,5.2822158,0.2142900
-4.0860490,2.7110216,5.2819715,0.2153364
-4.0940155,2.7051208,5.2817272,0.2162859
-4.1019967,2.6991826,5.2814829,0.2171392
-4.1099929,2.6932062,5.2812385,0.2178972
-4.1180048,2.6871909,5.2809942,0.2185608
-4.1260326,2.6811361,5.2807499,0.2191310
-4.1340770,2.6750409,5.2805055,0.2196089
-4.1421382,2.6689046,5.2802612,0.2199957
-4.1502169,2.6627265,5.2800169,0.2202927
-4.1583135,2.6565059,5.2797726,0.2205012
-4.1664284,2.6502421,5.2795282,0.2206226
-4.1745621,2.6439343,5.2792839,0.2206585
-4.1827150,2.6375818,5.2790396,0.2206103
-4.1908877,2.6311838,5.2787952,0.2204797
-4.1990805,2.6247398,5.2785509,0.2202684
-4.2072635,2.6182729,5.2783076,0.2200296
-4.2147316,2.6123444,5.2780896,0.2209986
-4.2222165,2.6063767,5.2778717,0.2219752
-4.2297176,2.6003699,5.2776537,0.2229595
-4.2372344,2.5943240,5.2774357,0.2239518
-4.2447664,2.5882389,5.2772177,0.2249523
-4.2523131,2.5821148,5.2769997,0.2259613
-4.2598738,2.5759516,5.2767817,0.2269790
-4.2674481,2.5697494,5.2765637,0.2280055
-4.2750354,2.5635081,5.2763457,0.2290412
-4.2826351,2.5572278,5.2761277,0.2300863
-4.2902469,2.5509084,5.2759098,0.2311408
-4.2978700,2.5445500,5.2756918,0.2322051
-4.3055039,2.5381526,5.2754738,0.2332792
-4.3131482,2.5317163,5.2752558,0.2343635
-4.3208022,2.5252409,5.2750378,0.2354579
-4.3284655,2.5187266,5.2748198,0.2365628
-4.3361375,2.5121733,5.2746018,0.2376783
-4.3438177,2.5055811,5.2743838,0.2388045
-4.3515054,2.4989500,5.2741658,0.2399417
-4.3592003,2.4922799,5.2739479,0.2410898
-4.3669017,2.4855710,5.2737299,0.2422492
-4.3746091,2.4788231,5.2735119,0.2434199
-4.3823219,2.4720364,5.2732939,0.2446020
-4.3900397,2.4652108,5.2730759,0.2457958
-4.3977619,2.4583463,5.2728579,0.2470013
-4.4054879,2.4514430,5.2726399,0.2482186
-4.4132172,2.4445008,5.2724219,0.2494480
-4.4209474,2.4375216,5.2722042,0.2506784
-4.4281499,2.4309857,5.2720470,0.2489055
-4.4353539,2.4244166,5.2718899,0.2472037
-4.4425590,2.4178146,5.2717327,0.2455715
-4.4497648,2.4111801,5.2715756,0.2440074
-4.4569707,2.4045135,5.2714184,0.2425099
-4.4641764,2.3978151,5.2712613,0.2410777
-4.4713815,2.3910854,5.2711041,0.2397095
-4.4785854,2.3843247,5.2709469,0.2384040
-4.4857879,2.3775334,5.2707898,0.2371599
-4.4929884,2.3707119,5.2706326,0.2359763
-4.5001866,2.3638606,5.2704755,0.2348519
-4.5073819,2.3569798,5.2703183,0.2337858
-4.5145740,2.3500700,5.2701612,0.2327770
-4.5217625,2.3431316,5.2700040,0.2318245
-4.5289468,2.3361648,5.2698469,0.2309275
-4.5361266,2.3291701,5.2696897,0.2300851
-4.5433015,2.3221479,5.2695326,0.2292966
-4.5504710,2.3150986,5.2693754,0.2285611
-4.5576346,2.3080225,5.2692183,0.2278781
-4.5647920,2.3009200,5.2690611,0.2272468
-4.5719428,2.2937916,5.2689040,0.2266666
-4.5790864,2.2866375,5.2687468,0.2261370
-4.5862225,2.2794583,5.2685897,0.2256573
-4.5933506,2.2722541,5.2684325,0.2252271
-4.6004703,2.2650256,5.2682754,0.2248460
-4.6075811,2.2577729,5.2681182,0.2245134
-4.6146828,2.2504966,5.2679611,0.2242291
-4.6217747,2.2431970,5.2678039,0.2239925
-4.6288565,2.2358744,5.2676468,0.2238035
-4.6359277,2.2285293,5.2674896,0.2236617
-4.6428180,2.2213398,5.2673657,0.2217031
-4.6496784,2.2141500,5.2672456,0.2195693
-4.6565280,2.2069399,5.2671254,0.2174723
-4.6633667,2.1997099,5.2670053,0.2154112
-4.6701945,2.1924605,5.2668852,0.2133856
-4.6770112,2.1851920,5.2667651,0.2113948
-4.6838166,2.1779048,5.2666449,0.2094381
-4.6906107,2.1705992,5.2665248,0.2075150
-4.6973932,2.1632757,5.2664047,0.2056249
-4.7041641,2.1559346,5.2662845,0.2037672
-4.7109231,2.1485762,5.2661644,0.2019413
-4.7176703,2.1412011,5.2660443,0.2001467
-4.7244053,2.1338095,5.2659242,0.1983829
-4.7311282,2.1264018,5.2658040,0.1966493
-4.7378387,2.1189784,5.2656839,0.1949454
-4.7445367,2.1115397,5.2655638,0.1932708
-4.7512222,2.1040860,5.2654437,0.1916248
-4.7578948,2.0966178,5.2653235,0.1900072
-4.7645546,2.0891354,5.2652034,0.1884173
-4.7712014,2.0816392,5.2650833,0.1868548
-4.7778350,2.0741296,5.2649632,0.1853192
-4.7844553,2.0666068,5.2648430,0.1838100
-4.7910622,2.0590715,5.2647229,0.1823269
-4.7976555,2.0515238,5.2646028,0.1808693
-4.8042351,2.0439642,5.2644827,0.1794370
-4.8108009,2.0363930,5.2643625,0.1780296
-4.8173527,2.0288107,5.2642424,0.1766465
-4.8238903,2.0212176,5.2641223,0.1752875
-4.8304137,2.0136140,5.2640022,0.1739522
-4.8369228,2.0060005,5.2638820,0.1726402
-4.8434173,1.9983772,5.2637619,0.1713512
-4.8499027,1.9907381,5.2628586,0.1725549
-4.8563736,1.9830892,5.2619234,0.1738568
-4.8628297,1.9754309,5.2609881,0.1751556
-4.8692710,1.9677630,5.2600529,0.1764512
-4.8756973,1.9600853,5.2591176,0.1777436
-4.8821085,1.9523978,5.2581824,0.1790324
-4.8885048,1.9447004,5.2572471,0.1803177
-4.8948858,1.9369930,5.2563119,0.1815993
-4.9012517,1.9292753,5.2553767,0.1828771
-4.9076024,1.9215475,5.2544414,0.1841509
-4.9139377,1.9138092,5.2535062,0.1854207
-4.9202576,1.9060605,5.2525709,0.1866862
-4.9265621,1.8983012,5.2516357,0.1879474
-4.9328511,1.8905312,5.2507005,0.1892041
-4.9391245,1.8827504,5.2497652,0.1904563
-4.9453822,1.8749587,5.2488300,0.1917037
-4.9516243,1.8671559,5.2478947,0.1929462
-4.9578506,1.8593421,5.2469595,0.1941837
-4.9640611,1.8515169,5.2460242,0.1954161
-4.9702557,1.8436805,5.2450890,0.1966432
-4.9764344,1.8358325,5.2441538,0.1978649
-4.9825970,1.8279730,5.2432185,0.1990811
-4.9887436,1.8201018,5.2422833,0.2002915
-4.9948740,1.8122189,5.2413480,0.2014962
-5.0009882,1.8043240,5.2404128,0.2026948
-5.0070862,1.7964171,5.2394775,0.2038874
-5.0131678,1.7884982,5.2385423,0.2050737
-5.0192331,1.7805669,5.2376071,0.2062537
-5.0252818,1.7726234,5.2366718,0.2074271
-5.0313141,1.7646674,5.2357366,0.2085938
-5.0373301,1.7566985,5.2345690,0.2096808
-5.0433351,1.7487094,5.2291677,0.2094340
-5.0493235,1.7407076,5.2237663,0.2091875
-5.0552952,1.7326933,5.2183649,0.2089413
-5.0612502,1.7246664,5.2129636,0.2086954
-5.0671885,1.7166270,5.2075622,0.2084498
-5.0731101,1.7085752,5.2021608,0.2082045
-5.0790150,1.7005109,5.1967595,0.2079595
-5.0849033,1.6924343,5.1913581,0.2077149
-5.0907749,1.6843453,5.1859567,0.2074706
-5.0966297,1.6762440,5.1805554,0.2072267
-5.1024679,1.6681305,5.1751540,0.2069831
-5.1082894,1.6600048,5.1697526,0.2067399
-5.1140942,1.6518669,5.1643513,0.2064971
-5.1198822,1.6437170,5.1589499,0.2062547
-5.1256536,1.6355549,5.1535485,0.2060126
-5.1314083,1.6273808,5.1481472,0.2057711
-5.1371462,1.6191947,5.1427458,0.2055299
-5.1428675,1.6109967,5.1373444,0.2052892
-5.1485720,1.6027868,5.1319431,0.2050489
-5.1542598,1.5945650,5.1265417,0.2048091
-5.1599309,1.5863314,5.1211403,0.2045697
-5.1655853,1.5780860,5.1157390,0.2043308
-5.1712229,1.5698289,5.1103376,0.2040924
-5.1768438,1.5615602,5.1049362,0.2038546
-5.1824480,1.5532797,5.0995349,0.2036172
-5.1880355,1.5449877,5.0941335,0.2033803
-5.1936062,1.5366841,5.0887321,0.2031439
-5.1991602,1.5283690,5.0833308,0.2029081
-5.2046975,1.5200425,5.0779294,0.2026728
-5.2102180,1.5117045,5.0725280,0.2024381
-5.2157207,1.5033567,5.0670328,0.2023100
-5.2212016,1.4950053,5.0610913,0.2026853
-5.2266658,1.4866426,5.0551499,0.2030599
-5.2321132,1.4782685,5.0492085,0.2034335
-5.2375437,1.4698831,5.0432671,0.2038062
-5.2429573,1.4614864,5.0373257,0.2041780
-5.2483540,1.4530783,5.0313843,0.2045488
-5.2537337,1.4446588,5.0254429,0.2049187
-5.2590964,1.4362280,5.0195014,0.2052876
-5.2644420,1.4277859,5.0135600,0.2056555
-5.2697705,1.4193324,5.0076186,0.2060223
-5.2750818,1.4108675,5.0016772,0.2063881
-5.2803760,1.4023913,4.9957358,0.2067528
-5.2856529,1.3939036,4.9897944,0.2071164
-5.2909125,1.3854047,4.9838530,0.2074789
-5.2961548,1.3768943,4.9779115,0.2078402
-5.3013797,1.3683725,4.9719701,0.2082004
-5.3065872,1.3598394,4.9660287,0.2085593
-5.3117772,1.3512948,4.9600873,0.2089171
-5.3169497,1.3427389,4.9541459,0.2092736
-5.3221046,1.3341716,4.9482045,0.2096289
-5.3272420,1.3255928,4.9422631,0.2099829
-5.3323617,1.3170027,4.9363217,0.2103356
-5.3374637,1.3084011,4.9303802,0.2106869
-5.3425480,1.2997881,4.9244388,0.2110369
-5.3476145,1.2911637,4.9184974,0.2113855
-5.3526632,1.2825279,4.9125560,0.2117328
-5.3576941,1.2738806,4.9066146,0.2120786
-5.3627070,1.2652219,4.9006732,0.2124229
-5.3677020,1.2565518,4.8947318,0.2127658
-5.3726790,1.2478702,4.8887903,0.2131073
-5.3776341,1.2391838,4.8826884,0.2133872
-5.3825606,1.2305047,4.8761327,0.2134972
-5.3874691,1.2218143,4.8695770,0.2136069
-5.3923596,1.2131125,4.8630213,0.2137163
-5.3972320,1.2043994,4.8564656,0.2138254
-5.4020863,1.1956750,4.8499099,0.2139342
-5.4069224,1.1869393,4.8433542,0.2140428
-5.4117404,1.1781923,4.8367985,0.2141510
-5.4165403,1.1694341,4.8302429,0.2142589
-5.4213219,1.1606647,4.8236872,0.2143664
-5.4260852,1.1518841,4.8171315,0.2144736
-5.4308303,1.1430922,4.8105758,0.2145805
-5.4355570,1.1342893,4.8040201,0.2146870
-5.4402654,1.1254751,4.7974644,0.2147932
-5.4449554,1.1166498,4.7909087,0.2148990
-5.4496271,1.1078134,4.7843531,0.2150044
-5.4542802,1.0989659,4.7777974,0.2151094
-5.4589150,1.0901074,4.7712417,0.2152141
-5.4635312,1.0812377,4.7646860,0.2153183
-5.4681289,1.0723571,4.7581303,0.2154221
-5.4727080,1.0634654,4.7515746,0.2155255
-5.4772686,1.0545627,4.7450189,0.2156285
-5.4818105,1.0456491,4.7384632,0.2157310
-5.4863338,1.0367244,4.7319076,0.2158331
-5.4908384,1.0277888,4.7253519,0.2159347
-5.4953242,1.0188423,4.7187962,0.2160359
-5.4997914,1.0098849,4.7122405,0.2161366
-5.5042398,1.0009166,4.7056848,0.2162368
-5.5086693,0.9919375,4.6991291,0.2163365
-5.5130800,0.9829475,4.6925734,0.2164358
-5.5174719,0.9739466,4.6860177,0.2165345
-5.5218395,0.9649462,4.6792721,0.2165848
-5.5261727,0.9559671,4.6719818,0.2164962
-5.5304871,0.9469773,4.6646915,0.2164059
-5.5347829,0.9379768,4.6574012,0.2163138
-5.5390598,0.9289657,4.6501109,0.2162200
-5.5433180,0.9199439,4.6428205,0.2161243
-5.5475574,0.9109116,4.6355302,0.2160269
-5.5517781,0.9018685,4.6282399,0.2159278
-5.5559799,0.8928149,4.6209496,0.2158269
-5.5601630,0.8837507,4.6136593,0.2157242
-5.5643272,0.8746759,4.6063690,0.2156199
-5.5684727,0.8655906,4.5990787,0.2155137
-5.5725993,0.8564946,4.5917884,0.2154059
-5.5767072,0.8473882,4.5844981,0.2152963
-5.5807962,0.8382712,4.5772077,0.2151850
-5.5848663,0.8291436,4.5699174,0.2150719
-5.5889176,0.8200056,4.5626271,0.2149572
-5.5929501,0.8108571,4.5553368,0.2148407
-5.5969637,0.8016980,4.5480465,0.2147226
-5.6009585,0.7925285,4.5407562,0.2146027
-5.6049344,0.7833486,4.5334659,0.2144812
-5.6088914,0.7741581,4.5261756,0.2143580
-5.6128296,0.7649573,4.5188852,0.2142330
-5.6167488,0.7557460,4.5115949,0.2141065
-5.6206492,0.7465243,4.5043046,0.2139782
-5.6245307,0.7372922,4.4970143,0.2138483
-5.6283932,0.7280497,4.4897240,0.2137167
-5.6322369,0.7187969,4.4824337,0.2135835
-5.6360616,0.7095336,4.4751434,0.2134486
-5.6398674,0.7002600,4.4678531,0.2133121
-5.6436543,0.6909761,4.4605628,0.2131739
-5.6474190,0.6816897,4.4531708,0.2130620
-5.6511382,0.6724595,4.4449237,0.2131819
-5.6548386,0.6632190,4.4366767,0.2132979
-5.6585204,0.6539684,4.4284296,0.2134102
-5.6621835,0.6447075,4.4201825,0.2135187
-5.6658278,0.6354365,4.4119354,0.2136235
-5.6694534,0.6261551,4.4036883,0.2137244
-5.6730602,0.6168636,4.3954413,0.2138215
-5.6766482,0.6075617,4.3871942,0.2139148
-5.6802173,0.5982495,4.3789471,0.2140043
-5.6837676,0.5889270,4.3707000,0.2140899
-5.6872991,0.5795942,4.3624529,0.2141717
-5.6908116,0.5702511,4.3542059,0.2142496
-5.6943053,0.5608975,4.3459588,0.2143237
-5.6977799,0.5515336,4.3377117,0.2143939
-5.7012357,0.5421593,4.3294646,0.2144602
-5.7046724,0.5327745,4.3212175,0.2145226
-5.7080902,0.5233793,4.3129705,0.2145811
-5.7114889,0.5139737,4.3047234,0.2146357
-5.7148685,0.5045575,4.2964763,0.2146864
-5.7182291,0.4951309,4.2882292,0.2147332
-5.7215706,0.4856938,4.2799821,0.2147761
-5.7248929,0.4762461,4.2717351,0.2148150
-5.7281962,0.4667879,4.2634880,0.2148500
-5.7314802,0.4573191,4.2552409,0.2148811
-5.7347451,0.4478397,4.2469938,0.2149082
-5.7379908,0.4383498,4.2387467,0.2149314
-5.7412172,0.4288492,4.2304997,0.2149506
-5.7444244,0.4193380,4.2222526,0.2149659
-5.7476123,0.4098161,4.2140055,0.2149772
-5.7507809,0.4002836,4.2057584,0.2149846
-5.7539301,0.3907403,4.1975113,0.2149880
-5.7570314,0.3812741,4.1885973,0.2155308
-5.7601017,0.3718344,4.1794018,0.2162972
-5.7631529,0.3623841,4.1702063,0.2170575
-5.7661850,0.3529233,4.1610108,0.2178118
-5.7691980,0.3434519,4.1518153,0.2185598
-5.7721916,0.3339698,4.1426198,0.2193016
-5.7751659,0.3244770,4.1334243,0.2200370
-5.7781207,0.3149735,4.1242288,0.2207660
-5.7810560,0.3054592,4.1150333,0.2214886
-5.7839716,0.2959341,4.1058378,0.2222046
-5.7868674,0.2863981,4.0966423,0.2229140
-5.7897434,0.2768511,4.0874467,0.2236166
-5.7925995,0.2672932,4.0782512,0.2243126
-5.7954356,0.2577243,4.0690557,0.2250016
-5.7982516,0.2481442,4.0598602,0.2256838
-5.8010473,0.2385531,4.0506647,0.2263590
-5.8038228,0.2289508,4.0414692,0.2270272
-5.8065778,0.2193373,4.0322737,0.2276883
-5.8093124,0.2097126,4.0230782,0.2283422
-5.8120264,0.2000766,4.0138827,0.2289888
-5.8147198,0.1904292,4.0046872,0.2296281
-5.8173924,0.1807704,3.9954917,0.2302601
-5.8200441,0.1711002,3.9862962,0.2308846
-5.8226749,0.1614185,3.9771006,0.2315015
-5.8252847,0.1517252,3.9679051,0.2321109
-5.8278733,0.1420204,3.9587096,0.2327126
-5.8304407,0.1323040,3.9495141,0.2333067
-5.8329868,0.1225759,3.9403186,0.2338929
-5.8355115,0.1128361,3.9311231,0.2344713
-5.8380147,0.1030845,3.9219276,0.2350418
-5.8404964,0.0933212,3.9127321,0.2356043
-5.8429563,0.0835459,3.9035366,0.2361588
-5.8453512,0.0739333,3.8936450,0.2364018
-5.8477195,0.0643318,3.8836630,0.2365962
-5.8500668,0.0547187,3.8736811,0.2367812
-5.8523931,0.0450940,3.8636991,0.2369569
-5.8546982,0.0354577,3.8537171,0.2371232
-5.8569822,0.0258096,3.8437352,0.2372800
-5.8592450,0.0161497,3.8337532,0.2374275
-5.8614865,0.0064780,3.8237713,0.2375656
-5.8637067,-0.0032056,3.8137893,0.2376942
-5.8659056,-0.0129012,3.8038073,0.2378134
-5.8680831,-0.0226088,3.7938254,0.2379231
-5.8702391,-0.0323286,3.7838434,0.2380233
-5.8723737,-0.0420605,3.7738614,0.2381141
-5.8744867,-0.0518046,3.7638795,0.2381955
-5.8765781,-0.0615610,3.7538975,0.2382674
-5.8786478,-0.0713298,3.7439156,0.2383298
-5.8806959,-0.0811109,3.7339336,0.2383827
-5.8827222,-0.0909045,3.7239516,0.2384262
-5.8847267,-0.1007107,3.7139697,0.2384602
-5.8867094,-0.1105294,3.7039877,0.2384848
-5.8886703,-0.1203608,3.6940057,0.2384999
-5.8906091,-0.1302049,3.6840238,0.2385056
-5.8925260,-0.1400618,3.6740418,0.2385018
-5.8944209,-0.1499315,3.6640599,0.2384887
-5.8962937,-0.1598141,3.6540779,0.2384661
-5.8981443,-0.1697096,3.6440959,0.2384342
-5.8999728,-0.1796182,3.6341140,0.2383928
-5.9017790,-0.1895399,3.6241320,0.2383421
-5.9035629,-0.1994747,3.6141500,0.2382821
-5.9053246,-0.2094227,3.6041681,0.2382128
-5.9070638,-0.2193840,3.5941861,0.2381341
-5.9087806,-0.2293586,3.5842042,0.2380462
-5.9104554,-0.2392301,3.5783483,0.2399455
-5.9120804,-0.2489493,3.5783483,0.2446624
-5.9136835,-0.2586812,3.5783483,0.2493610
-5.9152640,-0.2684258,3.5783483,0.2540411
-5.9168215,-0.2781832,3.5783483,0.2587026
-5.9183554,-0.2879532,3.5783483,0.2633454
-5.9198652,-0.2977359,3.5783483,0.2679692
-5.9213503,-0.3075314,3.5783483,0.2725738
-5.9228103,-0.3173396,3.5783483,0.2771590
-5.9242446,-0.3271606,3.5783483,0.2817246
-5.9256526,-0.3369943,3.5783483,0.2862702
-5.9270340,-0.3468407,3.5783483,0.2907955
-5.9283880,-0.3567000,3.5783483,0.2953002
-5.9297142,-0.3665720,3.5783483,0.2997839
-5.9310121,-0.3764568,3.5783483,0.3042462
-5.9322812,-0.3863544,3.5783483,0.3086866
-5.9335208,-0.3962648,3.5783483,0.3131047
-5.9347306,-0.4061880,3.5783483,0.3175000
-5.9359098,-0.4161240,3.5783483,0.3218719
-5.9370582,-0.4260729,3.5783483,0.3262200
-5.9381750,-0.4360345,3.5783483,0.3305437
-5.9392598,-0.4460091,3.5783483,0.3348423
-5.9403120,-0.4559964,3.5783483,0.3391153
-5.9413311,-0.4659967,3.5783483,0.3433620
-5.9423167,-0.4760098,3.5783483,0.3475817
-5.9432681,-0.4860357,3.5783483,0.3517736
-5.9441848,-0.4960746,3.5783483,0.3559372
-5.9450663,-0.5061263,3.5783483,0.3600715
-5.9459121,-0.5161910,3.5783483,0.3641759
-5.9467217,-0.5262685,3.5783483,0.3682495
-5.9474945,-0.5363590,3.5783483,0.3722915
-5.9482299,-0.5464623,3.5783483,0.3763010
-5.9489276,-0.5565786,3.5783483,0.3802771
-5.9495868,-0.5667079,3.2277982,0.3842190
