-1.6745500,-2.4442785,1.8162505,-0.2415625
-1.6813338,-2.4370910,1.8091852,-0.2712608
-1.6880785,-2.4299063,1.8021199,-0.3007759
-1.6947861,-2.4227188,1.7950546,-0.3299536
-1.7014583,-2.4155225,1.7879893,-0.3586389
-1.7080969,-2.4083117,1.7809240,-0.3866776
-1.7147039,-2.4010805,1.7738587,-0.4139183
-1.7212810,-2.3938232,1.7667933,-0.4402138
-1.7278301,-2.3865339,1.7597280,-0.4654233
-1.7343530,-2.3792068,1.7526627,-0.4894134
-1.7408515,-2.3718360,1.7455974,-0.5120604
-1.7473274,-2.3644159,1.7385321,-0.5332512
-1.7537827,-2.3569404,1.7314668,-0.5528851
-1.7602191,-2.3494039,1.7244015,-0.5708743
-1.7666384,-2.3418006,1.7173362,-0.5871454
-1.7730425,-2.3341245,1.7102709,-0.6016397
-1.7794332,-2.3263699,1.7032055,-0.6143139
-1.7858123,-2.3185310,1.6961402,-0.6251401
-1.7921817,-2.3106020,1.6890749,-0.6341059
-1.7985432,-2.3025769,1.6820096,-0.6412140
-1.8048987,-2.2944502,1.6749443,-0.6464819
-1.8112499,-2.2862158,1.6678790,-0.6499408
-1.8175987,-2.2778680,1.6608137,-0.6516351
-1.8236156,-2.2698457,1.6579026,-0.6590213
-1.8291002,-2.2624359,1.6616570,-0.6774643
-1.8345805,-2.2549339,1.6654115,-0.6955007
-1.8400532,-2.2473394,1.6691660,-0.7131628
-1.8455149,-2.2396520,1.6729205,-0.7304789
-1.8509623,-2.2318714,1.6766750,-0.7474739
-1.8563920,-2.2239972,1.6804295,-0.7641691
-1.8618006,-2.2160292,1.6841840,-0.7805828
-1.8671848,-2.2079670,1.6879385,-0.7967301
-1.8725413,-2.1998101,1.6916930,-0.8126236
-1.8778666,-2.1915584,1.6954475,-0.8282732
-1.8831574,-2.1832114,1.6992019,-0.8436862
-1.8884103,-2.1747688,1.7029564,-0.8588675
-1.8936220,-2.1662303,1.7067109,-0.8738200
-1.8987892,-2.1575955,1.7104654,-0.8885442
-1.9039083,-2.1488641,1.7142199,-0.9030387
-1.9089762,-2.1400357,1.7179744,-0.9173000
-1.9139894,-2.1311100,1.7217289,-0.9313228
-1.9189445,-2.1220866,1.7254834,-0.9451001
-1.9238383,-2.1129653,1.7292379,-0.9586229
-1.9286673,-2.1037456,1.7329923,-0.9718809
-1.9334282,-2.0944273,1.7367468,-0.9848619
-1.9381175,-2.0850099,1.7405013,-0.9975525
-1.9427321,-2.0754931,1.7442558,-1.0099376
-1.9472684,-2.0658767,1.7480103,-1.0220012
-1.9517232,-2.0561602,1.7517648,-1.0337256
-1.9559818,-2.0465969,1.7542584,-1.0418021
-1.9597507,-2.0378911,1.7520586,-1.0377998
-1.9634502,-2.0291091,1.7498587,-1.0343030
-1.9670786,-2.0202523,1.7476588,-1.0312924
-1.9706343,-2.0113220,1.7454589,-1.0287494
-1.9741159,-2.0023194,1.7432590,-1.0266564
-1.9775217,-1.9932458,1.7410591,-1.0249964
-1.9808503,-1.9841026,1.7388592,-1.0237532
-1.9840999,-1.9748910,1.7366593,-1.0229112
-1.9872692,-1.9656123,1.7344594,-1.0224553
-1.9903565,-1.9562678,1.7322596,-1.0223710
-1.9933602,-1.9468589,1.7300597,-1.0226442
-1.9962788,-1.9373868,1.7278598,-1.0232613
-1.9991107,-1.9278528,1.7256599,-1.0242088
-2.0018545,-1.9182581,1.7234600,-1.0254737
-2.0045084,-1.9086042,1.7212601,-1.0270432
-2.0070710,-1.8988922,1.7190602,-1.0289048
-2.0095407,-1.8891236,1.7168603,-1.0310460
-2.0119160,-1.8792995,1.7146604,-1.0334545
-2.0141952,-1.8694213,1.7124605,-1.0361180
-2.0163768,-1.8594902,1.7102607,-1.0390244
-2.0184593,-1.8495077,1.7080608,-1.0421615
-2.0204411,-1.8394748,1.7058609,-1.0455172
-2.0223207,-1.8293931,1.7036610,-1.0490792
-2.0240964,-1.8192636,1.7014611,-1.0528351
-2.0257667,-1.8090879,1.6992612,-1.0567726
-2.0273301,-1.7988670,1.6970613,-1.0608791
-2.0287850,-1.7886024,1.6948614,-1.0651417
-2.0301298,-1.7782953,1.6926615,-1.0695477
-2.0313630,-1.7679470,1.6904616,-1.0740838
-2.0324465,-1.7579167,1.6897495,-1.0703125
-2.0333791,-1.7483373,1.6910557,-1.0552336
-2.0342163,-1.7387258,1.6923618,-1.0402881
-2.0349587,-1.7290832,1.6936679,-1.0254861
-2.0356069,-1.7194100,1.6949741,-1.0108372
-2.0361615,-1.7097070,1.6962802,-0.9963501
-2.0366231,-1.6999750,1.6975863,-0.9820327
-2.0369924,-1.6902148,1.6988925,-0.9678922
-2.0372700,-1.6804270,1.7001986,-0.9539349
-2.0374565,-1.6706124,1.7015047,-0.9401667
-2.0375526,-1.6607717,1.7028109,-0.9265926
-2.0375588,-1.6509058,1.7041170,-0.9132172
-2.0374758,-1.6410153,1.7054231,-0.9000443
-2.0373042,-1.6311009,1.7067293,-0.8870775
-2.0370447,-1.6211635,1.7080354,-0.8743194
-2.0366978,-1.6112037,1.7093415,-0.8617725
-2.0362642,-1.6012224,1.7106477,-0.8494388
-2.0357445,-1.5912201,1.7119538,-0.8373198
-2.0351394,-1.5811978,1.7132599,-0.8254165
-2.0344494,-1.5711561,1.7145661,-0.8137298
-2.0336751,-1.5610958,1.7158722,-0.8022600
-2.0328173,-1.5510176,1.7171783,-0.7910073
-2.0318765,-1.5409223,1.7184845,-0.7799714
-2.0308534,-1.5308105,1.7197906,-0.7691520
-2.0297486,-1.5206832,1.7210967,-0.7585483
-2.0285626,-1.5105409,1.7224029,-0.7481593
-2.0272962,-1.5003844,1.7237090,-0.7379841
-2.0259499,-1.4902145,1.7250151,-0.7280211
-2.0245244,-1.4800320,1.7263213,-0.7182691
-2.0230203,-1.4698375,1.7276274,-0.7087264
-2.0214382,-1.4596318,1.7289335,-0.6993911
-2.0197787,-1.4494156,1.7302397,-0.6902615
-2.0180439,-1.4391973,1.7317484,-0.6813259
-2.0163595,-1.4296709,1.7521779,-0.6716376
-2.0146098,-1.4201370,1.7726074,-0.6620374
-2.0127952,-1.4105957,1.7930369,-0.6525276
-2.0109165,-1.4010473,1.8134665,-0.6431104
-2.0089742,-1.3914919,1.8338960,-0.6337874
-2.0069689,-1.3819299,1.8543255,-0.6245605
-2.0049010,-1.3723613,1.8747551,-0.6154310
-2.0027713,-1.3627865,1.8951846,-0.6064002
-2.0005803,-1.3532055,1.9156141,-0.5974693
-1.9983286,-1.3436188,1.9360437,-0.5886390
-1.9960168,-1.3340263,1.9564732,-0.5799103
-1.9936453,-1.3244284,1.9769027,-0.5712837
-1.9912150,-1.3148253,1.9973322,-0.5627597
-1.9887262,-1.3052172,2.0177618,-0.5543386
-1.9861795,-1.2956043,2.0381913,-0.5460207
-1.9835757,-1.2859868,2.0586208,-0.5378060
-1.9809152,-1.2763649,2.0790504,-0.5296946
-1.9781986,-1.2667388,2.0994799,-0.5216863
-1.9754265,-1.2571088,2.1199094,-0.5137808
-1.9725995,-1.2474750,2.1403390,-0.5059779
-1.9697181,-1.2378377,2.1607685,-0.4982771
-1.9667830,-1.2281971,2.1811980,-0.4906779
-1.9637947,-1.2185534,2.2016275,-0.4831798
-1.9607538,-1.2089068,2.2220571,-0.4757821
-1.9576609,-1.1992575,2.2424866,-0.4684841
-1.9545166,-1.1896057,2.2629161,-0.4612850
-1.9513213,-1.1799517,2.2833457,-0.4541840
-1.9480758,-1.1702956,2.3037752,-0.4471802
-1.9447806,-1.1606377,2.3242047,-0.4402726
-1.9414363,-1.1509782,2.3446343,-0.4334603
-1.9380435,-1.1413172,2.3650638,-0.4267423
-1.9346026,-1.1316551,2.3854933,-0.4201174
-1.9311144,-1.1219919,2.4059229,-0.4135846
-1.9275794,-1.1123280,2.4263524,-0.4071427
-1.9240346,-1.1027612,2.4457362,-0.4008353
-1.9206053,-1.0936185,2.4605764,-0.3947946
-1.9171355,-1.0844755,2.4754166,-0.3888154
-1.9136258,-1.0753323,2.4902568,-0.3828973
-1.9100767,-1.0661890,2.5050970,-0.3770399
-1.9064885,-1.0570457,2.5199372,-0.3712428
-1.9028618,-1.0479024,2.5347774,-0.3655056
-1.8991970,-1.0387591,2.5496176,-0.3598279
-1.8954946,-1.0296160,2.5644578,-0.3542090
-1.8917550,-1.0204732,2.5792980,-0.3486486
-1.8879787,-1.0113307,2.5941381,-0.3431460
-1.8841661,-1.0021885,2.6089783,-0.3377006
-1.8803178,-0.9930468,2.6238185,-0.3323120
-1.8764341,-0.9839056,2.6386587,-0.3269794
-1.8725156,-0.9747650,2.6534989,-0.3217023
-1.8685627,-0.9656251,2.6683391,-0.3164799
-1.8645758,-0.9564859,2.6831793,-0.3113116
-1.8605555,-0.9473475,2.6980195,-0.3061968
-1.8565021,-0.9382099,2.7128597,-0.3011347
-1.8524161,-0.9290734,2.7276999,-0.2961245
-1.8482981,-0.9199378,2.7425401,-0.2911657
-1.8441484,-0.9108033,2.7573802,-0.2862574
-1.8399676,-0.9016700,2.7722204,-0.2813990
-1.8357560,-0.8925379,2.7870606,-0.2765896
-1.8315142,-0.8834072,2.8019008,-0.2718284
-1.8272426,-0.8742778,2.8167410,-0.2671148
-1.8229417,-0.8651498,2.8315812,-0.2624480
-1.8186118,-0.8560234,2.8464214,-0.2578270
-1.8142536,-0.8468986,2.8612616,-0.2532513
-1.8098674,-0.8377754,2.8761018,-0.2487199
-1.8054538,-0.8286539,2.8909420,-0.2442321
-1.8010131,-0.8195343,2.9057821,-0.2397870
-1.7965458,-0.8104165,2.9206223,-0.2353839
-1.7920524,-0.8013007,2.9354625,-0.2310220
-1.7875334,-0.7921869,2.9503027,-0.2267004
-1.7829892,-0.7830751,2.9651429,-0.2224183
-1.7784202,-0.7739656,2.9799831,-0.2181750
-1.7738820,-0.7649669,2.9949510,-0.2140522
-1.7694126,-0.7561516,3.0101320,-0.2100988
-1.7649212,-0.7473385,3.0253130,-0.2061735
-1.7604083,-0.7385275,3.0404940,-0.2022759
-1.7558742,-0.7297187,3.0556750,-0.1984055
-1.7513192,-0.7209121,3.0708560,-0.1945618
-1.7467439,-0.7121076,3.0860370,-0.1907444
-1.7421484,-0.7033054,3.1012180,-0.1869527
-1.7375334,-0.6945053,3.1163989,-0.1831863
-1.7328990,-0.6857074,3.1315799,-0.1794446
-1.7282457,-0.6769117,3.1467609,-0.1757272
-1.7235739,-0.6681183,3.1619419,-0.1720335
-1.7188839,-0.6593271,3.1771229,-0.1683631
-1.7141762,-0.6505381,3.1923039,-0.1647154
-1.7094510,-0.6417514,3.2074849,-0.1610900
-1.7047089,-0.6329669,3.2226658,-0.1574862
-1.6999501,-0.6241847,3.2378468,-0.1539037
-1.6951751,-0.6154047,3.2530278,-0.1503418
-1.6903842,-0.6066271,3.2682088,-0.1468001
-1.6855779,-0.5978517,3.2833898,-0.1432781
-1.6807564,-0.5890786,3.2985708,-0.1397751
-1.6759202,-0.5803079,3.3137518,-0.1362908
-1.6710696,-0.5715394,3.3289328,-0.1328245
-1.6662051,-0.5627733,3.3441137,-0.1293757
-1.6613270,-0.5540095,3.3592947,-0.1259440
-1.6564356,-0.5452480,3.3744757,-0.1225287
-1.6515315,-0.5364889,3.3896567,-0.1191294
-1.6466149,-0.5277321,3.4048377,-0.1157455
-1.6416862,-0.5189777,3.4200187,-0.1123764
-1.6367459,-0.5102257,3.4351997,-0.1090218
-1.6317942,-0.5014761,3.4503807,-0.1056809
-1.6268316,-0.4927288,3.4655616,-0.1023533
-1.6218585,-0.4839840,3.4807426,-0.0990385
-1.6168752,-0.4752415,3.4959236,-0.0957358
-1.6118821,-0.4665015,3.5111046,-0.0924449
-1.6068796,-0.4577639,3.5262856,-0.0891651
-1.6018681,-0.4490287,3.5414666,-0.0858958
-1.5968479,-0.4402960,3.5566476,-0.0826366
-1.5918333,-0.4315898,3.5720816,-0.0796596
-1.5868365,-0.4229303,3.5879808,-0.0771916
-1.5818321,-0.4142733,3.6038801,-0.0747300
-1.5768205,-0.4056186,3.6197794,-0.0722746
-1.5718020,-0.3969664,3.6356787,-0.0698250
-1.5667768,-0.3883167,3.6515779,-0.0673810
-1.5617452,-0.3796694,3.6674772,-0.0649422
-1.5567075,-0.3710246,3.6833765,-0.0625084
-1.5516641,-0.3623822,3.6992758,-0.0600791
-1.5466151,-0.3537423,3.7151750,-0.0576542
-1.5415608,-0.3451049,3.7310743,-0.0552332
-1.5365017,-0.3364700,3.7469736,-0.0528159
-1.5314378,-0.3278376,3.7628729,-0.0504020
-1.5263696,-0.3192077,3.7787721,-0.0479912
-1.5212972,-0.3105803,3.7946714,-0.0455830
-1.5162211,-0.3019554,3.8105707,-0.0431773
-1.5111414,-0.2933330,3.8264699,-0.0407738
-1.5060585,-0.2847132,3.8423692,-0.0383720
-1.5009726,-0.2760959,3.8582685,-0.0359716
-1.4958840,-0.2674811,3.8741678,-0.0335725
-1.4907930,-0.2588689,3.8900670,-0.0311741
-1.4856999,-0.2502592,3.9059663,-0.0287763
-1.4806050,-0.2416521,3.9218656,-0.0263787
-1.4755085,-0.2330476,3.9377649,-0.0239810
-1.4704108,-0.2244457,3.9536641,-0.0215828
-1.4653121,-0.2158463,3.9695634,-0.0191838
-1.4602127,-0.2072495,3.9854627,-0.0167837
-1.4551129,-0.1986553,4.0013620,-0.0143823
-1.4500130,-0.1900638,4.0172612,-0.0119790
-1.4449132,-0.1814748,4.0331605,-0.0095737
-1.4398139,-0.1728885,4.0490598,-0.0071660
-1.4347153,-0.1643048,4.0649590,-0.0047555
-1.4296177,-0.1557237,4.0808583,-0.0023420
-1.4245214,-0.1471452,4.0967576,0.0000750
-1.4194267,-0.1385695,4.1126569,0.0024956
-1.4143339,-0.1299963,4.1285561,0.0049204
-1.4092432,-0.1214258,4.1444554,0.0073496
-1.4041549,-0.1128580,4.1603547,0.0097835
-1.3990673,-0.1042893,4.1761030,0.0121419
-1.3939136,-0.0956070,4.1868845,0.0118521
-1.3887630,-0.0869276,4.1976661,0.0115623
-1.3836155,-0.0782512,4.2084477,0.0112724
-1.3784712,-0.0695779,4.2192293,0.0109824
-1.3733302,-0.0609078,4.2300109,0.0106922
-1.3681923,-0.0522411,4.2407925,0.0104020
-1.3630578,-0.0435778,4.2515741,0.0101115
-1.3579266,-0.0349181,4.2623556,0.0098208
-1.3527987,-0.0262621,4.2731372,0.0095299
-1.3476742,-0.0176100,4.2839188,0.0092387
-1.3425532,-0.0089618,4.2947004,0.0089471
-1.3374356,-0.0003176,4.3054820,0.0086553
-1.3323215,0.0083223,4.3162636,0.0083630
-1.3272109,0.0169580,4.3270451,0.0080704
-1.3221038,0.0255892,4.3378267,0.0077773
-1.3170004,0.0342160,4.3486083,0.0074837
-1.3119005,0.0428380,4.3593899,0.0071896
-1.3068044,0.0514553,4.3701715,0.0068950
-1.3017119,0.0600678,4.3809531,0.0065997
-1.2966231,0.0686752,4.3917347,0.0063039
-1.2915382,0.0772774,4.4025162,0.0060075
-1.2864570,0.0858745,4.4132978,0.0057103
-1.2813796,0.0944662,4.4240794,0.0054125
-1.2763061,0.1030524,4.4348610,0.0051139
-1.2712365,0.1116330,4.4456426,0.0048145
-1.2661708,0.1202079,4.4564242,0.0045143
-1.2611091,0.1287769,4.4672058,0.0042132
-1.2560514,0.1373400,4.4779873,0.0039113
-1.2509977,0.1458970,4.4887689,0.0036084
-1.2459481,0.1544479,4.4995505,0.0033046
-1.2409026,0.1629924,4.5103321,0.0029998
-1.2358613,0.1715305,4.5211137,0.0026939
-1.2308241,0.1800621,4.5318953,0.0023869
-1.2257911,0.1885870,4.5426768,0.0020789
-1.2207624,0.1971051,4.5534584,0.0017697
-1.2157379,0.2056163,4.5642400,0.0014593
-1.2107177,0.2141205,4.5750216,0.0011477
-1.2056614,0.2226862,4.5805579,0.0001302
-1.2004785,0.2314663,4.5691031,-0.0031793
-1.1953000,0.2402383,4.5576484,-0.0065041
-1.1901257,0.2490018,4.5461936,-0.0098449
-1.1849555,0.2577565,4.5347388,-0.0132022
-1.1797890,0.2665020,4.5232840,-0.0165767
-1.1746262,0.2752380,4.5118292,-0.0199691
-1.1694669,0.2839642,4.5003744,-0.0233801
-1.1643107,0.2926803,4.4889196,-0.0268102
-1.1591576,0.3013858,4.4774648,-0.0302602
-1.1540073,0.3100805,4.4660100,-0.0337308
-1.1488596,0.3187640,4.4545552,-0.0372227
-1.1437143,0.3274360,4.4431005,-0.0407365
-1.1385713,0.3360961,4.4316457,-0.0442730
-1.1334303,0.3447441,4.4201909,-0.0478329
-1.1282911,0.3533795,4.4087361,-0.0514169
-1.1231536,0.3620021,4.3972813,-0.0550258
-1.1180174,0.3706114,4.3858265,-0.0586602
-1.1128825,0.3792073,4.3743717,-0.0623210
-1.1077487,0.3877892,4.3629169,-0.0660090
-1.1026156,0.3963569,4.3514621,-0.0697248
-1.0974832,0.4049101,4.3400073,-0.0734693
-1.0923511,0.4134484,4.3285526,-0.0772433
-1.0872194,0.4219715,4.3170978,-0.0810476
-1.0820876,0.4304790,4.3056430,-0.0848829
-1.0769557,0.4389706,4.2941882,-0.0887501
-1.0718233,0.4474460,4.2827334,-0.0926501
-1.0666905,0.4559048,4.2712786,-0.0965836
-1.0615568,0.4643467,4.2598238,-0.1005516
-1.0564222,0.4727713,4.2483690,-0.1045548
-1.0512863,0.4811784,4.2369142,-0.1085942
-1.0461491,0.4895675,4.2254594,-0.1126706
-1.0410104,0.4979384,4.2140047,-0.1167849
-1.0358698,0.5062907,4.2025499,-0.1209380
-1.0307273,0.5146241,4.1910951,-0.1251309
-1.0255826,0.5229382,4.1796403,-0.1293644
-1.0204355,0.5312326,4.1681855,-0.1336395
-1.0150739,0.5398473,4.1590203,-0.1379715
-1.0096152,0.5485903,4.1508697,-0.1423550
-1.0041532,0.5573102,4.1427191,-0.1467848
-0.9986876,0.5660067,4.1345684,-0.1512618
-0.9932182,0.5746792,4.1264178,-0.1557872
-0.9877447,0.5833276,4.1182672,-0.1603617
-0.9822670,0.5919514,4.1101166,-0.1649866
-0.9767848,0.6005502,4.1019659,-0.1696628
-0.9712978,0.6091238,4.0938153,-0.1743912
-0.9658059,0.6176716,4.0856647,-0.1791731
-0.9603088,0.6261935,4.0775141,-0.1840093
-0.9548062,0.6346889,4.0693634,-0.1889009
-0.9492980,0.6431575,4.0612128,-0.1938490
-0.9437840,0.6515991,4.0530622,-0.1988547
-0.9382638,0.6600131,4.0449116,-0.2039190
-0.9327372,0.6683993,4.0367609,-0.2090430
-0.9272041,0.6767572,4.0286103,-0.2142277
-0.9216642,0.6850865,4.0204597,-0.2194743
-0.9161172,0.6933869,4.0123091,-0.2247837
-0.9105630,0.7016580,4.0041584,-0.2301572
-0.9050012,0.7098994,3.9960078,-0.2355958
-0.8994318,0.7181107,3.9878572,-0.2411005
-0.8938544,0.7262916,3.9797066,-0.2466725
-0.8882688,0.7344417,3.9715559,-0.2523128
-0.8826747,0.7425607,3.9634053,-0.2580225
-0.8770721,0.7506482,3.9552547,-0.2638028
-0.8714605,0.7587037,3.9471041,-0.2696546
-0.8658399,0.7667271,3.9389534,-0.2755790
-0.8602098,0.7747178,3.9308028,-0.2815772
-0.8545703,0.7826756,3.9226522,-0.2876501
-0.8489209,0.7906000,3.9145016,-0.2937988
-0.8432615,0.7984907,3.9063509,-0.3000243
-0.8375918,0.8063474,3.8982003,-0.3063277
-0.8319116,0.8141696,3.8900497,-0.3127100
-0.8261302,0.8220804,3.8820761,-0.3183167
-0.8199724,0.8304499,3.8748156,-0.3205266
-0.8138019,0.8387783,3.8675552,-0.3227660
-0.8076190,0.8470655,3.8602948,-0.3250355
-0.8014236,0.8553114,3.8530343,-0.3273352
-0.7952160,0.8635160,3.8457739,-0.3296658
-0.7889961,0.8716791,3.8385135,-0.3320275
-0.7827642,0.8798005,3.8312530,-0.3344209
-0.7765203,0.8878802,3.8239926,-0.3368463
-0.7702645,0.8959181,3.8167322,-0.3393042
-0.7639969,0.9039140,3.8094717,-0.3417949
-0.7577176,0.9118678,3.8022113,-0.3443190
-0.7514268,0.9197795,3.7949509,-0.3468769
-0.7451245,0.9276489,3.7876904,-0.3494691
-0.7388108,0.9354758,3.7804300,-0.3520959
-0.7324858,0.9432603,3.7731695,-0.3547578
-0.7261497,0.9510021,3.7659091,-0.3574554
-0.7198025,0.9587012,3.7586487,-0.3601891
-0.7134443,0.9663574,3.7513882,-0.3629593
-0.7070753,0.9739707,3.7441278,-0.3657665
-0.7006955,0.9815409,3.7368674,-0.3686113
-0.6943050,0.9890679,3.7296069,-0.3714941
-0.6879040,0.9965516,3.7223465,-0.3744154
-0.6814925,1.0039919,3.7150861,-0.3773757
-0.6750707,1.0113886,3.7078256,-0.3803755
-0.6686386,1.0187418,3.7005652,-0.3834153
-0.6621964,1.0260511,3.6933048,-0.3864957
-0.6557441,1.0333166,3.6860443,-0.3896171
-0.6492818,1.0405381,3.6787839,-0.3927801
-0.6428098,1.0477156,3.6715235,-0.3959851
-0.6363279,1.0548488,3.6642630,-0.3992328
-0.6298365,1.0619377,3.6570026,-0.4025236
-0.6231871,1.0691424,3.6494435,-0.4055240
-0.6160964,1.0767623,3.6410173,-0.4075733
-0.6089947,1.0843295,3.6325912,-0.4096267
-0.6018821,1.0918442,3.6241650,-0.4116841
-0.5947588,1.0993063,3.6157389,-0.4137455
-0.5876249,1.1067161,3.6073127,-0.4158108
-0.5804806,1.1140735,3.5988866,-0.4178800
-0.5733260,1.1213786,3.5904604,-0.4199531
-0.5661613,1.1286316,3.5820343,-0.4220299
-0.5589867,1.1358326,3.5736081,-0.4241105
-0.5518022,1.1429816,3.5651820,-0.4261948
-0.5446081,1.1500787,3.5567559,-0.4282828
-0.5374045,1.1571240,3.5483297,-0.4303744
-0.5301915,1.1641176,3.5399036,-0.4324696
-0.5229694,1.1710596,3.5314774,-0.4345684
-0.5157382,1.1779500,3.5230513,-0.4366707
-0.5084981,1.1847890,3.5146251,-0.4387764
-0.5012493,1.1915767,3.5061990,-0.4408856
-0.4939919,1.1983130,3.4977728,-0.4429982
-0.4867260,1.2049982,3.4893467,-0.4451142
-0.4794519,1.2116323,3.4809205,-0.4472336
-0.4721697,1.2182154,3.4724944,-0.4493562
-0.4648794,1.2247476,3.4640682,-0.4514821
-0.4575814,1.2312290,3.4556421,-0.4536113
-0.4502757,1.2376596,3.4472159,-0.4557437
-0.4429625,1.2440395,3.4387898,-0.4578793
-0.4356419,1.2503689,3.4303637,-0.4600181
-0.4283141,1.2566478,3.4219375,-0.4621600
-0.4209793,1.2628763,3.4135114,-0.4643050
-0.4136376,1.2690546,3.4050852,-0.4664531
-0.4057635,1.2756187,3.3949505,-0.4685143
-0.3978385,1.2821610,3.3846767,-0.4704470
-0.3899052,1.2886461,3.3744030,-0.4722510
-0.3819630,1.2950745,3.3641292,-0.4739236
-0.3740118,1.3014469,3.3538555,-0.4754621
-0.3660512,1.3077638,3.3435817,-0.4768641
-0.3580809,1.3140258,3.3333080,-0.4781273
-0.3501006,1.3202335,3.3230342,-0.4792495
-0.3421099,1.3263873,3.3127605,-0.4802286
-0.3341086,1.3324880,3.3024868,-0.4810627
-0.3260963,1.3385359,3.2922130,-0.4817501
-0.3180726,1.3445318,3.2819393,-0.4822891
-0.3100374,1.3504762,3.2716655,-0.4826782
-0.3019902,1.3563696,3.2613918,-0.4829163
-0.2939307,1.3622127,3.2511180,-0.4830022
-0.2858586,1.3680059,3.2408443,-0.4829348
-0.2777737,1.3737498,3.2305705,-0.4827136
-0.2696755,1.3794451,3.2202968,-0.4823377
-0.2615638,1.3850922,3.2100230,-0.4818068
-0.2534382,1.3906917,3.1997493,-0.4811207
-0.2452984,1.3962443,3.1894755,-0.4802792
-0.2371441,1.4017504,3.1792018,-0.4792825
-0.2289751,1.4072107,3.1689280,-0.4781308
-0.2207908,1.4126256,3.1586543,-0.4768246
-0.2125912,1.4179959,3.1483805,-0.4753644
-0.2043757,1.4233219,3.1381068,-0.4737512
-0.1961442,1.4286044,3.1278330,-0.4719859
-0.1877861,1.4339132,3.1158094,-0.4829006
-0.1793623,1.4392074,3.1030285,-0.4992124
-0.1709185,1.4444558,3.0902475,-0.5153467
-0.1624531,1.4496577,3.0774665,-0.5312813
-0.1539646,1.4548123,3.0646855,-0.5469935
-0.1454512,1.4599189,3.0519045,-0.5624606
-0.1369114,1.4649768,3.0391236,-0.5776594
-0.1283434,1.4699852,3.0263426,-0.5925671
-0.1197457,1.4749434,3.0135616,-0.6071603
-0.1111166,1.4798506,3.0007806,-0.6214162
-0.1024545,1.4847061,2.9879996,-0.6353117
-0.0937578,1.4895092,2.9752187,-0.6488243
-0.0850248,1.4942591,2.9624377,-0.6619316
-0.0762538,1.4989550,2.9496567,-0.6746115
-0.0674433,1.5035963,2.9368757,-0.6868427
-0.0585916,1.5081822,2.9240947,-0.6986043
-0.0496970,1.5127120,2.9113138,-0.7098762
-0.0407580,1.5171849,2.8985328,-0.7206389
-0.0317729,1.5216001,2.8857518,-0.7308740
-0.0227400,1.5259570,2.8729708,-0.7405639
-0.0136578,1.5302548,2.8601898,-0.7496923
-0.0045245,1.5344927,2.8474089,-0.7582438
0.0046614,1.5386700,2.8346279,-0.7662045
0.0139016,1.5427860,2.8218469,-0.7735615
0.0231977,1.5468399,2.8090659,-0.7803036
0.0325514,1.5508311,2.7962850,-0.7864209
0.0419643,1.5547586,2.7835040,-0.7919051
0.0508596,1.5583886,2.7733502,-0.7972595
0.0597974,1.5619563,2.7632470,-0.8025735
0.0687885,1.5654648,2.7531438,-0.8078379
0.0778328,1.5689129,2.7430405,-0.8130477
0.0869301,1.5722995,2.7329373,-0.8181978
0.0960805,1.5756231,2.7228341,-0.8232827
0.1052837,1.5788825,2.7127308,-0.8282969
0.1145396,1.5820765,2.7026276,-0.8332350
0.1238482,1.5852038,2.6925244,-0.8380912
0.1332092,1.5882631,2.6824211,-0.8428596
0.1426227,1.5912532,2.6723179,-0.8475343
0.1520884,1.5941727,2.6622146,-0.8521094
0.1616063,1.5970204,2.6521114,-0.8565788
0.1711763,1.5997951,2.6420082,-0.8609362
0.1807981,1.6024954,2.6319049,-0.8651755
0.1904718,1.6051201,2.6218017,-0.8692904
0.2001971,1.6076680,2.6116985,-0.8732746
0.2099741,1.6101377,2.6015952,-0.8771217
0.2198025,1.6125280,2.5914920,-0.8808254
0.2296822,1.6148376,2.5813888,-0.8843795
0.2396132,1.6170652,2.5712855,-0.8877775
0.2495953,1.6192096,2.5611823,-0.8910131
0.2596284,1.6212695,2.5510791,-0.8940803
0.2697124,1.6232437,2.5409758,-0.8969727
0.2798471,1.6251308,2.5308726,-0.8996844
0.2900325,1.6269296,2.5207694,-0.9022094
0.3002684,1.6286389,2.5106661,-0.9045418
0.3105548,1.6302573,2.5005629,-0.9066759
0.3204513,1.6317206,2.5026242,-0.8975256
0.3299485,1.6330398,2.5169336,-0.8774345
0.3394864,1.6342827,2.5312430,-0.8577028
0.3490643,1.6354505,2.5455524,-0.8383319
0.3586812,1.6365440,2.5598617,-0.8193225
0.3683364,1.6375643,2.5741711,-0.8006743
0.3780290,1.6385123,2.5884805,-0.7823861
0.3877582,1.6393889,2.6027899,-0.7644561
0.3975230,1.6401952,2.6170993,-0.7468819
0.4073228,1.6409321,2.6314087,-0.7296602
0.4171565,1.6416006,2.6457181,-0.7127876
0.4270234,1.6422016,2.6600275,-0.6962597
0.4369227,1.6427361,2.6743368,-0.6800722
0.4468534,1.6432051,2.6886462,-0.6642200
0.4568147,1.6436095,2.7029556,-0.6486979
0.4668059,1.6439504,2.7172650,-0.6335003
0.4768260,1.6442287,2.7315744,-0.6186214
0.4868742,1.6444452,2.7458838,-0.6040552
0.4969497,1.6446012,2.7601932,-0.5897953
0.5070516,1.6446973,2.7745026,-0.5758356
0.5171791,1.6447348,2.7888120,-0.5621693
0.5273312,1.6447144,2.8031213,-0.5487900
0.5375073,1.6446373,2.8174307,-0.5356909
0.5477064,1.6445043,2.8317401,-0.5228652
0.5579277,1.6443164,2.8460495,-0.5103062
0.5681703,1.6440746,2.8603589,-0.4980070
0.5784335,1.6437799,2.8746683,-0.4859608
0.5887163,1.6434332,2.8889777,-0.4741608
0.5990179,1.6430355,2.9032871,-0.4626001
0.6093375,1.6425877,2.9175964,-0.4512719
0.6196742,1.6420909,2.9319058,-0.4401695
0.6298120,1.6415578,2.9445912,-0.4328302
0.6395838,1.6410015,2.9544065,-0.4318621
0.6493691,1.6404030,2.9642218,-0.4309509
0.6591673,1.6397621,2.9740370,-0.4300960
0.6689780,1.6390787,2.9838523,-0.4292966
0.6788008,1.6383527,2.9936676,-0.4285520
0.6886352,1.6375841,3.0034829,-0.4278616
0.6984808,1.6367728,3.0132982,-0.4272245
0.7083372,1.6359186,3.0231134,-0.4266403
0.7182040,1.6350216,3.0329287,-0.4261083
0.7280806,1.6340815,3.0427440,-0.4256279
0.7379667,1.6330984,3.0525593,-0.4251985
0.7478618,1.6320722,3.0623746,-0.4248195
0.7577655,1.6310027,3.0721898,-0.4244905
0.7676773,1.6298898,3.0820051,-0.4242108
0.7775969,1.6287336,3.0918204,-0.4239799
0.7875237,1.6275339,3.1016357,-0.4237975
0.7974573,1.6262905,3.1114510,-0.4236629
0.8073974,1.6250035,3.1212662,-0.4235757
0.8173434,1.6236728,3.1310815,-0.4235355
0.8272950,1.6222982,3.1408968,-0.4235418
0.8372516,1.6208797,3.1507121,-0.4235942
0.8472130,1.6194171,3.1605274,-0.4236924
0.8571785,1.6179105,3.1703426,-0.4238358
0.8671478,1.6163597,3.1801579,-0.4240241
0.8771204,1.6147646,3.1899732,-0.4242570
0.8870960,1.6131252,3.1997885,-0.4245341
0.8970740,1.6114413,3.2096038,-0.4248550
0.9070541,1.6097129,3.2194190,-0.4252194
0.9170358,1.6079399,3.2292343,-0.4256270
0.9270186,1.6061222,3.2390496,-0.4260774
0.9370022,1.6042597,3.2488649,-0.4265704
0.9469861,1.6023523,3.2586802,-0.4271056
0.9568857,1.6004167,3.2627602,-0.4275322
0.9666105,1.5984720,3.2549605,-0.4276946
0.9763343,1.5964845,3.2471608,-0.4279076
0.9860567,1.5944543,3.2393611,-0.4281710
0.9957771,1.5923813,3.2315613,-0.4284846
1.0054952,1.5902654,3.2237616,-0.4288479
1.0152105,1.5881067,3.2159619,-0.4292609
1.0249225,1.5859052,3.2081622,-0.4297233
1.0346308,1.5836607,3.2003625,-0.4302349
1.0443349,1.5813734,3.1925627,-0.4307955
1.0540344,1.5790431,3.1847630,-0.4314048
1.0637288,1.5766698,3.1769633,-0.4320628
1.0734178,1.5742535,3.1691636,-0.4327691
1.0831007,1.5717942,3.1613639,-0.4335238
1.0927773,1.5692919,3.1535641,-0.4343267
1.1024470,1.5667465,3.1457644,-0.4351775
1.1121094,1.5641580,3.1379647,-0.4360763
1.1217640,1.5615263,3.1301650,-0.4370228
1.1314104,1.5588516,3.1223653,-0.4380169
1.1410481,1.5561336,3.1145655,-0.4390587
1.1506767,1.5533725,3.1067658,-0.4401479
1.1602958,1.5505682,3.0989661,-0.4412845
1.1699048,1.5477206,3.0911664,-0.4424684
1.1795034,1.5448297,3.0833667,-0.4436996
1.1890911,1.5418956,3.0755669,-0.4449780
1.1986674,1.5389181,3.0677672,-0.4463035
1.2082319,1.5358973,3.0599675,-0.4476761
1.2177841,1.5328331,3.0521678,-0.4490958
1.2273237,1.5297255,3.0443681,-0.4505624
1.2368500,1.5265745,3.0365683,-0.4520761
1.2463628,1.5233801,3.0287686,-0.4536367
1.2558615,1.5201421,3.0209689,-0.4552442
1.2653456,1.5168607,3.0131692,-0.4568986
1.2748149,1.5135358,3.0053695,-0.4585999
1.2842842,1.5101617,2.9944995,-0.4637520
1.2937595,1.5067356,2.9792547,-0.4738480
1.3032175,1.5032646,2.9640099,-0.4840596
1.3126571,1.4997480,2.9487650,-0.4943894
1.3220773,1.4961851,2.9335202,-0.5048399
1.3314770,1.4925752,2.9182753,-0.5154138
1.3408551,1.4889177,2.9030305,-0.5261131
1.3502106,1.4852118,2.8877857,-0.5369399
1.3595424,1.4814568,2.8725408,-0.5478961
1.3688495,1.4776521,2.8572960,-0.5589834
1.3781307,1.4737969,2.8420512,-0.5702032
1.3873851,1.4698906,2.8268063,-0.5815566
1.3966115,1.4659324,2.8115615,-0.5930446
1.4058088,1.4619217,2.7963167,-0.6046680
1.4149761,1.4578577,2.7810718,-0.6164270
1.4241123,1.4537398,2.7658270,-0.6283217
1.4332162,1.4495673,2.7505822,-0.6403520
1.4422869,1.4453395,2.7353373,-0.6525172
1.4513232,1.4410557,2.7200925,-0.6648165
1.4603241,1.4367151,2.7048477,-0.6772484
1.4692886,1.4323171,2.6896028,-0.6898113
1.4782155,1.4278610,2.6743580,-0.7025031
1.4871038,1.4233462,2.6591132,-0.7153211
1.4959525,1.4187718,2.6438683,-0.7282624
1.5047604,1.4141372,2.6286235,-0.7413233
1.5135265,1.4094418,2.6133787,-0.7544998
1.5222498,1.4046848,2.5981338,-0.7677874
1.5309292,1.3998655,2.5828890,-0.7811809
1.5395636,1.3949832,2.5676442,-0.7946745
1.5481519,1.3900373,2.5523993,-0.8082618
1.5566931,1.3850270,2.5371545,-0.8219360
1.5651862,1.3799516,2.5219097,-0.8356894
1.5736299,1.3748105,2.5066648,-0.8495137
1.5820234,1.3696029,2.4914200,-0.8633998
1.5905602,1.3642039,2.4691312,-0.8720364
1.5991534,1.3586621,2.4427779,-0.8778924
1.6076886,1.3530485,2.4164247,-0.8840803
1.6161643,1.3473639,2.3900715,-0.8906023
1.6245790,1.3416087,2.3637182,-0.8974608
1.6329312,1.3357833,2.3373650,-0.9046581
1.6412195,1.3298884,2.3110117,-0.9121965
1.6494424,1.3239244,2.2846585,-0.9200786
1.6575985,1.3178918,2.2583052,-0.9283068
1.6656863,1.3117912,2.2319520,-0.9368835
1.6737042,1.3056230,2.2055987,-0.9458112
1.6816510,1.2993878,2.1792455,-0.9550922
1.6895250,1.2930861,2.1528923,-0.9647287
1.6973248,1.2867183,2.1265390,-0.9747229
1.7050490,1.2802851,2.1001858,-0.9850769
1.7126960,1.2737869,2.0738325,-0.9957924
1.7202645,1.2672242,2.0474793,-1.0068710
1.7277529,1.2605975,2.0211260,-1.0183142
1.7351598,1.2539074,1.9947728,-1.0301230
1.7424838,1.2471544,1.9684196,-1.0422982
1.7497232,1.2403389,1.9420663,-1.0548401
1.7568768,1.2334615,1.9157131,-1.0677486
1.7639430,1.2265227,1.8893598,-1.0810233
1.7709203,1.2195230,1.8630066,-1.0946630
1.7778073,1.2124630,1.8366533,-1.1086662
1.7846025,1.2053430,1.8103001,-1.1230304
1.7913045,1.1981637,1.7839469,-1.1377526
1.7979117,1.1909255,1.7575936,-1.1528291
1.8044228,1.1836290,1.7312404,-1.1682552
1.8108362,1.1762747,1.7048871,-1.1840253
1.8171506,1.1688631,1.6785339,-1.2001328
1.8233643,1.1613946,1.6521806,-1.2165700
1.8294977,1.1538428,1.6289938,-1.2313705
1.8358702,1.1457969,1.6567485,-1.2145250
1.8421282,1.1376902,1.6845031,-1.1971461
1.8482734,1.1295249,1.7122578,-1.1792770
1.8543076,1.1213030,1.7400124,-1.1609597
1.8602324,1.1130264,1.7677671,-1.1422350
1.8660498,1.1046973,1.7955217,-1.1231420
1.8717615,1.0963176,1.8232764,-1.1037184
1.8773693,1.0878894,1.8510310,-1.0839998
1.8828749,1.0794147,1.8787857,-1.0640201
1.8882801,1.0708956,1.9065403,-1.0438113
1.8935867,1.0623340,1.9342950,-1.0234033
1.8987965,1.0537320,1.9620496,-1.0028239
1.9039112,1.0450917,1.9898043,-0.9820990
1.9089326,1.0364150,2.0175589,-0.9612522
1.9138626,1.0277041,2.0453136,-0.9403051
1.9187028,1.0189608,2.0730682,-0.9192772
1.9234551,1.0101873,2.1008229,-0.8981859
1.9281212,1.0013856,2.1285775,-0.8770465
1.9327029,0.9925578,2.1563322,-0.8558724
1.9372020,0.9837057,2.1840868,-0.8346748
1.9416202,0.9748316,2.2118415,-0.8134632
1.9459594,0.9659374,2.2395961,-0.7922449
1.9502212,0.9570251,2.2673508,-0.7710255
1.9544076,0.9480967,2.2951054,-0.7498087
1.9585202,0.9391544,2.3228601,-0.7285965
1.9625609,0.9302001,2.3506147,-0.7073891
1.9665313,0.9212359,2.3783694,-0.6861847
1.9704334,0.9122637,2.4061240,-0.6649803
1.9742688,0.9032857,2.4338787,-0.6437708
1.9780393,0.8943039,2.4616333,-0.6225498
1.9818337,0.8851076,2.4678695,-0.6154248
1.9857139,0.8755340,2.4359649,-0.6334905
1.9895217,0.8659597,2.4040602,-0.6518182
1.9932556,0.8563846,2.3721556,-0.6704066
1.9969141,0.8468088,2.3402510,-0.6892534
2.0004957,0.8372321,2.3083463,-0.7083553
2.0039989,0.8276544,2.2764417,-0.7277082
2.0074221,0.8180758,2.2445371,-0.7473069
2.0107640,0.8084961,2.2126324,-0.7671448
2.0140229,0.7989153,2.1807278,-0.7872144
2.0171974,0.7893333,2.1488232,-0.8075068
2.0202859,0.7797501,2.1169185,-0.8280117
2.0232870,0.7701656,2.0850139,-0.8487174
2.0261992,0.7605797,2.0531093,-0.8696108
2.0290209,0.7509924,2.0212046,-0.8906771
2.0317507,0.7414036,1.9893000,-0.9118998
2.0343870,0.7318132,1.9573954,-0.9332608
2.0369283,0.7222212,1.9254907,-0.9547402
2.0393732,0.7126275,1.8935861,-0.9763162
2.0417201,0.7030320,1.8616815,-0.9979652
2.0439675,0.6934348,1.8297768,-1.0196615
2.0461139,0.6838357,1.7978722,-1.0413777
2.0481578,0.6742346,1.7659675,-1.0630842
2.0500977,0.6646315,1.7340629,-1.0847495
2.0519322,0.6550264,1.7021583,-1.1063400
2.0536596,0.6454192,1.6702536,-1.1278202
2.0552785,0.6358097,1.6383490,-1.1491525
2.0567874,0.6261980,1.6064444,-1.1702977
2.0581847,0.6165840,1.5745397,-1.1912143
2.0595002,0.6067242,1.5656287,-1.1926430
2.0607199,0.5966651,1.5753498,-1.1782381
2.0618181,0.5866050,1.5850708,-1.1636059
2.0627967,0.5765448,1.5947919,-1.1487762
2.0636574,0.5664856,1.6045130,-1.1337774
2.0644022,0.5564285,1.6142341,-1.1186368
2.0650329,0.5463744,1.6239551,-1.1033806
2.0655513,0.5363243,1.6336762,-1.0880335
2.0659593,0.5262793,1.6433973,-1.0726190
2.0662587,0.5162404,1.6531183,-1.0571594
2.0664514,0.5062087,1.6628394,-1.0416756
2.0665391,0.4961851,1.6725605,-1.0261871
2.0665238,0.4861706,1.6822815,-1.0107123
2.0664074,0.4761663,1.6920026,-0.9952682
2.0661915,0.4661733,1.7017237,-0.9798706
2.0658782,0.4561924,1.7114447,-0.9645340
2.0654691,0.4462248,1.7211658,-0.9492717
2.0649663,0.4362715,1.7308869,-0.9340960
2.0643714,0.4263335,1.7406079,-0.9190179
2.0636865,0.4164118,1.7503290,-0.9040472
2.0629132,0.4065074,1.7600501,-0.8891930
2.0620535,0.3966214,1.7697712,-0.8744630
2.0611092,0.3867547,1.7794922,-0.8598642
2.0600822,0.3769085,1.7892133,-0.8454024
2.0589742,0.3670836,1.7989344,-0.8310828
2.0577872,0.3572812,1.8086554,-0.8169096
2.0565229,0.3475023,1.8183765,-0.8028860
2.0551830,0.3377459,1.8279936,-0.7891630
2.0537245,0.3277162,1.8213706,-0.7986834
2.0521873,0.3177139,1.8147477,-0.8081825
2.0505708,0.3077392,1.8081247,-0.8176528
2.0488744,0.2977926,1.8015017,-0.8270861
2.0470977,0.2878743,1.7948787,-0.8364740
2.0452399,0.2779847,1.7882558,-0.8458080
2.0433006,0.2681239,1.7816328,-0.8550791
2.0412792,0.2582924,1.7750098,-0.8642781
2.0391751,0.2484905,1.7683868,-0.8733957
2.0369879,0.2387183,1.7617639,-0.8824221
2.0347168,0.2289763,1.7551409,-0.8913475
2.0323614,0.2192648,1.7485179,-0.9001617
2.0299211,0.2095839,1.7418949,-0.9088544
2.0273953,0.1999342,1.7352719,-0.9174151
2.0247835,0.1903158,1.7286490,-0.9258332
2.0220851,0.1807291,1.7220260,-0.9340979
2.0192995,0.1711743,1.7154030,-0.9421982
2.0164262,0.1616518,1.7087800,-0.9501231
2.0134647,0.1521619,1.7021571,-0.9578615
2.0104143,0.1427048,1.6955341,-0.9654023
2.0072745,0.1332809,1.6889111,-0.9727343
2.0040448,0.1238906,1.6822881,-0.9798464
2.0007245,0.1145340,1.6756651,-0.9867276
1.9973132,0.1052114,1.6690422,-0.9933666
1.9938102,0.0959233,1.6624192,-0.9997528
1.9902149,0.0866699,1.6557962,-1.0058753
1.9865289,0.0774564,1.6522181,-1.0086770
1.9827551,0.0682901,1.6561982,-1.0037393
1.9788892,0.0591593,1.6601783,-0.9986870
1.9749316,0.0500641,1.6641584,-0.9935263
1.9708831,0.0410048,1.6681386,-0.9882637
1.9667440,0.0319816,1.6721187,-0.9829055
1.9625150,0.0229949,1.6760988,-0.9774580
1.9581966,0.0140447,1.6800789,-0.9719272
1.9537893,0.0051315,1.6840591,-0.9663192
1.9492936,-0.0037446,1.6880392,-0.9606402
1.9447102,-0.0125834,1.6920193,-0.9548958
1.9400396,-0.0213845,1.6959994,-0.9490920
1.9352823,-0.0301477,1.6999795,-0.9432344
1.9304388,-0.0388729,1.7039597,-0.9373285
1.9255097,-0.0475597,1.7079398,-0.9313798
1.9204955,-0.0562079,1.7119199,-0.9253936
1.9153969,-0.0648172,1.7159000,-0.9193749
1.9102142,-0.0733875,1.7198802,-0.9133290
1.9049482,-0.0819184,1.7238603,-0.9072606
1.8995992,-0.0904097,1.7278404,-0.9011745
1.8941679,-0.0988612,1.7318205,-0.8950753
1.8886548,-0.1072726,1.7358006,-0.8889675
1.8830604,-0.1156437,1.7397808,-0.8828555
1.8773853,-0.1239742,1.7437609,-0.8767433
1.8716300,-0.1322640,1.7477410,-0.8706351
1.8657951,-0.1405126,1.7517211,-0.8645347
1.8598812,-0.1487200,1.7557013,-0.8584459
1.8540082,-0.1567244,1.7674226,-0.8470233
1.8481728,-0.1645402,1.7863275,-0.8305244
1.8422662,-0.1723189,1.8052323,-0.8138907
1.8362895,-0.1800614,1.8241372,-0.7971440
1.8302434,-0.1877687,1.8430420,-0.7803051
1.8241288,-0.1954417,1.8619469,-0.7633941
1.8179465,-0.2030813,1.8808517,-0.7464300
1.8116976,-0.2106885,1.8997566,-0.7294311
1.8053827,-0.2182642,1.9186614,-0.7124147
1.7990029,-0.2258094,1.9375663,-0.6953972
1.7925589,-0.2333251,1.9564712,-0.6783941
1.7860516,-0.2408120,1.9753760,-0.6614201
1.7794819,-0.2482713,1.9942809,-0.6444888
1.7728507,-0.2557037,2.0131857,-0.6276130
1.7661588,-0.2631104,2.0320906,-0.6108049
1.7594071,-0.2704921,2.0509954,-0.5940754
1.7525965,-0.2778499,2.0699003,-0.5774349
1.7457278,-0.2851847,2.0888051,-0.5608930
1.7388020,-0.2924974,2.1077100,-0.5444583
1.7318198,-0.2997890,2.1266148,-0.5281391
1.7247821,-0.3070603,2.1455197,-0.5119424
1.7176899,-0.3143125,2.1644246,-0.4958750
1.7105439,-0.3215463,2.1833294,-0.4799429
1.7033451,-0.3287627,2.2022343,-0.4641513
1.6960943,-0.3359628,2.2211391,-0.4485050
1.6887924,-0.3431473,2.2400440,-0.4330083
1.6814403,-0.3503173,2.2589488,-0.4176647
1.6740388,-0.3574736,2.2778537,-0.4024773
1.6669228,-0.3642982,2.2972181,-0.3921000
1.6599164,-0.3709664,2.3167922,-0.3839361
1.6528684,-0.3776244,2.3363662,-0.3758520
1.6457793,-0.3842724,2.3559403,-0.3678480
1.6386494,-0.3909109,2.3755144,-0.3599246
1.6314791,-0.3975402,2.3950884,-0.3520819
1.6242687,-0.4041607,2.4146625,-0.3443200
1.6170187,-0.4107726,2.4342366,-0.3366391
1.6097294,-0.4173763,2.4538106,-0.3290392
1.6024011,-0.4239722,2.4733847,-0.3215201
1.5950343,-0.4305606,2.4929587,-0.3140817
1.5876292,-0.4371418,2.5125328,-0.3067238
1.5801864,-0.4437162,2.5321069,-0.2994462
1.5727061,-0.4502842,2.5516809,-0.2922484
1.5651888,-0.4568460,2.5712550,-0.2851302
1.5576348,-0.4634020,2.5908290,-0.2780912
1.5500444,-0.4699526,2.6104031,-0.2711307
1.5424181,-0.4764981,2.6299772,-0.2642484
1.5347561,-0.4830389,2.6495512,-0.2574437
1.5270590,-0.4895752,2.6691253,-0.2507159
1.5193271,-0.4961074,2.6886994,-0.2440645
1.5115606,-0.5026360,2.7082734,-0.2374888
1.5037601,-0.5091611,2.7278475,-0.2309882
1.4959258,-0.5156832,2.7474215,-0.2245618
1.4880582,-0.5222026,2.7669956,-0.2182091
1.4801576,-0.5287196,2.7865697,-0.2119291
1.4722244,-0.5352346,2.8061437,-0.2057212
1.4642589,-0.5417480,2.8257178,-0.1995845
1.4562616,-0.5482600,2.8452919,-0.1935182
1.4482328,-0.5547710,2.8648659,-0.1875215
1.4406473,-0.5608989,2.8835241,-0.1793463
1.4330778,-0.5669920,2.9020993,-0.1710620
1.4254822,-0.5730853,2.9206745,-0.1628717
1.4178610,-0.5791794,2.9392497,-0.1547735
1.4102146,-0.5852747,2.9578249,-0.1467656
1.4025436,-0.5913715,2.9764000,-0.1388463
1.3948485,-0.5974704,2.9949752,-0.1310139
1.3871300,-0.6035718,3.0135504,-0.1232664
1.3793885,-0.6096760,3.0321256,-0.1156021
1.3716246,-0.6157836,3.0507008,-0.1080192
1.3638387,-0.6218949,3.0692760,-0.1005161
1.3560316,-0.6280105,3.0878511,-0.0930909
1.3482036,-0.6341307,3.1064263,-0.0857419
1.3403553,-0.6402559,3.1250015,-0.0784674
1.3324873,-0.6463867,3.1435767,-0.0712657
1.3246001,-0.6525234,3.1621519,-0.0641351
1.3166943,-0.6586665,3.1807271,-0.0570739
1.3087704,-0.6648164,3.1993023,-0.0500805
1.3008288,-0.6709735,3.2178774,-0.0431533
1.2928703,-0.6771383,3.2364526,-0.0362907
1.2848952,-0.6833112,3.2550278,-0.0294911
1.2769042,-0.6894927,3.2736030,-0.0227530
1.2688977,-0.6956832,3.2921782,-0.0160747
1.2608764,-0.7018831,3.3107534,-0.0094549
1.2528408,-0.7080928,3.3293285,-0.0028920
1.2447913,-0.7143128,3.3479037,0.0036153
1.2367286,-0.7205436,3.3664789,0.0100687
1.2286531,-0.7267854,3.3850541,0.0164693
1.2205655,-0.7330389,3.4036293,0.0228187
1.2124662,-0.7393044,3.4222045,0.0291181
1.2043559,-0.7455824,3.4407796,0.0353689
1.1962768,-0.7518409,3.4551598,0.0422964
1.1885312,-0.7578462,3.4351516,0.0550883
1.1807776,-0.7638646,3.4151433,0.0677923
1.1730168,-0.7698968,3.3951351,0.0804121
1.1652500,-0.7759436,3.3751269,0.0929510
1.1574779,-0.7820059,3.3551186,0.1054124
1.1497016,-0.7880844,3.3351104,0.1177995
1.1419221,-0.7941802,3.3151022,0.1301154
1.1341403,-0.8002938,3.2950939,0.1423631
1.1263572,-0.8064263,3.2750857,0.1545454
1.1185737,-0.8125784,3.2550775,0.1666649
1.1107909,-0.8187509,3.2350692,0.1787242
1.1030097,-0.8249447,3.2150610,0.1907257
1.0952310,-0.8311607,3.1950528,0.2026717
1.0874558,-0.8373996,3.1750445,0.2145642
1.0796852,-0.8436623,3.1550363,0.2264050
1.0719200,-0.8499496,3.1350281,0.2381961
1.0641612,-0.8562623,3.1150198,0.2499388
1.0564098,-0.8626013,3.0950116,0.2616347
1.0486668,-0.8689674,3.0750034,0.2732848
1.0409331,-0.8753614,3.0549951,0.2848903
1.0332097,-0.8817843,3.0349869,0.2964520
1.0254976,-0.8882367,3.0149786,0.3079704
1.0177977,-0.8947195,2.9949704,0.3194461
1.0101110,-0.9012336,2.9749622,0.3308791
1.0024385,-0.9077798,2.9549539,0.3422696
0.9947811,-0.9143589,2.9349457,0.3536173
0.9871398,-0.9209718,2.9149375,0.3649217
0.9795155,-0.9276192,2.8949292,0.3761823
0.9719093,-0.9343021,2.8749210,0.3873981
0.9643221,-0.9410212,2.8549128,0.3985680
0.9567549,-0.9477774,2.8349045,0.4096907
0.9492086,-0.9545715,2.8148963,0.4207645
0.9416842,-0.9614044,2.7948881,0.4317876
0.9343386,-0.9681332,2.7975720,0.4350151
0.9270762,-0.9748437,2.8091053,0.4352528
0.9198363,-0.9815915,2.8206386,0.4355335
0.9126193,-0.9883764,2.8321719,0.4358570
0.9054254,-0.9951981,2.8437052,0.4362229
0.8982553,-1.0020567,2.8552385,0.4366308
0.8911091,-1.0089518,2.8667718,0.4370806
0.8839874,-1.0158833,2.8783051,0.4375720
0.8768904,-1.0228511,2.8898384,0.4381045
0.8698186,-1.0298549,2.9013717,0.4386781
0.8627724,-1.0368947,2.9129050,0.4392923
0.8557521,-1.0439703,2.9244383,0.4399470
0.8487581,-1.0510814,2.9359716,0.4406419
0.8417908,-1.0582279,2.9475049,0.4413768
0.8348506,-1.0654098,2.9590382,0.4421514
0.8279379,-1.0726267,2.9705715,0.4429654
0.8210531,-1.0798785,2.9821048,0.4438187
0.8141965,-1.0871651,2.9936381,0.4447111
0.8073685,-1.0944862,3.0051714,0.4456422
0.8005696,-1.1018418,3.0167047,0.4466119
0.7938001,-1.1092317,3.0282380,0.4476200
0.7870603,-1.1166557,3.0397713,0.4486662
0.7803507,-1.1241135,3.0513046,0.4497504
0.7736717,-1.1316052,3.0628379,0.4508723
0.7670236,-1.1391304,3.0743712,0.4520318
0.7604068,-1.1466891,3.0859045,0.4532286
0.7538217,-1.1542811,3.0974378,0.4544625
0.7472687,-1.1619061,3.1089711,0.4557334
0.7407482,-1.1695641,3.1205043,0.4570410
0.7342606,-1.1772548,3.1320376,0.4583851
0.7278062,-1.1849781,3.1435709,0.4597656
0.7213854,-1.1927339,3.1551042,0.4611822
0.7149986,-1.2005220,3.1666375,0.4626347
0.7086462,-1.2083421,3.1781708,0.4641229
0.7023576,-1.2161580,3.1883855,0.4634641
0.6961609,-1.2239330,3.1959764,0.4584752
0.6899980,-1.2317384,3.2035673,0.4534882
0.6838684,-1.2395740,3.2111582,0.4485043
0.6777720,-1.2474392,3.2187491,0.4435247
0.6717085,-1.2553337,3.2263400,0.4385505
0.6656776,-1.2632571,3.2339309,0.4335828
0.6596791,-1.2712091,3.2415218,0.4286225
0.6537125,-1.2791892,3.2491127,0.4236705
0.6477778,-1.2871971,3.2567036,0.4187279
0.6418746,-1.2952324,3.2642945,0.4137955
0.6360025,-1.3032948,3.2718854,0.4088740
0.6301615,-1.3113837,3.2794763,0.4039643
0.6243510,-1.3194990,3.2870672,0.3990671
0.6185710,-1.3276401,3.2946581,0.3941831
0.6128211,-1.3358067,3.3022490,0.3893129
0.6071011,-1.3439984,3.3098399,0.3844572
0.6014105,-1.3522148,3.3174308,0.3796164
0.5957493,-1.3604556,3.3250217,0.3747912
0.5901171,-1.3687204,3.3326126,0.3699819
0.5845136,-1.3770088,3.3402035,0.3651891
0.5789386,-1.3853203,3.3477944,0.3604132
0.5733918,-1.3936547,3.3553853,0.3556544
0.5678728,-1.4020116,3.3629762,0.3509133
0.5623815,-1.4103905,3.3705671,0.3461900
0.5569175,-1.4187911,3.3781580,0.3414848
0.5514806,-1.4272130,3.3857489,0.3367980
0.5460705,-1.4356558,3.3933399,0.3321298
0.5406870,-1.4441192,3.4009308,0.3274803
0.5353296,-1.4526027,3.4085217,0.3228497
0.5299982,-1.4611060,3.4161126,0.3182381
0.5246926,-1.4696287,3.4237035,0.3136456
0.5194123,-1.4781705,3.4312944,0.3090722
0.5141572,-1.4867308,3.4388853,0.3045180
0.5089269,-1.4953094,3.4464762,0.2999830
0.5037456,-1.5038655,3.4562221,0.2946283
0.4986156,-1.5123933,3.4683970,0.2883358
0.4935089,-1.5209379,3.4805719,0.2820475
0.4884248,-1.5294989,3.4927468,0.2757640
0.4833630,-1.5380762,3.5049216,0.2694861
0.4783229,-1.5466693,3.5170965,0.2632143
0.4733040,-1.5552778,3.5292714,0.2569492
0.4683058,-1.5639015,3.5414463,0.2506914
0.4633278,-1.5725401,3.5536212,0.2444414
0.4583695,-1.5811931,3.5657961,0.2381995
0.4534305,-1.5898603,3.5779710,0.2319662
0.4485101,-1.5985412,3.5901459,0.2257418
0.4436080,-1.6072357,3.6023208,0.2195266
0.4387235,-1.6159433,3.6144957,0.2133209
0.4338563,-1.6246637,3.6266705,0.2071250
0.4290058,-1.6333966,3.6388454,0.2009391
0.4241714,-1.6421417,3.6510203,0.1947633
0.4193528,-1.6508985,3.6631952,0.1885977
0.4145494,-1.6596668,3.6753701,0.1824425
0.4097606,-1.6684463,3.6875450,0.1762977
0.4049861,-1.6772365,3.6997199,0.1701633
0.4002253,-1.6860372,3.7118948,0.1640394
0.3954777,-1.6948481,3.7240697,0.1579260
0.3907428,-1.7036687,3.7362446,0.1518229
0.3860200,-1.7124988,3.7484195,0.1457302
0.3813090,-1.7213380,3.7605943,0.1396477
0.3766092,-1.7301861,3.7727692,0.1335753
0.3719200,-1.7390425,3.7849441,0.1275129
0.3672411,-1.7479071,3.7971190,0.1214603
0.3625718,-1.7567795,3.8092939,0.1154174
0.3579118,-1.7656594,3.8214688,0.1093838
0.3532604,-1.7745463,3.8336437,0.1033595
0.3486172,-1.7834400,3.8458186,0.0973441
0.3439818,-1.7923402,3.8579935,0.0913375
0.3393535,-1.8012465,3.8701684,0.0853393
0.3347408,-1.8101414,3.8747617,0.0790008
0.3301604,-1.8189910,3.8570715,0.0716458
0.3255854,-1.8278457,3.8393813,0.0642983
0.3210152,-1.8367050,3.8216911,0.0569582
0.3164492,-1.8455687,3.8040009,0.0496255
0.3118867,-1.8544363,3.7863107,0.0423002
0.3073270,-1.8633076,3.7686206,0.0349821
0.3027695,-1.8721821,3.7509304,0.0276712
0.2982136,-1.8810596,3.7332402,0.0203674
0.2936587,-1.8899397,3.7155500,0.0130706
0.2891041,-1.8988221,3.6978598,0.0057807
0.2845491,-1.9077064,3.6801696,-0.0015024
0.2799932,-1.9165922,3.6624794,-0.0087787
0.2754356,-1.9254793,3.6447892,-0.0160485
0.2708758,-1.9343672,3.6270991,-0.0233118
0.2663132,-1.9432557,3.6094089,-0.0305687
0.2617469,-1.9521444,3.5917187,-0.0378193
0.2571765,-1.9610329,3.5740285,-0.0450636
0.2526014,-1.9699210,3.5563383,-0.0523018
0.2480207,-1.9788082,3.5386481,-0.0595339
0.2434340,-1.9876942,3.5209579,-0.0667600
0.2388405,-1.9965786,3.5032678,-0.0739800
0.2342397,-2.0054612,3.4855776,-0.0811941
0.2296309,-2.0143416,3.4678874,-0.0884022
0.2250134,-2.0232194,3.4501972,-0.0956043
0.2203867,-2.0320944,3.4325070,-0.1028004
0.2157500,-2.0409660,3.4148168,-0.1099904
0.2111028,-2.0498341,3.3971266,-0.1171742
0.2064444,-2.0586982,3.3794364,-0.1243517
0.2017741,-2.0675581,3.3617463,-0.1315228
0.1970914,-2.0764133,3.3440561,-0.1386873
0.1923955,-2.0852636,3.3263659,-0.1458450
0.1876859,-2.0941085,3.3086757,-0.1529958
0.1829619,-2.1029478,3.2909855,-0.1601392
0.1782228,-2.1117810,3.2732953,-0.1672751
0.1734681,-2.1206080,3.2556051,-0.1744031
0.1687261,-2.1293744,3.2383131,-0.1871515
0.1639758,-2.1381174,3.2211415,-0.2015930
0.1592071,-2.1468523,3.2039699,-0.2160240
0.1544188,-2.1555786,3.1867983,-0.2304441
0.1496096,-2.1642954,3.1696267,-0.2448528
0.1447783,-2.1730019,3.1524551,-0.2592493
0.1399237,-2.1816976,3.1352835,-0.2736325
0.1350446,-2.1903815,3.1181119,-0.2880014
0.1301396,-2.1990531,3.1009402,-0.3023543
0.1252076,-2.2077114,3.0837686,-0.3166896
0.1202473,-2.2163558,3.0665970,-0.3310052
0.1152575,-2.2249856,3.0494254,-0.3452988
0.1102370,-2.2336000,3.0322538,-0.3595678
0.1051844,-2.2421983,3.0150822,-0.3738093
0.1000987,-2.2507796,2.9979106,-0.3880200
0.0949785,-2.2593434,2.9807390,-0.4021963
0.0898226,-2.2678888,2.9635674,-0.4163344
0.0846298,-2.2764151,2.9463958,-0.4304298
0.0793988,-2.2849215,2.9292242,-0.4444781
0.0741284,-2.2934073,2.9120526,-0.4584742
0.0688174,-2.3018718,2.8948810,-0.4724126
0.0634646,-2.3103143,2.8777094,-0.4862877
0.0580686,-2.3187339,2.8605378,-0.5000934
0.0526283,-2.3271300,2.8433662,-0.5138230
0.0471424,-2.3355017,2.8261946,-0.5274696
0.0416096,-2.3438485,2.8090230,-0.5410259
0.0360289,-2.3521694,2.7918514,-0.5544842
0.0303988,-2.3604638,2.7746798,-0.5678365
0.0247183,-2.3687310,2.7575082,-0.5810741
0.0189859,-2.3769701,2.7403366,-0.5941882
0.0132006,-2.3851805,2.7231650,-0.6071697
0.0073611,-2.3933614,2.7059934,-0.6200087
0.0014660,-2.4015121,2.6888218,-0.6326955
-0.0044857,-2.4096318,2.6716502,-0.6452197
-0.0104953,-2.4177198,2.6544786,-0.6575707
-0.0165642,-2.4257753,2.6373070,-0.6697375
-0.0226020,-2.4336789,2.6147673,-0.6801562
-0.0286985,-2.4415482,2.5922141,-0.6907679
-0.0348540,-2.4493818,2.5696610,-0.7015788
-0.0410687,-2.4571780,2.5471078,-0.7125902
-0.0473430,-2.4649350,2.5245547,-0.7238033
-0.0536769,-2.4726512,2.5020015,-0.7352188
-0.0600707,-2.4803248,2.4794484,-0.7468372
-0.0665247,-2.4879540,2.4568952,-0.7586588
-0.0730389,-2.4955372,2.4343421,-0.7706832
-0.0796137,-2.5030726,2.4117889,-0.7829099
-0.0862492,-2.5105584,2.3892358,-0.7953377
-0.0929457,-2.5179930,2.3666827,-0.8079651
-0.0997034,-2.5253746,2.3441295,-0.8207901
-0.1065224,-2.5327014,2.3215764,-0.8338099
-0.1134030,-2.5399718,2.2990232,-0.8470216
-0.1203454,-2.5471840,2.2764701,-0.8604213
-0.1273498,-2.5543363,2.2539169,-0.8740044
-0.1344165,-2.5614270,2.2313638,-0.8877660
-0.1415455,-2.5684542,2.2088106,-0.9017001
-0.1487372,-2.5754164,2.1862575,-0.9158001
-0.1559918,-2.5823117,2.1637043,-0.9300585
-0.1633094,-2.5891384,2.1411512,-0.9444669
-0.1706903,-2.5958948,2.1185980,-0.9590163
-0.1781347,-2.6025792,2.0960449,-0.9736963
-0.1856428,-2.6091898,2.0734917,-0.9884959
-0.1932148,-2.6157249,2.0509386,-1.0034029
-0.2008509,-2.6221828,2.0283854,-1.0184040
-0.2085514,-2.6285617,2.0058323,-1.0334851
-0.2163164,-2.6348599,1.9832791,-1.0486305
-0.2241461,-2.6410757,1.9607260,-1.0638239
-0.2320408,-2.6472074,1.9381728,-1.0790473
-0.2400007,-2.6532531,1.9156197,-1.0942819
-0.2480260,-2.6592112,1.8930665,-1.1095076
-0.2561168,-2.6650800,1.8705134,-1.1247028
-0.2642735,-2.6708577,1.8479602,-1.1398451
-0.2724962,-2.6765426,1.8254071,-1.1549106
-0.2808027,-2.6821449,1.8257307,-1.1512289
-0.2891827,-2.6876570,1.8364251,-1.1392116
-0.2976264,-2.6930739,1.8471195,-1.1273657
-0.3061322,-2.6983958,1.8578138,-1.1157039
-0.3146982,-2.7036228,1.8685082,-1.1042380
-0.3233227,-2.7087553,1.8792025,-1.0929789
-0.3320040,-2.7137934,1.8898969,-1.0819368
-0.3407403,-2.7187374,1.9005912,-1.0711211
-0.3495298,-2.7235875,1.9112856,-1.0605408
-0.3583709,-2.7283439,1.9219800,-1.0502038
-0.3672617,-2.7330069,1.9326743,-1.0401177
-0.3762006,-2.7375767,1.9433687,-1.0302895
-0.3851857,-2.7420536,1.9540630,-1.0207257
-0.3942154,-2.7464377,1.9647574,-1.0114322
-0.4032878,-2.7507294,1.9754517,-1.0024147
-0.4124012,-2.7549288,1.9861461,-0.9936783
-0.4215540,-2.7590361,1.9968405,-0.9852278
-0.4307442,-2.7630517,2.0075348,-0.9770678
-0.4399702,-2.7669757,2.0182292,-0.9692025
-0.4492303,-2.7708083,2.0289235,-0.9616359
-0.4585226,-2.7745499,2.0396179,-0.9543718
-0.4678455,-2.7782006,2.0503122,-0.9474139
-0.4771971,-2.7817606,2.0610066,-0.9407657
-0.4865758,-2.7852303,2.0717010,-0.9344305
-0.4959798,-2.7886098,2.0823953,-0.9284118
-0.5054073,-2.7918993,2.0930897,-0.9227128
-0.5148566,-2.7950992,2.1037840,-0.9173368
-0.5243260,-2.7982095,2.1144784,-0.9122871
-0.5338136,-2.8012306,2.1251727,-0.9075672
-0.5433178,-2.8041627,2.1358671,-0.9031806
-0.5528368,-2.8070061,2.1465615,-0.8991306
-0.5623688,-2.8097609,2.1572558,-0.8954212
-0.5719121,-2.8124273,2.1679502,-0.8920562
-0.5814650,-2.8150057,2.1786445,-0.8890397
-0.5910256,-2.8174963,2.1893389,-0.8863759
-0.6005924,-2.8198992,2.2000332,-0.8840695
-0.6103867,-2.8222677,2.1938571,-0.8854070
-0.6204163,-2.8245975,2.1701625,-0.8903315
-0.6304483,-2.8268313,2.1464679,-0.8953724
-0.6404820,-2.8289688,2.1227733,-0.9005297
-0.6505164,-2.8310098,2.0990787,-0.9058040
-0.6605507,-2.8329542,2.0753841,-0.9111952
-0.6705841,-2.8348016,2.0516895,-0.9167035
-0.6806157,-2.8365520,2.0279949,-0.9223288
-0.6906446,-2.8382052,2.0043003,-0.9280710
-0.7006701,-2.8397608,1.9806057,-0.9339298
-0.7106912,-2.8412187,1.9569111,-0.9399049
-0.7207071,-2.8425788,1.9332165,-0.9459957
-0.7307169,-2.8438408,1.9095219,-0.9522017
-0.7407198,-2.8450045,1.8858273,-0.9585220
-0.7507150,-2.8460697,1.8621328,-0.9649557
-0.7607015,-2.8470362,1.8384382,-0.9715018
-0.7706786,-2.8479038,1.8147436,-0.9781589
-0.7806453,-2.8486723,1.7910490,-0.9849258
-0.7906009,-2.8493415,1.7673544,-0.9918007
-0.8005444,-2.8499112,1.7436598,-0.9987820
-0.8104751,-2.8503811,1.7199652,-1.0058676
-0.8203920,-2.8507512,1.6962706,-1.0130553
-0.8302943,-2.8510212,1.6725760,-1.0203429
-0.8401812,-2.8511908,1.6488814,-1.0277276
-0.8500518,-2.8512599,1.6251868,-1.0352066
-0.8599052,-2.8512284,1.6014922,-1.0427769
-0.8697406,-2.8510958,1.5777976,-1.0504351
-0.8795572,-2.8508622,1.5541030,-1.0581776
-0.8893540,-2.8505273,1.5304084,-1.0660006
-0.8991303,-2.8500908,1.5067138,-1.0738999
-0.9088852,-2.8495525,1.4830192,-1.0818712
-0.9186178,-2.8489124,1.4593246,-1.0899098
-0.9283273,-2.8481701,1.4356300,-1.0980106
-0.9380128,-2.8473255,1.4119354,-1.1061683
-0.9476735,-2.8463783,1.3882408,-1.1143774
-0.9579103,-2.8452595,1.4032746,-1.1068441
-0.9681575,-2.8440212,1.4209409,-1.0983648
-0.9783730,-2.8426691,1.4386072,-1.0900299
-0.9885552,-2.8412049,1.4562735,-1.0818537
-0.9987030,-2.8396303,1.4739397,-1.0738498
-1.0088149,-2.8379470,1.4916060,-1.0660314
-1.0188898,-2.8361566,1.5092723,-1.0584112
-1.0289261,-2.8342608,1.5269386,-1.0510013
-1.0389227,-2.8322612,1.5446049,-1.0438135
-1.0488782,-2.8301596,1.5622711,-1.0368593
-1.0587913,-2.8279575,1.5799374,-1.0301495
-1.0686607,-2.8256566,1.5976037,-1.0236951
-1.0784850,-2.8232587,1.6152700,-1.0175064
-1.0882629,-2.8207653,1.6329363,-1.0115937
-1.0979931,-2.8181781,1.6506025,-1.0059671
-1.1076743,-2.8154988,1.6682688,-1.0006366
-1.1173052,-2.8127290,1.6859351,-0.9956119
-1.1268844,-2.8098704,1.7036014,-0.9909030
-1.1364106,-2.8069247,1.7212677,-0.9865197
-1.1458825,-2.8038935,1.7389340,-0.9824718
-1.1552988,-2.8007785,1.7566002,-0.9787695
-1.1646582,-2.7975813,1.7742665,-0.9754228
-1.1739593,-2.7943037,1.7919328,-0.9724422
-1.1832008,-2.7909472,1.8095991,-0.9698383
-1.1923814,-2.7875136,1.8272654,-0.9676222
-1.2014997,-2.7840044,1.8449316,-0.9658050
-1.2105546,-2.7804214,1.8625979,-0.9643988
-1.2195445,-2.7767663,1.8802642,-0.9634156
-1.2284683,-2.7730406,1.8979305,-0.9628685
-1.2373245,-2.7692460,1.9155968,-0.9627709
-1.2461120,-2.7653843,1.9332630,-0.9631370
-1.2548292,-2.7614570,1.9509293,-0.9639817
-1.2640906,-2.7571780,1.9515410,-0.9604558
-1.2737763,-2.7525844,1.9379694,-0.9529226
-1.2833696,-2.7479143,1.9243978,-0.9453036
-1.2928705,-2.7431703,1.9108261,-0.9376117
-1.3022788,-2.7383552,1.8972545,-0.9298593
-1.3115944,-2.7334716,1.8836829,-0.9220585
-1.3208173,-2.7285224,1.8701113,-0.9142204
-1.3299473,-2.7235101,1.8565396,-0.9063559
-1.3389844,-2.7184376,1.8429680,-0.8984752
-1.3479284,-2.7133075,1.8293964,-0.8905880
-1.3567792,-2.7081225,1.8158248,-0.8827033
-1.3655368,-2.7028854,1.8022531,-0.8748296
-1.3742010,-2.6975988,1.7886815,-0.8669749
-1.3827717,-2.6922655,1.7751099,-0.8591465
-1.3912488,-2.6868881,1.7615383,-0.8513513
-1.3996323,-2.6814694,1.7479667,-0.8435953
-1.4079219,-2.6760121,1.7343950,-0.8358844
-1.4161177,-2.6705189,1.7208234,-0.8282237
-1.4242195,-2.6649926,1.7072518,-0.8206175
-1.4322272,-2.6594357,1.6936802,-0.8130700
-1.4401407,-2.6538511,1.6801085,-0.8055845
-1.4479599,-2.6482414,1.6665369,-0.7981639
-1.4556847,-2.6426093,1.6529653,-0.7908104
-1.4633150,-2.6369576,1.6393937,-0.7835258
-1.4708507,-2.6312890,1.6258221,-0.7763112
-1.4782917,-2.6256061,1.6122504,-0.7691670
-1.4856379,-2.6199118,1.5986788,-0.7620931
-1.4928892,-2.6142086,1.5851072,-0.7550888
-1.5000455,-2.6084993,1.5715356,-0.7481526
-1.5083648,-2.6017604,1.5702739,-0.7432442
-1.5166822,-2.5949124,1.5702739,-0.7372212
-1.5248710,-2.5880609,1.5702739,-0.7297833
-1.5329355,-2.5812064,1.5702739,-0.7209022
-1.5408799,-2.5743494,1.5702739,-0.7105541
-1.5487082,-2.5674904,1.5702739,-0.6987202
-1.5564247,-2.5606300,1.5702739,-0.6853866
-1.5640336,-2.5537686,1.5702739,-0.6705446
-1.5715391,-2.5469068,1.5702739,-0.6541911
-1.5789453,-2.5400451,1.5702739,-0.6363279
-1.5862564,-2.5331840,1.5702739,-0.6169628
-1.5934765,-2.5263240,1.5702739,-0.5961084
-1.6006100,-2.5194656,1.5702739,-0.5737834
-1.6076609,-2.5126094,1.5702739,-0.5500113
-1.6146335,-2.5057558,1.5702739,-0.5248213
-1.6215319,-2.4989055,1.5702739,-0.4982476
-1.6283602,-2.4920588,1.5702739,-0.4703295
-1.6351228,-2.4852163,1.5702739,-0.4411112
-1.6418237,-2.4783785,1.5702739,-0.4106420
-1.6484672,-2.4715460,1.5702739,-0.3789754
-1.6550573,-2.4647192,1.5702739,-0.3461697
-1.6615984,-2.4578987,1.5702739,-0.3122873
-1.6680946,-2.4510850,1.5702739,-0.2773948
-1.6745500,-2.4442785,1.8162505,-0.2415625
